event_id,event_date,year,month,day_of_week,is_weekend,wet_season,storm_signal,barangay,nearest_waterway,elevation_m,distance_to_waterway_m,drainage_index,impervious_surface_ratio,population_density_per_km2,historical_flood_count_5y,rainfall_24h_mm,rainfall_3d_mm,rainfall_7d_mm,temperature_c,humidity_pct,wind_speed_kph,tide_level_m,flood_depth_mm,duration_hours,risk_level
FLD-000001,2023-05-04,2023,5,Thursday,0,1,0,Wack-Wack Greenhills East,Drainage,27.4,1216.5,0.854,0.633,18262,3,21.9,62.3,97.8,26.8,80.7,4.3,0.84,22.7,2.1,Low
FLD-000002,2023-11-30,2023,11,Thursday,0,1,0,Barangka Drive,Pasig River,9.1,187.0,0.543,0.871,35773,14,4.5,34.8,163.2,30.8,66.9,15.2,0.99,151.3,8.0,Medium
FLD-000003,2024-04-19,2024,4,Friday,0,0,0,Poblacion,Buhangin Creek,5.9,103.9,0.408,0.839,43625,23,22.3,71.0,119.3,32.6,66.1,11.4,1.07,124.9,4.7,Medium
FLD-000004,2024-12-05,2024,12,Thursday,0,0,0,Pleasant Hills,Ermitaño Creek,25.6,1018.3,0.699,0.721,25619,5,9.8,26.6,134.7,31.0,72.1,4.5,1.1,3.3,0.5,Low
FLD-000005,2024-09-17,2024,9,Tuesday,0,1,0,Hulo,Pasig River,6.3,59.9,0.452,0.887,34509,18,21.6,250.4,320.3,30.1,66.1,8.3,1.39,127.9,12.3,High
FLD-000006,2026-03-16,2026,3,Monday,0,0,0,Mabini-J. Rizal,Maytunas Creek,15.0,418.1,0.592,0.748,29126,17,4.2,18.5,43.9,32.0,72.2,8.4,0.26,95.5,2.2,Low
FLD-000007,2023-04-21,2023,4,Friday,0,0,0,Plainview,Estero,19.1,537.8,0.613,0.732,29777,16,5.8,188.7,260.6,31.9,68.5,2.2,0.99,81.2,8.6,Medium
FLD-000008,2022-04-01,2022,4,Friday,0,0,0,Vergara,Drainage,23.7,814.3,0.737,0.647,26670,8,12.8,33.4,132.1,32.8,58.8,11.5,1.43,40.2,2.4,Low
FLD-000009,2025-03-08,2025,3,Saturday,1,0,0,Wack-Wack Greenhills East,Drainage,28.9,1223.3,0.781,0.637,17279,7,30.9,49.9,90.4,29.4,73.2,31.7,1.17,1.5,2.0,Low
FLD-000010,2023-02-17,2023,2,Friday,0,0,0,Plainview,Estero,18.9,491.5,0.666,0.708,32507,15,34.2,75.0,122.3,30.9,57.6,12.8,1.26,44.2,2.7,Medium
FLD-000011,2024-05-24,2024,5,Friday,0,1,1,Barangka Ilaya,Pasig River,7.7,146.1,0.467,0.854,35759,21,144.0,187.6,225.1,24.7,94.8,14.7,1.5,328.1,13.9,High
FLD-000012,2021-10-14,2021,10,Thursday,0,1,1,Barangka Ilaya,Pasig River,8.4,145.1,0.542,0.851,34469,17,55.8,104.4,226.0,27.2,84.8,8.0,1.43,78.0,8.4,High
FLD-000013,2021-08-06,2021,8,Friday,0,1,0,Daang Bakal,Maytunas Creek,12.7,359.0,0.601,0.801,31795,21,21.3,47.1,119.7,31.0,70.5,8.4,1.65,83.8,4.1,Low
FLD-000014,2024-06-15,2024,6,Saturday,1,1,0,Pleasant Hills,Ermitaño Creek,25.2,988.6,0.723,0.677,28499,8,28.8,39.7,275.9,26.0,78.0,0.0,0.86,4.6,1.5,Low
FLD-000015,2025-04-15,2025,4,Tuesday,0,0,0,Plainview,Estero,17.3,517.0,0.671,0.772,26381,15,37.8,82.8,96.1,32.8,59.9,1.6,1.38,144.8,6.0,Medium
FLD-000016,2025-11-03,2025,11,Monday,0,1,0,Barangka Ibaba,Pasig River,7.1,61.3,0.431,0.868,42992,20,2.7,48.7,158.9,31.2,75.1,10.3,0.49,148.2,9.6,High
FLD-000017,2024-11-20,2024,11,Wednesday,0,1,1,Barangka Ibaba,Pasig River,7.6,110.2,0.418,0.862,42999,22,17.9,21.7,89.6,29.3,81.1,37.9,1.01,68.8,4.6,Medium
FLD-000018,2025-08-29,2025,8,Friday,0,1,1,Plainview,Estero,18.2,478.3,0.681,0.717,28786,13,75.8,121.4,156.6,28.4,79.0,21.4,1.37,120.2,7.8,Medium
FLD-000019,2023-05-20,2023,5,Saturday,1,1,1,Pag-Asa,Drainage,21.3,699.6,0.638,0.755,25141,10,78.8,140.1,221.9,29.3,78.5,20.4,1.18,139.4,9.3,High
FLD-000020,2024-10-01,2024,10,Tuesday,0,1,0,Highway Hills,Maytunas Creek,30.5,933.0,0.772,0.812,46067,9,22.9,126.7,362.1,33.0,83.6,12.5,1.61,172.5,7.4,Medium
FLD-000021,2022-10-11,2022,10,Tuesday,0,1,0,Barangka Ibaba,Pasig River,5.3,86.6,0.453,0.869,38043,22,0.7,29.2,95.6,33.5,78.9,22.2,1.32,97.5,3.9,Medium
FLD-000022,2024-07-26,2024,7,Friday,0,1,2,Namayan,Pasig River,7.7,167.0,0.564,0.856,32346,14,256.4,329.5,484.9,25.0,100,28.9,1.09,508.1,20.1,High
FLD-000023,2022-02-03,2022,2,Thursday,0,0,0,Barangka Ilaya,Pasig River,7.8,154.9,0.454,0.851,32691,15,21.1,129.5,324.8,31.6,58.6,7.9,1.16,188.7,8.6,Medium
FLD-000024,2023-06-11,2023,6,Sunday,1,1,0,Bagong Silang,Drainage,18.4,587.1,0.629,0.764,27759,16,59.7,131.8,235.7,28.9,77.4,6.3,1.22,135.2,4.2,High
FLD-000025,2023-10-27,2023,10,Friday,0,1,0,Poblacion,Buhangin Creek,6.6,114.3,0.435,0.826,40116,23,6.6,68.0,83.2,29.6,79.6,14.0,1.62,150.2,6.9,Medium
FLD-000026,2023-02-07,2023,2,Tuesday,0,0,0,Hagdan Bato Itaas,Drainage,20.9,763.9,0.712,0.716,28068,6,7.2,51.5,249.2,30.0,77.5,3.1,0.96,2.9,1.9,Low
FLD-000027,2023-09-01,2023,9,Friday,0,1,0,Old Zañiga,Buhangin Creek,5.6,141.7,0.511,0.773,36702,18,5.3,84.1,195.0,27.8,71.4,11.8,1.55,23.9,6.0,Low
FLD-000028,2023-12-27,2023,12,Wednesday,0,0,3,Addition Hills,Maytunas Creek,24.4,1030.0,0.688,0.726,48633,12,139.7,176.6,228.6,29.8,77.6,25.8,1.72,297.1,11.6,High
FLD-000029,2023-01-02,2023,1,Monday,0,0,0,Plainview,Estero,16.8,513.2,0.702,0.722,32615,13,28.9,48.2,205.2,31.5,60.1,2.6,1.03,69.5,6.0,Medium
FLD-000030,2024-12-06,2024,12,Friday,0,0,2,Mabini-J. Rizal,Maytunas Creek,14.2,441.2,0.551,0.767,32268,16,133.3,174.3,279.6,28.7,83.3,22.2,1.46,322.5,13.5,High
FLD-000031,2021-10-16,2021,10,Saturday,1,1,0,Addition Hills,Maytunas Creek,25.4,1021.5,0.68,0.712,46965,10,5.6,29.7,109.0,31.0,82.4,11.1,1.89,0.4,3.0,Low
FLD-000032,2024-07-18,2024,7,Thursday,0,1,0,Namayan,Pasig River,8.0,142.5,0.507,0.815,36007,14,37.0,71.3,129.7,30.4,76.0,0,1.06,80.1,7.8,Medium
FLD-000033,2025-07-06,2025,7,Sunday,1,1,1,Old Zañiga,Buhangin Creek,7.2,147.1,0.489,0.819,30230,20,60.2,167.8,255.4,28.5,87.8,6.6,1.06,180.2,8.8,High
FLD-000034,2023-08-21,2023,8,Monday,0,1,0,Plainview,Estero,17.5,481.6,0.657,0.713,28854,14,2.7,128.3,218.3,28.7,84.6,10.1,1.44,80.7,8.3,Low
FLD-000035,2022-02-17,2022,2,Thursday,0,0,3,Daang Bakal,Maytunas Creek,11.4,350.7,0.62,0.812,31499,16,91.8,122.9,226.7,31.0,81.7,39.8,1.5,374.6,12.2,High
FLD-000036,2022-01-01,2022,1,Saturday,1,0,2,Malamig,Tributary,20.2,625.1,0.639,0.725,28314,12,151.2,219.9,279.2,27.3,78.8,20.4,1.39,286.1,15.0,High
FLD-000037,2024-12-26,2024,12,Thursday,0,0,0,Barangka Ibaba,Pasig River,7.4,70.2,0.453,0.93,40804,23,0.6,45.0,248.0,30.5,65.6,11.4,0.7,82.4,7.4,Medium
FLD-000038,2025-02-15,2025,2,Saturday,1,0,0,Mauway,Maytunas Creek,22.7,849.4,0.69,0.802,38112,9,34.0,106.7,186.9,31.3,81.8,9.8,0.86,116.9,7.9,High
FLD-000039,2024-07-14,2024,7,Sunday,1,1,0,New Zañiga,Buhangin Creek,7.4,166.7,0.53,0.773,34311,21,1.1,43.8,148.6,30.7,69.0,6.6,1.68,92.5,7.4,Medium
FLD-000040,2024-07-14,2024,7,Sunday,1,1,0,New Zañiga,Buhangin Creek,7.2,118.7,0.557,0.783,41396,17,32.3,94.6,153.6,28.4,84.1,10.7,1.36,11.4,5.5,Low
FLD-000041,2025-05-25,2025,5,Sunday,1,1,0,Barangka Ibaba,Pasig River,7.8,117.8,0.469,0.891,38606,17,7.6,166.1,254.8,28.3,76.0,4.1,1.28,98.1,7.5,High
FLD-000042,2023-12-02,2023,12,Saturday,1,0,0,Addition Hills,Maytunas Creek,25.2,1020.5,0.671,0.706,48816,11,2.0,26.5,97.5,32.4,72.3,10.5,1.39,87.5,0.9,Low
FLD-000043,2022-01-15,2022,1,Saturday,1,0,1,Wack-Wack Greenhills East,Drainage,28.3,1254.4,0.772,0.606,19146,7,31.5,73.2,122.1,31.7,68.9,16.6,1.02,66.4,6.5,Medium
FLD-000044,2024-07-17,2024,7,Wednesday,0,1,2,New Zañiga,Buhangin Creek,7.2,198.4,0.553,0.78,35340,20,100.3,131.8,349.8,28.6,84.2,36.9,1.61,345.3,13.9,High
FLD-000045,2023-01-07,2023,1,Saturday,1,0,1,Harapin ang Bukas,Drainage,17.7,559.4,0.617,0.743,21748,20,15.2,60.8,181.9,31.2,64.1,13.5,1.27,125.3,4.5,Medium
FLD-000046,2022-03-10,2022,3,Thursday,0,0,0,Barangka Ilaya,Pasig River,8.3,100.7,0.485,0.851,38051,21,2.9,67.8,127.1,31.2,69.9,17.1,0.88,144.9,5.2,Low
FLD-000047,2021-10-07,2021,10,Thursday,0,1,0,Daang Bakal,Maytunas Creek,10.9,354.8,0.553,0.755,31337,25,0.6,60.8,126.7,31.3,75.9,15.3,1.66,48.6,5.3,Medium
FLD-000048,2023-04-21,2023,4,Friday,0,0,0,Malamig,Tributary,19.0,546.2,0.69,0.707,31394,15,30.0,53.0,161.6,33.6,54.3,7.0,1.01,120.9,3.2,Medium
FLD-000049,2023-01-08,2023,1,Sunday,1,0,0,Wack-Wack Greenhills East,Drainage,28.8,1175.2,0.785,0.619,21823,6,6.1,36.7,63.1,33.9,65.4,2.6,0.76,0,2.3,Low
FLD-000050,2021-10-28,2021,10,Thursday,0,1,2,Bagong Silang,Drainage,17.7,595.2,0.654,0.69,27835,18,184.6,222.7,368.4,22.6,99.7,28.9,1.17,375.5,15.0,High
FLD-000051,2021-04-22,2021,4,Thursday,0,0,0,Mauway,Maytunas Creek,23.3,850.1,0.649,0.737,41090,10,49.1,74.4,90.3,29.9,67.6,19.1,0.72,0.6,4.6,Low
FLD-000052,2021-09-28,2021,9,Tuesday,0,1,0,Bagong Silang,Drainage,17.2,603.6,0.621,0.689,21814,13,3.1,42.3,396.7,29.9,70.9,34.6,1.06,107.3,6.2,Medium
FLD-000053,2022-11-24,2022,11,Thursday,0,1,2,Hagdan Bato Itaas,Drainage,22.6,718.2,0.66,0.719,28291,11,140.9,295.2,395.6,28.2,96.1,17.2,1.38,294.8,16.2,High
FLD-000054,2021-12-06,2021,12,Monday,0,0,1,Malamig,Tributary,20.0,637.5,0.647,0.667,31063,13,26.8,47.3,128.3,30.1,66.3,26.8,0.62,109.0,3.0,Medium
FLD-000055,2025-01-15,2025,1,Wednesday,0,0,0,Pag-Asa,Drainage,20.0,637.2,0.66,0.765,25173,11,8.0,23.3,85.5,31.4,59.2,15.0,1.03,1.8,4.2,Low
FLD-000056,2022-06-30,2022,6,Thursday,0,1,2,Barangka Ibaba,Pasig River,6.5,78.6,0.424,0.85,41006,23,159.3,259.2,418.5,24.4,83.9,35.6,1.06,539.3,23.1,High
FLD-000057,2024-08-25,2024,8,Sunday,1,1,0,Barangka Ilaya,Pasig River,8.1,133.1,0.482,0.834,34327,20,43.0,67.7,108.1,27.1,74.4,19.4,1.23,162.3,6.9,High
FLD-000058,2021-08-27,2021,8,Friday,0,1,0,Wack-Wack Greenhills East,Drainage,27.1,1190.6,0.816,0.624,20531,3,0.4,41.9,159.4,30.2,73.6,6.5,1.06,3.4,1.3,Low
FLD-000059,2024-04-12,2024,4,Friday,0,0,0,Pleasant Hills,Ermitaño Creek,24.5,940.4,0.681,0.712,26918,4,50.4,84.4,168.2,31.6,70.1,3.7,0.72,41.3,4.9,High
FLD-000060,2022-06-11,2022,6,Saturday,1,1,1,Namayan,Pasig River,7.5,139.2,0.499,0.786,32722,21,57.9,113.5,198.9,29.0,70.9,12.8,0.57,252.7,10.2,High
FLD-000061,2021-10-02,2021,10,Saturday,1,1,2,Barangka Itaas,Pasig River,10.3,275.9,0.494,0.798,32428,20,134.7,165.2,298.6,23.6,93.8,18.5,1.4,313.4,13.5,High
FLD-000062,2025-04-14,2025,4,Monday,0,0,0,Wack-Wack Greenhills East,Drainage,27.8,1186.8,0.814,0.624,21868,6,13.3,37.0,117.5,32.6,71.9,17.4,0.69,0.0,0.5,Low
FLD-000063,2022-03-29,2022,3,Tuesday,0,0,0,Mabini-J. Rizal,Maytunas Creek,15.9,445.6,0.569,0.781,31432,20,19.5,61.3,98.7,32.2,73.3,12.9,0.94,0.3,4.1,Low
FLD-000064,2021-01-07,2021,1,Thursday,0,0,0,Hulo,Pasig River,7.0,128.8,0.431,0.861,39264,18,23.3,37.9,133.4,31.8,62.2,2.9,1.26,5.2,1.4,Low
FLD-000065,2025-04-05,2025,4,Saturday,1,0,1,Burol,Drainage,20.1,730.2,0.632,0.682,22010,13,52.7,63.8,194.1,31.2,65.0,16.6,1.12,131.2,6.4,Medium
FLD-000066,2022-08-05,2022,8,Friday,0,1,0,Addition Hills,Maytunas Creek,25.9,1008.1,0.714,0.757,49585,10,37.9,171.3,275.4,30.0,84.2,13.9,1.1,81.2,6.1,Medium
FLD-000067,2023-02-13,2023,2,Monday,0,0,0,Plainview,Estero,17.5,489.2,0.558,0.713,28149,17,35.0,67.4,130.6,31.3,67.1,16.8,1.42,10.6,8.7,Low
FLD-000068,2023-06-28,2023,6,Wednesday,0,1,1,Plainview,Estero,17.4,522.9,0.601,0.677,28447,12,21.7,96.6,176.1,27.5,77.2,12.2,1.24,158.6,6.1,Medium
FLD-000069,2025-10-21,2025,10,Tuesday,0,1,2,New Zañiga,Buhangin Creek,6.6,92.7,0.475,0.752,35069,22,105.1,160.0,290.9,30.0,81.8,25.7,1.01,292.8,12.7,High
FLD-000070,2022-12-11,2022,12,Sunday,1,0,2,Mauway,Maytunas Creek,23.8,923.2,0.674,0.69,38878,9,28.2,37.8,157.4,32.8,55.4,29.4,0.95,134.5,7.7,Medium
FLD-000071,2021-12-17,2021,12,Friday,0,0,1,Daang Bakal,Maytunas Creek,12.4,326.0,0.608,0.771,32862,14,56.6,150.6,286.4,30.8,50.1,21.7,1.13,182.9,8.7,High
FLD-000072,2023-09-11,2023,9,Monday,0,1,0,Barangka Ilaya,Pasig River,8.2,133.2,0.439,0.841,37516,24,77.5,84.2,189.6,26.3,79.5,5.4,1.79,154.2,8.0,High
FLD-000073,2022-02-15,2022,2,Tuesday,0,0,1,Wack-Wack Greenhills East,Drainage,27.6,1247.9,0.715,0.685,20244,8,95.6,170.5,296.0,28.6,85.9,11.8,0.84,135.6,12.3,Medium
FLD-000074,2022-06-16,2022,6,Thursday,0,1,0,Hagdan Bato Libis,Drainage,15.6,499.1,0.546,0.723,34584,12,6.2,68.8,177.5,32.9,72.0,4.3,1.12,102.2,8.6,Medium
FLD-000075,2021-12-06,2021,12,Monday,0,0,0,Harapin ang Bukas,Drainage,16.2,532.4,0.591,0.767,25713,15,5.8,45.5,137.7,32.7,73.4,4.6,0.56,67.6,6.6,Low
FLD-000076,2025-02-07,2025,2,Friday,0,0,0,Hagdan Bato Itaas,Drainage,22.1,743.6,0.723,0.767,28956,16,30.4,182.7,231.7,32.1,72.7,2.8,1.27,96.2,4.6,Medium
FLD-000077,2026-04-15,2026,4,Wednesday,0,0,2,Namayan,Pasig River,8.6,142.2,0.531,0.844,30031,19,64.2,86.8,343.4,33.2,74.5,26.3,1.5,217.0,8.9,High
FLD-000078,2024-12-23,2024,12,Monday,0,0,0,Burol,Drainage,21.7,730.5,0.617,0.685,21511,13,4.5,108.3,169.8,31.2,67.8,12.1,1.19,0.0,2.3,Low
FLD-000079,2022-02-02,2022,2,Wednesday,0,0,0,Poblacion,Buhangin Creek,6.7,75.1,0.444,0.848,44329,18,1.8,33.7,167.9,34.2,61.6,4.9,1.37,169.8,4.4,Medium
FLD-000080,2025-07-07,2025,7,Monday,0,1,0,Barangka Ilaya,Pasig River,9.0,151.5,0.442,0.856,34998,21,45.0,133.9,236.4,29.7,79.9,1.7,1.18,109.4,6.3,High
FLD-000081,2022-06-24,2022,6,Friday,0,1,0,Highway Hills,Maytunas Creek,28.8,889.7,0.777,0.804,43618,4,82.0,136.4,254.3,27.9,89.3,34.1,1.59,195.5,7.3,Medium
FLD-000082,2024-03-09,2024,3,Saturday,1,0,0,Daang Bakal,Maytunas Creek,12.2,304.2,0.604,0.832,31118,16,3.8,43.7,135.3,32.7,70.3,6.1,1.23,77.5,0.5,Low
FLD-000083,2023-02-01,2023,2,Wednesday,0,0,1,Barangka Drive,Pasig River,10.3,177.9,0.476,0.823,35370,25,62.1,138.8,203.2,29.3,75.3,20.5,0.88,177.5,10.9,High
FLD-000084,2025-09-02,2025,9,Tuesday,0,1,0,Buayang Bato,Buayang Bato Creek,13.3,337.9,0.548,0.789,32367,13,7.5,166.6,327.8,29.3,73.7,10.1,1.41,171.8,6.9,Medium
FLD-000085,2026-06-15,2026,6,Monday,0,1,0,Pag-Asa,Drainage,18.9,655.5,0.649,0.727,25168,10,0.4,38.3,167.9,30.5,74.0,0,1.02,1.8,4.2,Low
FLD-000086,2022-06-30,2022,6,Thursday,0,1,0,San Jose,Drainage,22.1,699.6,0.686,0.665,26286,8,0.8,73.4,167.5,29.1,73.6,5.1,0.93,0.0,4.5,Low
FLD-000087,2023-12-24,2023,12,Sunday,1,0,0,Bagong Silang,Drainage,18.4,641.2,0.591,0.689,24454,19,36.1,102.5,280.3,32.1,76.4,6.7,0.76,189.2,12.8,High
FLD-000088,2022-07-11,2022,7,Monday,0,1,1,Malamig,Tributary,20.4,593.8,0.748,0.633,30448,13,50.9,136.2,182.1,26.4,69.2,21.1,1.31,167.0,5.9,Medium
FLD-000089,2022-02-09,2022,2,Wednesday,0,0,0,Burol,Drainage,22.1,707.7,0.687,0.67,22037,11,29.0,61.5,132.6,31.6,68.3,10.2,0.73,3.1,3.8,Low
FLD-000090,2023-02-05,2023,2,Sunday,1,0,1,Burol,Drainage,20.9,699.1,0.699,0.65,25620,12,68.7,151.4,192.5,31.8,67.8,16.9,1.35,170.7,8.9,Medium
FLD-000091,2025-04-11,2025,4,Friday,0,0,0,Pag-Asa,Drainage,21.0,607.6,0.579,0.692,24226,14,2.6,19.7,137.9,33.3,75.9,1.4,0.99,8.5,6.4,Low
FLD-000092,2026-05-12,2026,5,Tuesday,0,1,0,Burol,Drainage,20.7,671.0,0.618,0.683,23792,10,0.4,188.7,467.2,29.3,75.1,5.0,1.22,4.5,8.6,Low
FLD-000093,2025-10-20,2025,10,Monday,0,1,0,Old Zañiga,Buhangin Creek,6.9,171.9,0.598,0.773,36272,18,63.3,127.2,505.7,28.4,88.2,5.8,1.76,235.7,9.6,High
FLD-000094,2022-11-21,2022,11,Monday,0,1,0,Highway Hills,Maytunas Creek,28.6,874.3,0.77,0.814,48307,6,16.8,38.2,126.7,27.6,73.7,7.8,1.34,4.5,5.2,Low
FLD-000095,2023-03-23,2023,3,Thursday,0,0,0,Wack-Wack Greenhills East,Drainage,28.3,1230.1,0.834,0.638,15349,9,59.9,106.2,200.0,29.8,68.7,20.7,0.79,78.4,6.4,Low
FLD-000096,2022-07-22,2022,7,Friday,0,1,1,Barangka Drive,Pasig River,9.7,215.8,0.457,0.838,35615,22,101.1,171.0,250.0,29.5,86.3,18.6,1.43,200.0,9.3,High
FLD-000097,2024-03-08,2024,3,Friday,0,0,0,Wack-Wack Greenhills East,Drainage,28.6,1168.0,0.79,0.679,17589,4,38.6,82.4,127.5,29.8,59.1,8.9,0.98,3.8,3.8,Low
FLD-000098,2021-10-15,2021,10,Friday,0,1,3,Pleasant Hills,Ermitaño Creek,25.5,986.8,0.701,0.677,28432,10,124.9,183.4,391.7,28.5,85.2,24.3,1.22,340.7,13.9,High
FLD-000099,2025-12-12,2025,12,Friday,0,0,0,San Jose,Drainage,22.1,695.5,0.654,0.62,27649,10,2.8,22.3,58.5,31.3,58.5,10.8,0.87,72.4,0.5,Low
FLD-000100,2026-06-01,2026,6,Monday,0,1,1,Namayan,Pasig River,8.0,139.0,0.461,0.784,29027,18,164.7,307.5,455.5,24.4,79.1,5.6,1.14,330.8,15.1,High
FLD-000101,2021-07-23,2021,7,Friday,0,1,0,Harapin ang Bukas,Drainage,17.9,590.7,0.5,0.737,24717,12,4.6,63.0,99.2,32.9,74.9,11.1,1.52,108.9,5.6,Low
FLD-000102,2022-07-07,2022,7,Thursday,0,1,1,Burol,Drainage,20.9,700.0,0.657,0.652,16931,12,49.0,105.5,228.0,29.8,82.7,12.3,0.81,1.9,6.2,Low
FLD-000103,2021-08-20,2021,8,Friday,0,1,0,Poblacion,Buhangin Creek,6.0,80.2,0.442,0.872,43709,17,4.0,147.6,175.3,28.9,75.5,0.5,1.32,136.4,10.0,High
FLD-000104,2025-01-10,2025,1,Friday,0,0,1,Daang Bakal,Maytunas Creek,11.6,354.4,0.562,0.757,32224,16,97.5,165.8,263.4,31.1,72.4,23.1,0.81,301.0,14.1,High
FLD-000105,2026-03-05,2026,3,Thursday,0,0,0,Burol,Drainage,20.7,737.9,0.645,0.689,21895,17,13.3,49.3,92.5,31.4,63.3,16.7,0.77,29.9,3.0,Low
FLD-000106,2023-09-23,2023,9,Saturday,1,1,0,Addition Hills,Maytunas Creek,25.7,1034.3,0.655,0.743,48603,18,47.6,117.8,257.1,28.4,72.0,4.0,1.12,88.3,7.2,High
FLD-000107,2021-04-13,2021,4,Tuesday,0,0,0,Mabini-J. Rizal,Maytunas Creek,14.8,429.9,0.588,0.788,32282,14,0.9,21.7,100.8,31.7,65.3,18.6,1.1,11.5,2.5,Low
FLD-000108,2025-03-14,2025,3,Friday,0,0,0,Barangka Drive,Pasig River,9.0,217.7,0.603,0.824,29639,17,11.7,106.4,182.7,33.2,74.6,13.8,1.46,149.1,6.4,Medium
FLD-000109,2025-08-17,2025,8,Sunday,1,1,0,Pleasant Hills,Ermitaño Creek,24.7,961.4,0.694,0.676,27069,7,1.2,107.6,148.1,31.9,76.0,13.4,1.48,11.2,7.6,Low
FLD-000110,2021-10-04,2021,10,Monday,0,1,0,Wack-Wack Greenhills East,Drainage,29.2,1224.8,0.86,0.606,17025,13,3.2,35.8,61.8,29.6,67.2,8.2,1.07,33.3,2.8,Low
FLD-000111,2025-05-10,2025,5,Saturday,1,1,2,New Zañiga,Buhangin Creek,6.9,147.6,0.529,0.794,33210,16,47.2,201.1,273.9,28.4,81.2,32.2,1.25,235.4,13.2,High
FLD-000112,2022-01-17,2022,1,Monday,0,0,0,Hagdan Bato Libis,Drainage,16.4,499.6,0.616,0.78,29113,18,0.9,18.7,92.4,30.4,66.6,3.8,0.57,48.4,3.4,Low
FLD-000113,2026-05-25,2026,5,Monday,0,1,0,Mauway,Maytunas Creek,22.8,852.8,0.692,0.747,38282,12,33.6,70.6,237.6,29.0,77.5,4.0,1.6,1.3,3.5,Low
FLD-000114,2022-08-20,2022,8,Saturday,1,1,0,Bagong Silang,Drainage,17.5,600.0,0.551,0.728,24059,18,0.7,70.1,319.8,31.4,82.2,12.1,0.78,67.3,8.4,Low
FLD-000115,2026-03-04,2026,3,Wednesday,0,0,0,San Jose,Drainage,22.5,711.9,0.703,0.671,29332,10,6.2,108.1,300.0,33.2,72.0,17.6,1.0,80.2,5.1,Medium
FLD-000116,2023-06-15,2023,6,Thursday,0,1,1,Highway Hills,Maytunas Creek,31.0,913.2,0.771,0.743,41901,7,80.8,296.8,411.9,27.2,82.4,18.5,1.09,181.8,13.6,High
FLD-000117,2021-03-19,2021,3,Friday,0,0,0,Wack-Wack Greenhills East,Drainage,26.7,1197.0,0.861,0.617,20014,7,44.5,119.1,140.3,32.5,68.4,3.9,1.09,14.0,9.8,Low
FLD-000118,2024-08-10,2024,8,Saturday,1,1,0,Highway Hills,Maytunas Creek,29.5,835.7,0.782,0.819,41149,3,54.4,156.9,248.9,26.8,79.5,6.9,0.85,0,5.6,Low
FLD-000119,2026-06-17,2026,6,Wednesday,0,1,0,Daang Bakal,Maytunas Creek,12.5,333.0,0.519,0.78,29955,18,0.4,9.3,90.4,30.5,62.0,15.6,1.09,13.9,3.7,Low
FLD-000120,2026-02-07,2026,2,Saturday,1,0,0,Highway Hills,Maytunas Creek,30.8,941.7,0.687,0.753,42457,10,7.2,70.5,384.3,31.6,63.0,5.0,1.3,2.9,7.3,Low
FLD-000121,2025-08-12,2025,8,Tuesday,0,1,2,Hagdan Bato Itaas,Drainage,21.5,725.9,0.705,0.694,27521,12,125.5,147.8,334.1,26.7,76.4,17.2,0.64,285.9,13.4,High
FLD-000122,2026-01-05,2026,1,Monday,0,0,0,Bagong Silang,Drainage,18.1,570.7,0.544,0.75,25730,11,34.0,52.2,89.1,33.9,67.9,12.3,1.5,81.5,4.0,Low
FLD-000123,2024-08-21,2024,8,Wednesday,0,1,0,Pag-Asa,Drainage,19.7,662.2,0.594,0.689,22036,14,6.4,39.7,192.2,31.4,72.5,6.0,1.0,57.1,5.2,Medium
FLD-000124,2022-04-11,2022,4,Monday,0,0,0,Vergara,Drainage,23.2,848.4,0.732,0.684,24862,11,3.6,34.4,74.0,28.6,71.0,3.7,0.55,7.9,3.8,Low
FLD-000125,2025-09-16,2025,9,Tuesday,0,1,1,Hulo,Pasig River,6.1,91.2,0.473,0.856,39362,17,6.5,39.9,183.2,28.2,81.9,18.4,1.58,108.3,4.6,High
FLD-000126,2022-11-25,2022,11,Friday,0,1,1,Mauway,Maytunas Creek,24.0,869.8,0.671,0.729,36045,15,121.1,192.4,228.7,28.1,83.6,17.2,0.9,100.8,12.1,High
FLD-000127,2021-05-31,2021,5,Monday,0,1,1,San Jose,Drainage,22.4,697.6,0.696,0.663,27788,15,127.1,160.9,231.8,27.7,92.6,11.6,2.12,293.8,12.1,High
FLD-000128,2024-04-07,2024,4,Sunday,1,0,0,Malamig,Tributary,19.5,622.2,0.656,0.712,31701,12,58.1,114.9,142.9,29.0,61.5,22.4,1.65,14.0,6.0,Low
FLD-000129,2026-03-12,2026,3,Thursday,0,0,0,Burol,Drainage,20.0,656.8,0.647,0.63,23714,17,30.9,74.1,113.4,31.0,65.4,1.6,1.05,88.8,4.9,Medium
FLD-000130,2026-03-30,2026,3,Monday,0,0,0,Wack-Wack Greenhills East,Drainage,29.1,1209.5,0.861,0.596,20181,8,63.9,190.2,237.2,30.3,65.5,6.0,1.11,74.2,9.9,Medium
FLD-000131,2024-11-01,2024,11,Friday,0,1,1,Plainview,Estero,17.8,506.8,0.65,0.726,32698,14,6.5,78.6,235.4,30.1,70.9,14.8,0.94,134.8,9.8,Medium
FLD-000132,2025-07-31,2025,7,Thursday,0,1,0,Barangka Ibaba,Pasig River,7.5,101.3,0.415,0.935,42183,27,47.9,65.4,160.3,31.3,84.5,0,1.13,155.1,6.1,High
FLD-000133,2023-08-12,2023,8,Saturday,1,1,0,Addition Hills,Maytunas Creek,24.6,1077.5,0.739,0.702,44739,9,7.4,69.1,97.1,27.7,81.8,17.6,1.64,26.3,2.1,Low
FLD-000134,2026-06-21,2026,6,Sunday,1,1,0,Old Zañiga,Buhangin Creek,8.3,171.6,0.538,0.823,35852,16,20.9,33.8,58.9,31.7,80.8,15.9,1.06,0.6,7.9,Low
FLD-000135,2026-03-28,2026,3,Saturday,1,0,2,Plainview,Estero,18.5,522.2,0.591,0.738,29631,15,79.6,125.5,351.1,27.9,76.5,25.0,0.76,185.5,10.3,High
FLD-000136,2025-01-10,2025,1,Friday,0,0,0,Pleasant Hills,Ermitaño Creek,25.6,993.7,0.749,0.68,30580,6,19.7,63.8,85.2,33.2,81.5,11.8,0.89,0.8,5.3,Low
FLD-000137,2023-06-17,2023,6,Saturday,1,1,0,Mauway,Maytunas Creek,22.4,870.5,0.656,0.723,41378,5,19.4,121.9,280.1,29.3,76.8,17.3,0.99,15.4,5.9,Low
FLD-000138,2022-05-30,2022,5,Monday,0,1,1,Barangka Itaas,Pasig River,9.3,196.8,0.527,0.823,33314,17,58.3,100.5,245.7,28.7,81.5,12.3,0.63,168.9,10.6,High
FLD-000139,2022-04-29,2022,4,Friday,0,0,0,Wack-Wack Greenhills East,Drainage,27.3,1193.6,0.809,0.633,21255,6,4.9,44.7,204.4,30.7,59.8,3.7,0.8,0.0,5.4,Low
FLD-000140,2025-04-01,2025,4,Tuesday,0,0,1,Mauway,Maytunas Creek,23.2,830.3,0.677,0.736,33785,7,57.7,88.2,197.1,29.0,71.1,18.6,1.32,96.1,8.6,Medium
FLD-000141,2024-02-14,2024,2,Wednesday,0,0,0,Barangka Drive,Pasig River,8.2,191.7,0.508,0.835,34681,18,13.0,129.8,333.2,33.1,70.2,3.2,1.19,2.0,4.1,Low
FLD-000142,2026-06-29,2026,6,Monday,0,1,0,Old Zañiga,Buhangin Creek,7.7,141.3,0.453,0.773,41424,19,3.5,140.6,324.1,29.8,79.6,15.0,0.74,96.6,6.8,Medium
FLD-000143,2021-05-30,2021,5,Sunday,1,1,1,Barangka Drive,Pasig River,8.3,217.0,0.498,0.84,30290,7,14.0,138.7,151.2,30.8,77.8,28.1,1.23,131.0,11.5,Medium
FLD-000144,2025-09-18,2025,9,Thursday,0,1,0,Poblacion,Buhangin Creek,6.1,104.5,0.52,0.836,41603,21,10.2,137.3,445.3,29.8,77.2,0.3,1.27,162.0,8.9,Medium
FLD-000145,2026-05-27,2026,5,Wednesday,0,1,1,Harapin ang Bukas,Drainage,16.2,515.3,0.527,0.802,25132,17,6.6,51.5,53.6,30.1,82.7,12.9,0.84,148.8,7.1,Medium
FLD-000146,2026-05-25,2026,5,Monday,0,1,0,Vergara,Drainage,23.8,761.8,0.726,0.692,22433,11,54.5,89.5,133.5,29.6,83.5,18.1,0.85,44.7,1.8,Low
FLD-000147,2026-01-10,2026,1,Saturday,1,0,2,Mauway,Maytunas Creek,23.9,809.7,0.658,0.662,32982,8,66.9,129.7,156.3,28.3,82.9,21.4,1.52,184.5,10.3,Medium
FLD-000148,2024-02-03,2024,2,Saturday,1,0,1,Barangka Ilaya,Pasig River,8.4,146.1,0.562,0.86,35821,22,99.5,131.7,279.1,32.0,70.9,19.0,0.79,237.7,7.7,High
FLD-000149,2026-06-08,2026,6,Monday,0,1,1,Mabini-J. Rizal,Maytunas Creek,14.8,439.4,0.656,0.745,31047,13,20.8,25.7,96.0,27.4,71.5,48.1,1.09,169.9,6.3,Medium
FLD-000150,2023-08-26,2023,8,Saturday,1,1,0,Harapin ang Bukas,Drainage,17.2,559.9,0.698,0.725,18915,12,75.7,210.9,223.4,28.4,79.1,10.2,0.84,148.6,8.6,High
FLD-000151,2021-03-12,2021,3,Friday,0,0,0,Wack-Wack Greenhills East,Drainage,27.7,1235.7,0.825,0.613,18613,7,67.0,130.8,174.3,31.2,74.0,1.0,0.99,44.3,6.1,Low
FLD-000152,2026-03-03,2026,3,Tuesday,0,0,0,Burol,Drainage,21.0,666.4,0.664,0.701,22191,9,12.0,114.6,391.6,30.8,62.2,40.9,0.74,61.3,4.3,Medium
FLD-000153,2024-05-01,2024,5,Wednesday,0,1,0,New Zañiga,Buhangin Creek,7.3,149.9,0.56,0.811,37043,19,44.7,100.2,249.0,30.6,78.7,3.2,1.21,151.8,8.0,High
FLD-000154,2025-02-07,2025,2,Friday,0,0,0,Mabini-J. Rizal,Maytunas Creek,14.2,492.3,0.622,0.697,34474,14,0.4,128.5,160.7,34.1,73.0,15.1,1.07,9.9,7.8,Low
FLD-000155,2026-05-23,2026,5,Saturday,1,1,0,Buayang Bato,Buayang Bato Creek,14.7,296.4,0.578,0.768,34278,17,3.6,77.2,105.4,30.3,65.9,16.3,1.01,84.6,6.1,Low
FLD-000156,2025-09-16,2025,9,Tuesday,0,1,0,Plainview,Estero,18.9,487.3,0.637,0.74,31500,17,51.5,105.2,345.7,28.9,83.0,21.0,1.27,224.2,7.9,Medium
FLD-000157,2025-03-12,2025,3,Wednesday,0,0,1,Barangka Drive,Pasig River,8.2,164.6,0.47,0.877,33519,18,86.6,117.4,234.9,28.4,72.8,20.7,0.93,188.1,7.0,High
FLD-000158,2023-12-08,2023,12,Friday,0,0,0,Hulo,Pasig River,5.8,85.6,0.388,0.906,38006,23,2.6,113.0,206.0,31.6,60.3,13.8,0.75,124.5,7.1,Medium
FLD-000159,2024-03-02,2024,3,Saturday,1,0,0,Pleasant Hills,Ermitaño Creek,23.7,993.0,0.755,0.687,27008,5,6.7,28.3,94.8,32.9,62.3,3.6,1.11,4.7,0.5,Low
FLD-000160,2023-02-27,2023,2,Monday,0,0,0,Burol,Drainage,21.1,718.0,0.633,0.716,26811,12,5.1,11.3,96.0,27.5,68.7,11.2,0.63,1.2,0.8,Low
FLD-000161,2023-07-10,2023,7,Monday,0,1,0,Bagong Silang,Drainage,19.3,621.2,0.651,0.707,31944,14,7.4,144.0,268.2,28.0,71.9,4.6,1.24,93.0,8.0,Low
FLD-000162,2023-10-16,2023,10,Monday,0,1,2,Addition Hills,Maytunas Creek,23.7,974.8,0.592,0.71,44810,11,87.8,174.2,333.3,29.0,75.1,17.8,1.48,192.4,10.7,High
FLD-000163,2021-06-22,2021,6,Tuesday,0,1,3,Pag-Asa,Drainage,20.5,671.3,0.702,0.695,24466,13,81.1,199.3,226.5,24.8,80.8,30.8,1.26,193.4,10.0,High
FLD-000164,2021-12-17,2021,12,Friday,0,0,0,Hulo,Pasig River,4.7,133.0,0.437,0.871,40169,20,13.1,61.9,126.6,30.2,68.3,1.5,1.15,187.7,7.6,Medium
FLD-000165,2026-01-18,2026,1,Sunday,1,0,1,Highway Hills,Maytunas Creek,28.6,868.5,0.74,0.729,43410,8,125.3,164.4,191.7,27.9,77.5,15.8,1.61,248.5,10.9,Medium
FLD-000166,2022-07-07,2022,7,Thursday,0,1,0,Pag-Asa,Drainage,20.7,591.9,0.588,0.749,24623,15,38.1,130.0,144.3,31.5,66.0,0,1.27,67.1,5.9,High
FLD-000167,2022-07-06,2022,7,Wednesday,0,1,1,Barangka Ilaya,Pasig River,8.8,175.9,0.403,0.797,39190,23,57.0,154.7,231.8,27.0,78.9,15.1,1.62,190.8,12.7,High
FLD-000168,2025-04-07,2025,4,Monday,0,0,0,Pag-Asa,Drainage,21.6,661.9,0.617,0.752,24619,14,1.3,109.0,194.2,28.2,67.9,17.8,1.08,76.0,6.3,Low
FLD-000169,2026-06-10,2026,6,Wednesday,0,1,1,Burol,Drainage,21.1,648.1,0.67,0.681,23676,13,33.0,61.2,316.9,32.2,79.3,28.6,0.85,180.0,7.3,Medium
FLD-000170,2026-04-02,2026,4,Thursday,0,0,3,Addition Hills,Maytunas Creek,24.5,1006.1,0.635,0.74,44714,9,123.3,155.9,205.9,28.3,80.1,31.7,0.93,237.3,11.0,High
FLD-000171,2021-12-10,2021,12,Friday,0,0,2,Vergara,Drainage,23.2,817.8,0.746,0.634,22489,12,91.9,106.7,224.9,29.3,75.8,10.7,1.0,196.5,10.2,High
FLD-000172,2022-10-23,2022,10,Sunday,1,1,0,Buayang Bato,Buayang Bato Creek,12.4,311.1,0.544,0.765,34507,18,35.6,111.8,430.8,30.3,71.1,6.7,1.06,124.1,6.3,Medium
FLD-000173,2024-09-08,2024,9,Sunday,1,1,0,Poblacion,Buhangin Creek,4.9,64.3,0.464,0.828,42779,21,1.4,72.7,247.9,30.0,68.8,3.3,1.16,13.2,6.8,Low
FLD-000174,2022-08-21,2022,8,Sunday,1,1,0,Hagdan Bato Itaas,Drainage,21.8,754.3,0.728,0.664,26425,11,53.0,62.1,135.3,27.8,73.4,21.1,1.35,8.1,2.0,Low
FLD-000175,2022-01-27,2022,1,Thursday,0,0,0,Mauway,Maytunas Creek,23.4,881.3,0.693,0.676,39058,8,18.1,120.5,171.8,32.0,73.6,12.2,1.21,69.0,5.7,Medium
FLD-000176,2021-05-16,2021,5,Sunday,1,1,0,Mabini-J. Rizal,Maytunas Creek,15.1,420.4,0.56,0.73,30444,18,28.1,67.5,276.5,27.4,86.4,2.2,1.53,133.3,10.2,Low
FLD-000177,2024-08-15,2024,8,Thursday,0,1,0,Barangka Ilaya,Pasig River,8.3,139.1,0.479,0.813,36286,21,4.1,146.7,302.1,28.7,75.9,6.6,1.31,107.4,10.3,Medium
FLD-000178,2023-06-11,2023,6,Sunday,1,1,1,Highway Hills,Maytunas Creek,30.8,885.3,0.753,0.812,42689,7,109.2,192.6,326.9,29.3,88.2,5.3,0.55,176.7,10.1,High
FLD-000179,2024-12-01,2024,12,Sunday,1,0,1,Harapin ang Bukas,Drainage,16.8,605.9,0.529,0.692,20951,16,27.5,57.0,105.9,34.3,76.9,16.3,1.06,1.0,6.4,Low
FLD-000180,2025-11-08,2025,11,Saturday,1,1,0,Hagdan Bato Itaas,Drainage,21.0,765.7,0.741,0.706,28331,10,9.8,95.1,223.5,28.0,72.1,13.6,1.61,82.3,7.0,High
FLD-000181,2022-05-15,2022,5,Sunday,1,1,0,Namayan,Pasig River,6.5,160.9,0.541,0.795,32614,22,5.7,36.7,89.8,30.3,71.2,23.0,1.17,138.3,1.8,Low
FLD-000182,2022-05-20,2022,5,Friday,0,1,3,Highway Hills,Maytunas Creek,29.9,909.5,0.718,0.77,43904,11,92.5,145.5,280.3,25.8,79.8,29.7,1.28,205.8,12.4,Medium
FLD-000183,2023-05-19,2023,5,Friday,0,1,0,Poblacion,Buhangin Creek,5.1,89.4,0.405,0.817,44339,15,21.0,40.3,123.8,28.2,79.4,4.1,0.86,57.9,5.9,Medium
FLD-000184,2024-02-16,2024,2,Friday,0,0,0,Burol,Drainage,19.3,716.7,0.593,0.731,18748,18,146.9,187.7,269.0,26.7,86.4,17.7,1.42,232.6,10.4,High
FLD-000185,2025-05-05,2025,5,Monday,0,1,1,Mauway,Maytunas Creek,22.1,812.3,0.677,0.746,38168,15,27.5,136.6,280.9,28.5,90.9,14.0,1.66,100.8,7.8,Medium
FLD-000186,2021-05-02,2021,5,Sunday,1,1,0,Pleasant Hills,Ermitaño Creek,24.3,1040.0,0.689,0.757,29203,11,57.6,92.2,117.2,29.8,89.5,9.5,1.38,32.1,8.6,Medium
FLD-000187,2022-06-19,2022,6,Sunday,1,1,1,Mauway,Maytunas Creek,23.3,842.3,0.665,0.732,37919,13,76.6,182.0,275.7,27.9,80.4,31.1,1.09,6.5,7.1,Low
FLD-000188,2023-09-20,2023,9,Wednesday,0,1,0,Burol,Drainage,22.5,711.5,0.672,0.722,22733,13,22.8,57.2,192.5,27.5,74.6,7.2,1.34,88.4,4.1,Medium
FLD-000189,2025-08-28,2025,8,Thursday,0,1,2,Burol,Drainage,20.8,682.9,0.645,0.679,22171,10,84.6,227.1,340.5,25.6,77.6,19.1,0.68,154.5,12.7,High
FLD-000190,2026-03-19,2026,3,Thursday,0,0,1,Malamig,Tributary,19.7,626.5,0.621,0.745,30691,13,107.1,182.5,402.7,29.3,70.6,10.7,1.22,231.8,9.9,High
FLD-000191,2024-05-10,2024,5,Friday,0,1,0,Bagong Silang,Drainage,16.2,597.4,0.662,0.684,21401,15,1.3,169.3,281.2,29.8,61.4,10.5,0.98,44.1,3.2,Low
FLD-000192,2023-05-03,2023,5,Wednesday,0,1,0,Harapin ang Bukas,Drainage,15.9,555.0,0.591,0.721,23157,10,4.8,66.2,133.7,28.7,68.0,1.4,1.17,12.6,1.7,Low
FLD-000193,2024-12-24,2024,12,Tuesday,0,0,0,New Zañiga,Buhangin Creek,7.5,154.8,0.467,0.779,35392,23,29.9,39.2,139.2,30.2,75.0,10.9,1.18,148.0,6.7,Medium
FLD-000194,2021-04-12,2021,4,Monday,0,0,2,Hagdan Bato Itaas,Drainage,22.7,740.5,0.741,0.691,29003,10,123.1,160.9,198.4,27.6,81.3,20.4,1.2,266.5,13.6,High
FLD-000195,2023-05-09,2023,5,Tuesday,0,1,1,Mabini-J. Rizal,Maytunas Creek,14.2,436.1,0.587,0.78,27862,17,75.8,133.8,235.7,27.2,76.8,12.1,1.55,217.7,9.5,High
FLD-000196,2021-10-29,2021,10,Friday,0,1,1,Plainview,Estero,16.4,473.2,0.624,0.732,30102,14,40.2,127.9,220.0,28.2,88.1,12.1,1.56,194.1,13.1,Medium
FLD-000197,2024-11-20,2024,11,Wednesday,0,1,0,Poblacion,Buhangin Creek,6.4,115.7,0.412,0.855,40262,14,0.3,21.4,126.6,32.6,76.1,20.1,1.19,21.4,3.2,Low
FLD-000198,2022-03-14,2022,3,Monday,0,0,0,Hulo,Pasig River,6.0,132.3,0.505,0.884,37347,21,23.9,74.4,156.8,30.3,76.2,17.2,1.02,183.3,6.2,High
FLD-000199,2024-09-05,2024,9,Thursday,0,1,0,Daang Bakal,Maytunas Creek,11.4,326.8,0.592,0.761,30291,15,3.0,75.0,346.1,31.5,76.7,5.0,1.35,94.8,4.5,Medium
FLD-000200,2022-11-29,2022,11,Tuesday,0,1,0,Wack-Wack Greenhills East,Drainage,28.2,1231.4,0.823,0.626,17195,5,60.1,131.2,242.6,30.6,85.0,13.5,1.43,58.2,4.3,Medium
FLD-000201,2024-10-30,2024,10,Wednesday,0,1,0,Pleasant Hills,Ermitaño Creek,25.1,982.8,0.641,0.686,25581,7,28.3,180.0,294.3,27.5,77.2,3.2,0.94,13.1,7.8,Low
FLD-000202,2021-06-09,2021,6,Wednesday,0,1,0,Hagdan Bato Libis,Drainage,17.9,478.3,0.586,0.724,27327,12,71.6,189.4,301.4,29.0,75.5,8.6,1.55,179.1,13.3,High
FLD-000203,2025-12-25,2025,12,Thursday,0,0,0,Mauway,Maytunas Creek,22.8,838.5,0.705,0.745,38631,11,7.8,99.9,195.5,32.7,65.3,11.5,0.93,2.6,4.2,Low
FLD-000204,2025-01-05,2025,1,Sunday,1,0,0,Wack-Wack Greenhills East,Drainage,28.5,1239.9,0.805,0.634,15043,5,9.1,70.6,142.2,32.2,70.2,12.0,1.47,10.4,5.2,Low
FLD-000205,2024-11-10,2024,11,Sunday,1,1,0,Pag-Asa,Drainage,21.1,611.9,0.606,0.751,26730,11,28.0,236.4,269.8,29.3,81.5,28.4,1.8,155.2,11.1,High
FLD-000206,2021-07-23,2021,7,Friday,0,1,2,Hulo,Pasig River,5.2,113.8,0.417,0.894,40617,20,243.4,415.2,564.2,23.7,99.2,25.7,1.44,520.5,27.2,High
FLD-000207,2021-03-10,2021,3,Wednesday,0,0,1,Malamig,Tributary,20.5,630.2,0.646,0.723,24811,6,64.6,130.5,274.3,30.8,78.4,13.6,0.35,12.2,8.3,Low
FLD-000208,2024-11-10,2024,11,Sunday,1,1,2,Plainview,Estero,18.6,502.9,0.605,0.726,27791,17,84.1,106.2,228.1,25.2,69.0,38.3,1.39,302.1,13.7,High
FLD-000209,2021-05-24,2021,5,Monday,0,1,1,Hagdan Bato Libis,Drainage,17.4,559.1,0.663,0.747,30162,12,44.6,152.3,289.1,29.2,64.7,30.8,1.01,129.7,8.1,Medium
FLD-000210,2023-06-10,2023,6,Saturday,1,1,0,Plainview,Estero,18.1,522.7,0.617,0.686,26746,8,15.9,50.5,119.3,28.9,76.9,12.0,0.8,81.7,2.6,Medium
FLD-000211,2025-06-25,2025,6,Wednesday,0,1,0,Plainview,Estero,17.3,483.9,0.635,0.713,29127,22,1.8,16.8,104.5,30.0,65.1,6.7,0.67,9.3,3.7,Low
FLD-000212,2025-12-14,2025,12,Sunday,1,0,1,Mabini-J. Rizal,Maytunas Creek,14.4,459.9,0.585,0.761,31060,16,75.4,136.2,200.4,31.9,71.9,16.2,0.75,217.0,11.4,High
FLD-000213,2024-10-15,2024,10,Tuesday,0,1,0,Hulo,Pasig River,6.1,114.3,0.452,0.859,37235,22,1.4,25.2,89.1,29.2,69.9,19.2,0.99,14.8,5.6,Low
FLD-000214,2021-10-21,2021,10,Thursday,0,1,0,Old Zañiga,Buhangin Creek,8.4,155.8,0.484,0.783,34522,20,17.1,172.7,238.9,28.7,73.8,23.0,1.09,140.8,10.2,Medium
FLD-000215,2025-09-26,2025,9,Friday,0,1,0,Old Zañiga,Buhangin Creek,6.4,168.6,0.478,0.812,38989,16,2.0,95.0,188.8,30.3,71.7,0.3,1.15,100.5,7.4,Low
FLD-000216,2023-11-11,2023,11,Saturday,1,1,0,Barangka Ilaya,Pasig River,8.8,158.1,0.522,0.869,37413,21,31.1,89.1,323.1,27.0,76.9,8.8,1.01,136.5,6.0,High
FLD-000217,2022-12-23,2022,12,Friday,0,0,0,Barangka Drive,Pasig River,9.5,210.0,0.502,0.78,34649,18,0.2,52.7,96.9,30.2,73.4,12.3,0.59,11.4,5.0,Low
FLD-000218,2023-07-15,2023,7,Saturday,1,1,0,Burol,Drainage,20.8,678.9,0.606,0.667,21729,7,32.2,75.3,417.1,28.1,74.0,22.0,1.04,2.7,2.0,Low
FLD-000219,2021-05-17,2021,5,Monday,0,1,0,Wack-Wack Greenhills East,Drainage,27.2,1229.6,0.792,0.611,15474,3,3.3,30.5,224.2,32.0,67.1,10.7,0.97,80.9,4.4,Low
FLD-000220,2024-01-18,2024,1,Thursday,0,0,1,Buayang Bato,Buayang Bato Creek,13.4,316.0,0.543,0.758,35124,16,30.6,48.1,211.3,29.8,67.2,20.9,0.83,147.7,5.0,Medium
FLD-000221,2026-02-21,2026,2,Saturday,1,0,0,Malamig,Tributary,20.6,624.8,0.64,0.723,24315,14,6.3,57.3,136.7,31.6,64.1,1.5,1.56,109.8,6.5,High
FLD-000222,2023-08-23,2023,8,Wednesday,0,1,2,San Jose,Drainage,21.1,680.4,0.681,0.607,24568,9,52.7,123.6,275.4,27.1,78.1,20.5,1.31,212.2,10.2,High
FLD-000223,2023-01-15,2023,1,Sunday,1,0,0,Addition Hills,Maytunas Creek,24.3,1021.2,0.742,0.776,47615,9,34.4,43.6,127.1,31.5,65.7,7.7,1.3,29.5,2.3,Low
FLD-000224,2023-09-30,2023,9,Saturday,1,1,0,Addition Hills,Maytunas Creek,25.4,1045.3,0.646,0.635,42104,6,10.2,65.5,151.6,31.2,65.6,3.5,1.57,3.7,9.1,Low
FLD-000225,2022-10-09,2022,10,Sunday,1,1,0,Namayan,Pasig River,9.0,144.2,0.471,0.793,34079,18,17.8,69.6,97.7,28.7,83.4,14.4,1.26,129.0,6.7,Low
FLD-000226,2025-05-20,2025,5,Tuesday,0,1,0,Addition Hills,Maytunas Creek,25.7,1018.7,0.716,0.69,41960,8,30.1,156.0,219.8,27.5,70.1,10.4,1.42,82.3,8.4,Medium
FLD-000227,2021-03-16,2021,3,Tuesday,0,0,1,Hulo,Pasig River,6.6,127.5,0.457,0.831,35730,21,46.2,107.2,251.9,29.6,73.1,12.1,1.49,216.8,10.2,High
FLD-000228,2021-06-02,2021,6,Wednesday,0,1,2,Barangka Ilaya,Pasig River,8.1,125.0,0.493,0.875,35065,18,67.6,82.7,201.3,26.0,80.2,16.5,1.58,289.1,10.9,High
FLD-000229,2021-02-10,2021,2,Wednesday,0,0,0,Barangka Ilaya,Pasig River,8.6,118.6,0.445,0.847,38816,21,22.4,71.6,138.9,30.4,67.9,5.3,1.21,140.6,7.0,Medium
FLD-000230,2022-11-11,2022,11,Friday,0,1,2,Bagong Silang,Drainage,17.3,586.8,0.594,0.73,26440,13,96.7,159.5,253.9,27.2,91.5,21.1,1.24,261.7,9.8,High
FLD-000231,2022-11-25,2022,11,Friday,0,1,0,Hulo,Pasig River,6.2,114.0,0.442,0.879,40111,15,0.9,25.9,217.0,32.2,63.7,7.6,0.85,145.8,5.3,Medium
FLD-000232,2021-12-29,2021,12,Wednesday,0,0,1,Pleasant Hills,Ermitaño Creek,24.7,1008.2,0.688,0.723,25073,9,41.1,51.6,112.0,30.4,54.0,15.3,0.89,52.5,6.4,Medium
FLD-000233,2023-01-16,2023,1,Monday,0,0,0,Barangka Drive,Pasig River,8.0,238.0,0.531,0.793,32968,18,56.8,110.5,193.1,28.1,74.2,2.1,0.9,151.0,7.8,Medium
FLD-000234,2023-08-28,2023,8,Monday,0,1,1,Wack-Wack Greenhills East,Drainage,27.3,1226.6,0.826,0.621,19978,5,21.0,62.1,310.6,30.2,71.7,11.4,1.14,103.0,7.1,Low
FLD-000235,2022-01-22,2022,1,Saturday,1,0,0,Highway Hills,Maytunas Creek,30.8,909.3,0.749,0.805,42846,11,6.1,50.7,108.6,30.5,66.0,11.2,0.41,55.8,5.6,Low
FLD-000236,2021-11-26,2021,11,Friday,0,1,0,Addition Hills,Maytunas Creek,25.0,1014.5,0.665,0.726,44179,12,8.2,39.5,59.2,28.5,76.8,11.6,1.75,86.2,2.4,Medium
FLD-000237,2023-11-30,2023,11,Thursday,0,1,0,San Jose,Drainage,21.9,710.8,0.68,0.633,24514,7,14.3,69.8,211.4,29.7,80.1,10.8,1.29,0.6,4.1,Low
FLD-000238,2022-04-09,2022,4,Saturday,1,0,0,Daang Bakal,Maytunas Creek,11.6,428.8,0.624,0.789,27610,18,17.0,51.7,193.5,31.7,64.4,4.8,0.74,2.7,6.3,Low
FLD-000239,2025-09-15,2025,9,Monday,0,1,1,Buayang Bato,Buayang Bato Creek,14.0,311.3,0.558,0.777,32169,17,15.3,79.8,187.2,29.4,69.7,8.1,1.21,180.2,9.4,Medium
FLD-000240,2023-05-24,2023,5,Wednesday,0,1,2,New Zañiga,Buhangin Creek,6.4,133.8,0.499,0.829,32952,20,24.2,240.3,512.0,26.7,74.3,22.2,1.16,124.4,15.4,High
FLD-000241,2026-03-14,2026,3,Saturday,1,0,0,Bagong Silang,Drainage,18.3,621.1,0.601,0.695,27846,15,0.6,68.6,141.2,31.8,67.3,4.2,1.3,24.2,9.3,Low
FLD-000242,2022-02-26,2022,2,Saturday,1,0,0,San Jose,Drainage,22.2,667.5,0.735,0.65,28367,12,10.1,51.8,222.5,31.2,57.2,4.3,1.18,16.9,7.8,Low
FLD-000243,2026-05-14,2026,5,Thursday,0,1,2,Hagdan Bato Libis,Drainage,17.0,521.0,0.589,0.751,30262,13,99.4,123.0,154.7,28.3,87.5,14.0,0.97,196.4,8.5,High
FLD-000244,2024-09-05,2024,9,Thursday,0,1,2,New Zañiga,Buhangin Creek,6.8,163.6,0.478,0.739,35091,21,216.8,254.5,404.9,25.0,97.8,22.2,1.54,536.4,20.1,High
FLD-000245,2024-11-27,2024,11,Wednesday,0,1,0,Hagdan Bato Itaas,Drainage,22.7,776.3,0.743,0.681,28998,7,11.0,72.5,189.2,30.5,74.4,17.3,1.21,52.3,3.9,Low
FLD-000246,2024-01-08,2024,1,Monday,0,0,3,Highway Hills,Maytunas Creek,29.9,879.4,0.715,0.836,43850,7,150.3,257.2,295.4,29.1,82.5,34.6,1.07,304.4,17.8,High
FLD-000247,2021-01-04,2021,1,Monday,0,0,2,Hagdan Bato Itaas,Drainage,22.7,748.1,0.717,0.646,25766,12,46.1,188.4,437.7,29.5,67.0,37.8,1.06,133.5,12.7,High
FLD-000248,2024-07-11,2024,7,Thursday,0,1,0,Poblacion,Buhangin Creek,5.4,96.6,0.441,0.837,43101,19,2.7,12.9,44.0,30.3,76.6,6.2,0.92,175.0,2.9,Medium
FLD-000249,2023-09-04,2023,9,Monday,0,1,1,Hagdan Bato Itaas,Drainage,22.2,735.9,0.73,0.706,25902,13,145.4,258.0,427.3,26.7,84.0,35.0,1.77,393.2,16.0,High
FLD-000250,2024-03-19,2024,3,Tuesday,0,0,0,Malamig,Tributary,19.6,649.4,0.666,0.692,28188,14,30.8,39.5,108.0,31.1,72.2,5.5,1.38,6.9,0.9,Low
FLD-000251,2024-05-08,2024,5,Wednesday,0,1,0,Vergara,Drainage,24.0,786.7,0.755,0.67,27718,9,15.2,209.9,318.7,30.5,75.6,7.3,0.98,79.0,6.3,Medium
FLD-000252,2021-03-07,2021,3,Sunday,1,0,0,Barangka Ibaba,Pasig River,6.2,89.8,0.395,0.862,43542,26,10.6,51.4,113.5,31.7,74.1,5.4,0.88,116.0,7.9,High
FLD-000253,2023-06-23,2023,6,Friday,0,1,1,Mauway,Maytunas Creek,22.7,907.5,0.692,0.732,38213,14,33.7,151.4,239.5,28.9,78.3,8.1,1.27,145.2,9.4,Medium
FLD-000254,2023-02-12,2023,2,Sunday,1,0,3,Hagdan Bato Itaas,Drainage,22.7,754.3,0.737,0.715,26890,11,60.8,104.6,161.1,33.0,69.2,26.7,1.02,207.5,10.7,Medium
FLD-000255,2024-06-08,2024,6,Saturday,1,1,0,Hagdan Bato Itaas,Drainage,22.3,756.1,0.718,0.695,30844,5,31.5,74.1,143.1,27.7,78.6,30.9,1.16,65.1,7.1,Low
FLD-000256,2023-04-18,2023,4,Tuesday,0,0,1,Barangka Drive,Pasig River,8.3,231.0,0.486,0.82,36552,19,59.7,97.6,119.5,30.7,71.4,7.8,1.09,215.5,7.6,High
FLD-000257,2025-07-26,2025,7,Saturday,1,1,1,Mauway,Maytunas Creek,24.1,881.6,0.711,0.783,37470,7,51.1,74.6,312.9,30.7,77.3,20.0,1.47,74.7,8.6,Medium
FLD-000258,2026-03-20,2026,3,Friday,0,0,1,New Zañiga,Buhangin Creek,6.9,193.6,0.53,0.76,33726,18,38.7,144.7,412.4,33.1,80.5,27.8,1.03,158.3,11.0,High
FLD-000259,2023-06-24,2023,6,Saturday,1,1,0,Barangka Itaas,Pasig River,9.4,269.1,0.567,0.764,35097,19,7.4,82.1,123.6,28.8,82.0,0,0.71,93.4,7.6,Medium
FLD-000260,2022-12-29,2022,12,Thursday,0,0,1,Hulo,Pasig River,6.7,150.3,0.432,0.851,33787,17,102.0,142.1,305.3,28.8,75.6,10.8,1.0,311.7,10.2,High
FLD-000261,2023-03-04,2023,3,Saturday,1,0,0,New Zañiga,Buhangin Creek,7.1,155.7,0.518,0.819,34075,21,7.9,11.4,46.9,31.7,78.6,1.0,0.84,97.7,8.3,Medium
FLD-000262,2022-04-30,2022,4,Saturday,1,0,1,Pag-Asa,Drainage,19.6,662.7,0.6,0.713,23384,13,59.7,88.7,219.4,29.8,75.0,16.0,0.97,164.5,5.9,High
FLD-000263,2021-06-04,2021,6,Friday,0,1,0,Plainview,Estero,18.0,500.0,0.658,0.703,32250,19,8.3,44.7,110.9,29.9,80.3,8.1,1.57,83.7,3.4,Medium
FLD-000264,2021-08-16,2021,8,Monday,0,1,1,Mabini-J. Rizal,Maytunas Creek,14.4,462.6,0.593,0.754,32178,16,74.6,99.7,314.7,28.5,82.2,21.9,1.42,192.3,7.9,High
FLD-000265,2022-06-28,2022,6,Tuesday,0,1,0,Barangka Ilaya,Pasig River,8.7,147.6,0.496,0.8,35818,20,62.5,82.5,220.3,30.1,85.8,38.5,1.52,175.7,3.6,High
FLD-000266,2024-03-17,2024,3,Sunday,1,0,1,Daang Bakal,Maytunas Creek,12.7,296.5,0.567,0.776,29019,18,70.1,156.5,223.9,28.0,76.8,20.1,0.71,247.2,9.2,High
FLD-000267,2023-01-15,2023,1,Sunday,1,0,0,Namayan,Pasig River,7.2,143.4,0.509,0.846,35617,19,3.9,50.5,304.1,32.7,68.2,9.3,1.43,45.5,4.7,High
FLD-000268,2024-05-06,2024,5,Monday,0,1,2,Plainview,Estero,18.8,502.2,0.68,0.676,31757,12,61.4,120.1,231.8,27.8,79.4,20.9,0.67,176.1,8.1,Medium
FLD-000269,2026-06-04,2026,6,Thursday,0,1,1,Barangka Ilaya,Pasig River,8.3,118.6,0.438,0.826,38881,23,88.3,159.9,283.0,28.3,78.6,16.5,1.07,266.9,10.7,High
FLD-000270,2024-04-10,2024,4,Wednesday,0,0,0,San Jose,Drainage,21.6,712.6,0.706,0.679,26538,13,9.2,135.4,196.9,33.5,78.4,1.3,0.88,51.5,3.7,Low
FLD-000271,2026-05-20,2026,5,Wednesday,0,1,2,Barangka Itaas,Pasig River,10.0,253.8,0.55,0.822,35895,17,71.0,100.6,173.5,30.6,78.7,30.6,0.92,262.9,9.9,High
FLD-000272,2021-11-20,2021,11,Saturday,1,1,0,Highway Hills,Maytunas Creek,30.1,908.6,0.791,0.782,43418,8,106.6,144.0,297.7,27.2,81.2,2.2,0.97,111.5,7.0,High
FLD-000273,2022-10-01,2022,10,Saturday,1,1,1,Old Zañiga,Buhangin Creek,7.4,119.2,0.499,0.745,30313,18,40.9,98.8,256.5,26.7,73.2,21.9,0.64,157.0,7.8,High
FLD-000274,2026-04-15,2026,4,Wednesday,0,0,0,Barangka Ibaba,Pasig River,6.8,78.6,0.491,0.899,39501,16,72.8,139.6,382.9,31.8,76.4,9.5,0.45,213.5,11.0,High
FLD-000275,2022-03-02,2022,3,Wednesday,0,0,0,Buayang Bato,Buayang Bato Creek,12.7,288.3,0.604,0.765,33776,16,0.5,128.7,218.3,30.1,69.0,13.3,1.2,63.5,7.6,High
FLD-000276,2024-02-18,2024,2,Sunday,1,0,0,Mauway,Maytunas Creek,22.6,850.6,0.672,0.711,32512,16,0.2,28.4,71.8,34.1,74.6,15.2,1.46,17.3,3.4,Low
FLD-000277,2021-09-02,2021,9,Thursday,0,1,1,Barangka Itaas,Pasig River,10.0,237.2,0.444,0.847,38490,18,20.6,23.2,107.2,26.4,74.9,13.8,1.27,124.1,5.9,Medium
FLD-000278,2023-07-17,2023,7,Monday,0,1,1,Pag-Asa,Drainage,19.3,661.6,0.642,0.703,24010,10,28.4,155.6,235.8,29.0,74.9,7.8,1.45,122.3,9.3,Medium
FLD-000279,2023-02-20,2023,2,Monday,0,0,0,Hagdan Bato Libis,Drainage,16.8,494.6,0.655,0.759,31905,12,48.9,63.7,106.3,31.5,71.5,12.2,1.07,14.5,3.1,Low
FLD-000280,2024-08-25,2024,8,Sunday,1,1,3,Namayan,Pasig River,8.3,154.2,0.481,0.826,29998,18,97.4,111.8,170.0,30.3,86.3,31.1,1.09,292.9,10.9,High
FLD-000281,2023-10-17,2023,10,Tuesday,0,1,0,Addition Hills,Maytunas Creek,27.1,1031.8,0.739,0.747,48444,10,25.1,135.3,232.1,30.1,77.1,19.1,0.99,17.0,8.5,Medium
FLD-000282,2022-10-23,2022,10,Sunday,1,1,0,Pag-Asa,Drainage,19.4,621.6,0.613,0.716,23328,13,5.0,153.2,260.2,27.8,83.0,10.4,0.98,10.9,5.9,Low
FLD-000283,2021-05-06,2021,5,Thursday,0,1,1,Wack-Wack Greenhills East,Drainage,28.7,1159.9,0.867,0.628,19069,6,107.4,140.0,244.1,22.8,86.9,12.1,1.2,134.9,10.1,Medium
FLD-000284,2024-03-29,2024,3,Friday,0,0,0,Burol,Drainage,20.9,690.8,0.734,0.691,21042,10,14.3,28.3,112.3,31.8,59.4,10.6,1.36,2.3,1.2,Low
FLD-000285,2022-03-19,2022,3,Saturday,1,0,0,Hagdan Bato Itaas,Drainage,23.4,729.5,0.749,0.694,28201,11,92.7,222.7,383.9,27.6,69.6,4.0,1.04,175.2,9.1,Medium
FLD-000286,2023-04-05,2023,4,Wednesday,0,0,0,San Jose,Drainage,20.6,722.4,0.698,0.577,25496,11,26.3,49.1,124.9,29.7,69.5,0,1.4,1.5,2.4,Low
FLD-000287,2023-10-13,2023,10,Friday,0,1,1,Pleasant Hills,Ermitaño Creek,24.7,975.0,0.673,0.666,25981,10,89.6,138.3,288.0,28.2,74.7,11.4,1.39,208.2,11.6,Medium
FLD-000288,2023-01-05,2023,1,Thursday,0,0,0,Plainview,Estero,20.0,529.6,0.594,0.741,33072,13,57.5,91.4,161.9,31.2,64.5,6.1,1.22,151.9,8.0,Medium
FLD-000289,2022-05-25,2022,5,Wednesday,0,1,1,Barangka Itaas,Pasig River,10.5,256.5,0.579,0.894,35851,14,25.1,45.1,112.3,29.8,84.3,25.5,0.8,204.5,4.8,Medium
FLD-000290,2025-11-23,2025,11,Sunday,1,1,0,Hulo,Pasig River,6.2,130.4,0.433,0.884,38336,17,28.1,32.4,109.7,30.4,84.1,25.3,1.21,137.0,4.9,Medium
FLD-000291,2021-04-24,2021,4,Saturday,1,0,0,Highway Hills,Maytunas Creek,28.8,905.6,0.742,0.731,45176,9,2.6,43.1,136.8,34.7,62.0,3.1,1.03,99.6,4.1,Low
FLD-000292,2023-11-23,2023,11,Thursday,0,1,0,Pleasant Hills,Ermitaño Creek,24.1,1022.2,0.654,0.683,24782,4,39.9,59.8,90.6,27.2,80.3,3.8,1.42,10.4,4.9,Low
FLD-000293,2024-07-10,2024,7,Wednesday,0,1,0,Barangka Ibaba,Pasig River,8.1,63.6,0.459,0.841,45421,19,39.3,152.5,240.2,28.7,73.1,11.2,1.31,179.2,7.3,Medium
FLD-000294,2021-01-20,2021,1,Wednesday,0,0,0,Addition Hills,Maytunas Creek,26.8,980.9,0.665,0.724,46969,10,14.4,51.7,60.4,34.1,75.1,15.4,1.18,13.6,3.1,Low
FLD-000295,2026-04-05,2026,4,Sunday,1,0,0,New Zañiga,Buhangin Creek,6.3,119.2,0.498,0.727,39010,22,3.5,153.7,202.2,31.6,68.4,6.3,1.05,129.6,9.4,Medium
FLD-000296,2021-01-02,2021,1,Saturday,1,0,0,Buayang Bato,Buayang Bato Creek,14.4,271.5,0.583,0.746,34773,17,6.3,73.6,144.5,32.6,69.2,15.6,0.64,0.6,5.5,Low
FLD-000297,2025-10-13,2025,10,Monday,0,1,1,Barangka Itaas,Pasig River,9.5,245.0,0.508,0.842,34805,18,13.5,31.3,84.6,28.8,78.8,12.6,0.82,189.1,6.8,Medium
FLD-000298,2024-05-09,2024,5,Thursday,0,1,0,Pag-Asa,Drainage,21.0,625.8,0.664,0.682,21185,10,1.8,50.2,238.4,29.1,82.9,9.6,1.15,42.3,5.1,Low
FLD-000299,2024-02-16,2024,2,Friday,0,0,0,Old Zañiga,Buhangin Creek,6.6,168.7,0.564,0.86,36626,21,12.7,89.0,172.7,31.2,71.6,7.0,1.22,121.4,7.2,Medium
FLD-000300,2021-06-21,2021,6,Monday,0,1,0,San Jose,Drainage,21.3,689.4,0.669,0.659,26521,16,3.4,84.6,173.0,31.2,63.5,7.1,0.51,48.9,5.2,Medium
FLD-000301,2025-08-15,2025,8,Friday,0,1,0,Barangka Drive,Pasig River,10.1,256.4,0.484,0.851,35284,21,57.0,68.9,244.8,29.8,79.5,8.2,1.68,220.6,7.0,High
FLD-000302,2024-08-07,2024,8,Wednesday,0,1,0,Hagdan Bato Itaas,Drainage,21.6,774.8,0.741,0.661,27462,13,6.5,28.5,266.7,28.0,83.3,15.7,1.37,75.6,8.2,Low
FLD-000303,2026-06-05,2026,6,Friday,0,1,0,Barangka Ibaba,Pasig River,6.0,70.0,0.41,0.84,38579,18,40.0,116.4,368.8,29.8,72.3,26.0,1.13,196.5,8.1,High
FLD-000304,2021-09-04,2021,9,Saturday,1,1,0,Bagong Silang,Drainage,16.8,588.3,0.635,0.732,24350,20,10.9,59.3,98.9,28.2,74.0,12.7,0.93,79.8,11.3,Low
FLD-000305,2021-08-13,2021,8,Friday,0,1,0,New Zañiga,Buhangin Creek,6.7,189.0,0.46,0.824,34586,19,5.7,85.0,170.9,28.9,73.5,8.1,1.01,103.5,8.3,Low
FLD-000306,2021-02-17,2021,2,Wednesday,0,0,0,Hagdan Bato Itaas,Drainage,23.2,748.4,0.666,0.682,27566,5,0.1,35.6,204.5,33.6,67.3,11.0,0.72,3.7,2.1,Low
FLD-000307,2022-12-06,2022,12,Tuesday,0,0,0,Poblacion,Buhangin Creek,6.7,81.5,0.481,0.841,41126,18,4.2,33.3,84.4,31.9,65.6,6.6,0.9,111.4,7.2,Medium
FLD-000308,2022-06-18,2022,6,Saturday,1,1,0,Namayan,Pasig River,7.5,137.9,0.519,0.869,34120,26,4.0,41.0,86.7,30.8,72.5,2.5,0.99,89.1,6.0,Medium
FLD-000309,2021-08-24,2021,8,Tuesday,0,1,0,Pleasant Hills,Ermitaño Creek,25.1,946.7,0.674,0.689,27584,14,7.2,104.7,177.9,30.5,71.9,34.2,1.3,5.0,8.2,Low
FLD-000310,2022-02-24,2022,2,Thursday,0,0,1,Barangka Drive,Pasig River,9.0,215.5,0.454,0.866,38824,16,12.1,23.6,104.8,31.7,74.5,33.8,0.81,139.7,7.9,High
FLD-000311,2022-07-13,2022,7,Wednesday,0,1,0,Pleasant Hills,Ermitaño Creek,24.3,964.6,0.628,0.703,20322,13,23.7,43.2,243.1,28.8,74.1,18.8,0.42,2.0,3.4,Low
FLD-000312,2024-05-16,2024,5,Thursday,0,1,2,Daang Bakal,Maytunas Creek,12.5,297.2,0.588,0.776,34836,22,59.8,126.0,237.5,26.8,74.6,25.7,1.08,194.6,9.9,High
FLD-000313,2024-10-16,2024,10,Wednesday,0,1,0,Pleasant Hills,Ermitaño Creek,24.9,1019.5,0.673,0.641,24871,15,4.0,78.0,162.7,29.1,84.9,8.8,1.14,2.1,5.6,Low
FLD-000314,2021-06-07,2021,6,Monday,0,1,1,San Jose,Drainage,21.5,673.6,0.695,0.703,28866,13,41.5,50.8,121.5,30.4,76.4,6.1,0.92,11.7,2.7,Low
FLD-000315,2025-05-16,2025,5,Friday,0,1,0,Highway Hills,Maytunas Creek,30.0,935.6,0.742,0.807,45470,14,6.1,99.7,188.7,29.8,80.2,0,1.27,9.2,4.4,Low
FLD-000316,2024-11-25,2024,11,Monday,0,1,1,San Jose,Drainage,23.1,692.6,0.678,0.689,29693,13,82.7,106.9,165.7,27.5,76.3,11.9,1.15,132.9,10.2,High
FLD-000317,2022-12-17,2022,12,Saturday,1,0,0,Highway Hills,Maytunas Creek,30.3,882.9,0.703,0.747,42790,9,4.5,104.0,247.1,31.6,58.9,13.4,0.89,19.3,4.6,Low
FLD-000318,2022-12-19,2022,12,Monday,0,0,0,New Zañiga,Buhangin Creek,6.3,143.7,0.448,0.768,35765,22,2.3,30.6,144.6,31.5,64.5,7.3,1.4,70.4,1.6,Medium
FLD-000319,2026-05-28,2026,5,Thursday,0,1,1,Mabini-J. Rizal,Maytunas Creek,14.3,441.3,0.546,0.761,30253,18,75.2,82.0,230.0,27.2,84.3,15.8,1.08,189.7,7.3,Medium
FLD-000320,2025-12-02,2025,12,Tuesday,0,0,1,Old Zañiga,Buhangin Creek,6.7,154.6,0.462,0.82,34449,24,21.7,149.3,243.5,30.6,62.1,15.1,1.4,157.7,6.9,High
FLD-000321,2025-12-05,2025,12,Friday,0,0,0,Poblacion,Buhangin Creek,7.4,124.3,0.435,0.878,39827,22,6.2,251.4,290.1,31.1,60.5,7.3,1.02,69.5,11.7,High
FLD-000322,2021-02-11,2021,2,Thursday,0,0,0,Daang Bakal,Maytunas Creek,11.7,319.7,0.594,0.731,34289,18,2.6,104.3,156.5,33.8,73.5,12.5,1.24,113.8,7.1,Medium
FLD-000323,2021-10-29,2021,10,Friday,0,1,0,Barangka Ilaya,Pasig River,8.6,143.2,0.46,0.816,36606,14,52.6,67.5,250.0,29.3,69.9,8.1,0.37,138.4,7.9,Medium
FLD-000324,2024-03-17,2024,3,Sunday,1,0,1,New Zañiga,Buhangin Creek,6.5,137.3,0.485,0.804,35307,17,82.5,161.7,214.0,31.3,75.3,12.9,0.79,206.2,11.9,High
FLD-000325,2024-10-08,2024,10,Tuesday,0,1,0,Mauway,Maytunas Creek,22.5,833.4,0.673,0.685,35315,5,42.5,84.0,154.3,30.4,76.8,15.2,1.2,100.9,6.4,Medium
FLD-000326,2023-11-15,2023,11,Wednesday,0,1,0,Hagdan Bato Libis,Drainage,14.8,505.1,0.609,0.754,28921,11,8.4,102.4,169.3,30.7,86.2,21.9,1.28,111.3,8.6,Medium
FLD-000327,2021-08-01,2021,8,Sunday,1,1,1,Mabini-J. Rizal,Maytunas Creek,14.5,408.0,0.633,0.719,33167,13,18.2,50.0,252.1,28.8,65.2,10.8,0.77,188.1,6.9,Low
FLD-000328,2021-02-06,2021,2,Saturday,1,0,0,Harapin ang Bukas,Drainage,17.5,515.6,0.573,0.755,22871,13,15.1,76.8,166.8,29.8,66.3,5.1,1.14,5.0,5.8,Low
FLD-000329,2024-08-18,2024,8,Sunday,1,1,1,Barangka Ilaya,Pasig River,7.9,135.2,0.455,0.843,36974,19,28.9,74.0,279.3,27.9,76.8,42.0,1.84,166.2,7.2,Medium
FLD-000330,2023-12-21,2023,12,Thursday,0,0,0,Barangka Itaas,Pasig River,9.5,248.9,0.487,0.781,36979,14,34.3,50.2,180.5,33.1,75.5,12.5,0.92,98.4,10.0,Medium
FLD-000331,2024-10-16,2024,10,Wednesday,0,1,0,Buayang Bato,Buayang Bato Creek,14.6,278.2,0.561,0.772,33274,15,20.8,92.4,145.4,30.0,70.1,34.9,0.63,32.3,6.5,Medium
FLD-000332,2026-04-02,2026,4,Thursday,0,0,2,Highway Hills,Maytunas Creek,30.9,920.6,0.705,0.814,42502,10,40.0,78.7,103.9,30.8,61.8,23.7,1.01,125.0,6.7,High
FLD-000333,2026-03-29,2026,3,Sunday,1,0,0,Mauway,Maytunas Creek,24.0,829.3,0.623,0.72,37979,11,16.2,123.6,201.2,31.9,72.2,8.2,1.22,83.2,8.2,Medium
FLD-000334,2024-06-21,2024,6,Friday,0,1,2,Barangka Ilaya,Pasig River,6.7,161.6,0.514,0.864,36800,24,78.6,117.7,311.6,27.1,89.5,19.4,0.92,238.9,8.7,High
FLD-000335,2023-02-08,2023,2,Wednesday,0,0,1,Vergara,Drainage,24.9,774.5,0.728,0.623,22476,16,112.2,157.9,317.5,30.2,80.9,16.3,1.55,241.8,9.3,High
FLD-000336,2024-09-29,2024,9,Sunday,1,1,2,Barangka Itaas,Pasig River,10.0,235.4,0.568,0.903,36964,22,95.6,135.5,168.1,29.6,85.9,37.6,1.35,262.8,13.7,High
FLD-000337,2025-06-12,2025,6,Thursday,0,1,1,Vergara,Drainage,24.6,789.1,0.678,0.67,23391,11,169.7,190.3,362.4,25.3,79.3,17.4,1.15,335.5,9.3,High
FLD-000338,2026-05-18,2026,5,Monday,0,1,0,Addition Hills,Maytunas Creek,24.2,995.9,0.641,0.753,48095,12,8.0,36.5,218.7,28.9,80.1,3.0,1.37,90.4,1.9,Medium
FLD-000339,2021-04-13,2021,4,Tuesday,0,0,0,Namayan,Pasig River,8.2,184.9,0.507,0.842,31605,13,7.1,37.5,116.3,33.6,62.8,1.9,0.69,134.5,1.0,Medium
FLD-000340,2021-10-20,2021,10,Wednesday,0,1,0,Mabini-J. Rizal,Maytunas Creek,15.9,489.8,0.581,0.744,27769,10,2.6,41.2,148.8,29.1,60.0,1.6,1.55,66.5,3.2,Low
FLD-000341,2025-04-06,2025,4,Sunday,1,0,0,Namayan,Pasig River,7.5,121.5,0.529,0.803,33563,20,14.0,44.1,60.9,30.5,73.0,15.3,0.63,103.0,1.7,Medium
FLD-000342,2024-07-13,2024,7,Saturday,1,1,0,Burol,Drainage,20.2,694.3,0.689,0.692,19684,14,2.3,63.8,136.2,30.4,83.5,0,1.18,87.8,7.0,Medium
FLD-000343,2025-02-08,2025,2,Saturday,1,0,0,Buayang Bato,Buayang Bato Creek,13.9,288.0,0.509,0.739,38789,17,0.7,3.9,36.9,30.0,58.5,1.0,1.54,6.6,2.8,Low
FLD-000344,2022-05-26,2022,5,Thursday,0,1,0,Hagdan Bato Libis,Drainage,16.5,520.1,0.57,0.734,30538,16,5.9,62.6,172.3,28.3,68.2,18.0,1.02,3.5,7.2,Low
FLD-000345,2022-10-16,2022,10,Sunday,1,1,0,Poblacion,Buhangin Creek,6.4,63.6,0.471,0.848,40872,22,18.9,156.2,216.7,31.1,61.7,2.1,1.08,161.0,11.2,Medium
FLD-000346,2026-04-15,2026,4,Wednesday,0,0,0,Old Zañiga,Buhangin Creek,7.7,156.0,0.474,0.808,35394,20,18.7,41.3,198.4,33.3,64.9,11.3,1.62,7.6,7.6,Low
FLD-000347,2023-04-17,2023,4,Monday,0,0,0,Namayan,Pasig River,8.8,113.2,0.513,0.826,32319,17,2.4,22.9,83.2,33.1,72.7,10.9,1.17,112.4,4.1,Medium
FLD-000348,2024-11-24,2024,11,Sunday,1,1,0,Namayan,Pasig River,7.4,152.4,0.539,0.803,33810,22,15.6,72.6,326.8,29.7,71.0,5.3,1.46,91.4,4.8,High
FLD-000349,2023-05-22,2023,5,Monday,0,1,0,Buayang Bato,Buayang Bato Creek,12.6,339.5,0.602,0.751,29229,19,2.0,35.5,182.6,30.1,63.3,15.3,1.14,89.9,0.6,Medium
FLD-000350,2026-01-11,2026,1,Sunday,1,0,1,Hagdan Bato Itaas,Drainage,22.1,767.4,0.66,0.655,30844,9,99.0,127.5,193.7,27.1,70.9,23.8,0.82,183.2,6.6,High
FLD-000351,2026-01-26,2026,1,Monday,0,0,0,Hagdan Bato Libis,Drainage,16.6,485.2,0.669,0.722,26112,8,22.1,60.2,171.2,31.6,73.4,8.2,1.32,10.1,3.8,Low
FLD-000352,2021-10-20,2021,10,Wednesday,0,1,1,Burol,Drainage,20.6,665.8,0.677,0.743,21151,14,84.5,166.4,320.3,25.4,80.8,11.3,1.32,155.2,8.7,High
FLD-000353,2025-02-27,2025,2,Thursday,0,0,0,Mauway,Maytunas Creek,22.3,882.4,0.675,0.649,39379,9,40.3,97.5,170.7,29.2,67.8,10.4,0.86,6.3,6.9,Low
FLD-000354,2021-09-21,2021,9,Tuesday,0,1,0,Buayang Bato,Buayang Bato Creek,13.5,326.5,0.542,0.748,32253,20,3.2,33.7,339.9,29.5,66.3,0.1,0.97,110.2,4.2,Medium
FLD-000355,2021-05-26,2021,5,Wednesday,0,1,0,Namayan,Pasig River,8.1,154.8,0.524,0.835,33232,19,1.3,34.5,96.6,28.4,70.3,5.2,0.71,76.0,4.8,Low
FLD-000356,2021-10-26,2021,10,Tuesday,0,1,0,Buayang Bato,Buayang Bato Creek,14.5,292.5,0.602,0.754,30860,16,54.7,103.7,227.2,29.2,82.5,13.6,1.19,132.5,7.0,Medium
FLD-000357,2022-12-22,2022,12,Thursday,0,0,0,Harapin ang Bukas,Drainage,18.1,504.7,0.606,0.757,22428,12,4.7,70.0,189.0,32.0,62.2,35.7,1.57,160.1,7.1,Medium
FLD-000358,2025-12-02,2025,12,Tuesday,0,0,2,Wack-Wack Greenhills East,Drainage,27.4,1214.5,0.823,0.599,15007,6,128.5,150.9,319.3,30.0,82.9,33.5,0.77,188.9,5.3,High
FLD-000359,2024-03-20,2024,3,Wednesday,0,0,0,Burol,Drainage,21.1,703.0,0.666,0.674,18656,16,11.2,62.2,256.0,32.3,69.1,0,0.79,84.4,5.0,Low
FLD-000360,2025-02-26,2025,2,Wednesday,0,0,0,San Jose,Drainage,21.6,744.9,0.66,0.681,26887,13,36.9,146.5,203.1,29.2,76.8,11.4,0.93,109.2,9.5,Medium
FLD-000361,2021-12-09,2021,12,Thursday,0,0,2,Malamig,Tributary,21.1,607.8,0.684,0.677,30115,10,145.2,199.6,325.6,27.1,80.4,24.2,1.58,260.7,11.6,High
FLD-000362,2023-12-19,2023,12,Tuesday,0,0,3,New Zañiga,Buhangin Creek,7.8,195.1,0.485,0.775,33650,17,88.2,158.9,179.5,26.7,80.1,32.8,0.53,358.9,15.6,Medium
FLD-000363,2022-03-07,2022,3,Monday,0,0,2,Highway Hills,Maytunas Creek,29.3,869.0,0.778,0.788,44952,14,179.2,274.4,330.7,28.9,88.1,37.9,0.34,250.0,17.0,High
FLD-000364,2021-06-19,2021,6,Saturday,1,1,1,Barangka Ilaya,Pasig River,8.9,142.6,0.562,0.84,37265,14,24.2,118.5,219.4,31.2,83.9,21.9,0.56,8.7,8.2,Low
FLD-000365,2024-05-05,2024,5,Sunday,1,1,1,Barangka Drive,Pasig River,10.0,211.7,0.578,0.814,33561,20,20.7,70.5,202.1,27.5,79.1,9.2,1.52,73.2,3.8,Medium
FLD-000366,2025-11-26,2025,11,Wednesday,0,1,0,Addition Hills,Maytunas Creek,25.4,1036.6,0.657,0.719,47935,12,27.9,173.2,206.8,27.4,78.9,13.5,1.99,122.5,11.6,Low
FLD-000367,2023-10-25,2023,10,Wednesday,0,1,0,Harapin ang Bukas,Drainage,17.6,558.0,0.629,0.78,21579,8,39.3,50.8,114.2,31.0,82.3,7.1,1.26,169.2,5.9,Medium
FLD-000368,2025-07-26,2025,7,Saturday,1,1,0,Old Zañiga,Buhangin Creek,6.8,118.6,0.456,0.816,35938,22,65.8,120.0,168.6,28.1,82.3,7.0,1.2,222.3,10.0,High
FLD-000369,2021-05-23,2021,5,Sunday,1,1,0,Bagong Silang,Drainage,17.3,604.6,0.624,0.709,23105,10,3.0,25.6,240.2,30.3,61.1,13.2,1.27,104.5,1.5,Low
FLD-000370,2025-03-07,2025,3,Friday,0,0,2,San Jose,Drainage,21.7,708.8,0.671,0.651,27650,14,58.7,116.8,230.6,29.2,75.9,22.9,1.04,154.5,6.8,Medium
FLD-000371,2022-08-30,2022,8,Tuesday,0,1,0,San Jose,Drainage,22.6,691.6,0.718,0.714,26986,11,11.5,44.9,235.3,27.9,77.0,11.3,1.03,1.4,3.4,Low
FLD-000372,2023-09-26,2023,9,Tuesday,0,1,1,Burol,Drainage,21.1,713.7,0.71,0.667,23227,13,37.0,60.4,121.1,28.7,72.2,9.4,1.07,110.1,4.5,High
FLD-000373,2025-10-19,2025,10,Sunday,1,1,0,Burol,Drainage,21.0,722.4,0.631,0.671,21071,13,0.4,27.6,83.0,28.0,72.4,8.4,1.27,52.1,2.8,Medium
FLD-000374,2024-07-07,2024,7,Sunday,1,1,0,Mauway,Maytunas Creek,23.4,812.2,0.686,0.721,41599,15,16.8,51.0,98.9,27.1,77.0,7.6,0.84,67.0,2.9,Low
FLD-000375,2021-12-03,2021,12,Friday,0,0,0,Barangka Ilaya,Pasig River,9.5,132.3,0.499,0.881,33092,27,5.1,76.1,199.3,32.2,58.1,12.8,1.24,192.6,7.1,Medium
FLD-000376,2026-01-14,2026,1,Wednesday,0,0,0,Bagong Silang,Drainage,15.4,611.5,0.578,0.686,25198,12,29.6,98.5,131.5,30.1,51.5,25.3,0.7,45.0,7.7,Medium
FLD-000377,2021-01-30,2021,1,Saturday,1,0,2,Pleasant Hills,Ermitaño Creek,25.5,1003.7,0.722,0.704,26910,3,46.9,88.9,114.7,29.0,62.5,17.3,1.46,11.4,5.3,Low
FLD-000378,2025-04-04,2025,4,Friday,0,0,1,Wack-Wack Greenhills East,Drainage,28.3,1223.0,0.832,0.671,21787,9,83.3,192.3,307.2,30.0,77.5,12.1,1.13,206.5,12.6,High
FLD-000379,2021-05-30,2021,5,Sunday,1,1,0,Poblacion,Buhangin Creek,5.2,145.6,0.458,0.83,42236,25,23.5,70.0,232.3,28.7,74.2,15.6,1.52,128.9,4.4,High
FLD-000380,2022-04-08,2022,4,Friday,0,0,1,Wack-Wack Greenhills East,Drainage,26.8,1170.4,0.771,0.616,15616,8,12.2,38.4,120.3,29.9,61.3,13.4,1.15,52.5,7.6,Medium
FLD-000381,2023-11-03,2023,11,Friday,0,1,1,Pleasant Hills,Ermitaño Creek,25.2,989.6,0.738,0.714,26710,8,45.1,112.0,279.9,26.6,74.7,30.8,1.59,91.5,8.0,Medium
FLD-000382,2021-01-29,2021,1,Friday,0,0,0,Hagdan Bato Libis,Drainage,16.2,466.7,0.624,0.743,30255,14,26.0,120.4,189.2,32.2,64.0,7.1,0.88,12.2,5.2,Low
FLD-000383,2021-09-02,2021,9,Thursday,0,1,2,Plainview,Estero,17.1,499.1,0.549,0.747,30295,19,148.4,190.2,328.6,26.5,100,13.7,1.53,247.6,15.9,High
FLD-000384,2021-03-26,2021,3,Friday,0,0,0,Vergara,Drainage,25.2,789.2,0.748,0.635,20350,9,4.7,21.8,74.3,30.5,69.1,0.8,0.44,2.0,5.2,Low
FLD-000385,2023-04-01,2023,4,Saturday,1,0,1,Harapin ang Bukas,Drainage,16.2,544.4,0.624,0.817,22747,15,60.2,193.5,290.9,30.6,79.1,8.9,0.95,185.1,10.8,High
FLD-000386,2024-05-16,2024,5,Thursday,0,1,2,Plainview,Estero,17.6,496.1,0.676,0.71,34276,16,181.2,265.4,453.2,25.6,94.6,23.8,1.26,382.4,13.9,High
FLD-000387,2023-07-07,2023,7,Friday,0,1,0,Harapin ang Bukas,Drainage,16.6,570.5,0.585,0.765,22546,14,13.7,29.8,53.2,33.3,78.7,0.3,0.83,55.0,2.5,Low
FLD-000388,2021-10-11,2021,10,Monday,0,1,0,Malamig,Tributary,18.8,571.4,0.627,0.739,32405,18,17.6,151.7,186.4,31.0,76.8,0,1.08,5.2,5.2,Low
FLD-000389,2022-12-23,2022,12,Friday,0,0,1,Buayang Bato,Buayang Bato Creek,13.9,302.9,0.517,0.721,37129,19,20.2,71.9,118.1,31.6,68.7,14.4,0.67,3.0,4.5,Low
FLD-000390,2024-02-09,2024,2,Friday,0,0,2,Barangka Drive,Pasig River,10.1,194.1,0.472,0.877,32818,19,27.3,48.1,69.4,28.3,66.7,26.8,0.72,22.2,4.7,Low
FLD-000391,2022-11-08,2022,11,Tuesday,0,1,2,Namayan,Pasig River,8.1,179.2,0.498,0.772,32064,20,61.8,148.5,220.2,24.6,82.4,32.1,1.22,212.0,10.0,High
FLD-000392,2023-11-12,2023,11,Sunday,1,1,0,New Zañiga,Buhangin Creek,8.1,156.1,0.505,0.797,32702,17,3.9,260.1,321.2,31.1,80.8,25.1,1.26,222.9,13.6,High
FLD-000393,2023-03-09,2023,3,Thursday,0,0,0,Bagong Silang,Drainage,18.5,639.7,0.663,0.73,26205,9,15.6,40.3,80.1,32.7,65.1,12.5,1.14,137.7,5.1,Low
FLD-000394,2025-12-19,2025,12,Friday,0,0,1,Barangka Drive,Pasig River,9.6,205.7,0.506,0.845,35381,14,167.6,295.4,360.3,25.4,80.7,19.5,1.0,377.7,19.3,High
FLD-000395,2021-08-18,2021,8,Wednesday,0,1,1,Poblacion,Buhangin Creek,6.9,117.6,0.433,0.793,41779,25,162.4,203.9,231.8,25.5,92.3,25.9,1.0,376.3,15.7,High
FLD-000396,2024-10-04,2024,10,Friday,0,1,3,Hagdan Bato Itaas,Drainage,21.7,767.0,0.658,0.685,27956,14,207.8,250.2,285.4,26.0,91.8,33.5,1.37,378.5,15.3,High
FLD-000397,2022-10-13,2022,10,Thursday,0,1,0,Daang Bakal,Maytunas Creek,11.0,341.0,0.546,0.771,34892,18,26.3,87.2,189.9,29.0,73.2,0,1.35,19.4,8.7,Low
FLD-000398,2026-05-14,2026,5,Thursday,0,1,0,Barangka Drive,Pasig River,9.7,233.3,0.548,0.824,37866,16,21.6,33.1,131.1,30.1,68.5,14.0,0.7,131.3,5.5,Medium
FLD-000399,2023-01-10,2023,1,Tuesday,0,0,0,Pag-Asa,Drainage,21.8,701.1,0.651,0.732,21604,16,0.8,24.4,185.5,32.2,70.3,7.6,0.51,4.9,4.2,Low
FLD-000400,2024-01-19,2024,1,Friday,0,0,0,Mabini-J. Rizal,Maytunas Creek,14.8,472.6,0.605,0.735,29891,20,40.0,132.9,209.3,30.2,72.4,7.1,0.66,0.8,6.2,Low
FLD-000401,2024-03-11,2024,3,Monday,0,0,0,New Zañiga,Buhangin Creek,7.5,141.0,0.555,0.797,38462,13,13.1,76.8,93.0,32.4,56.9,3.3,1.11,6.6,3.7,Low
FLD-000402,2023-11-10,2023,11,Friday,0,1,0,Pag-Asa,Drainage,19.9,679.7,0.633,0.727,21899,12,7.3,32.8,113.6,30.0,80.0,7.4,1.56,8.4,1.5,Low
FLD-000403,2024-11-23,2024,11,Saturday,1,1,0,Pag-Asa,Drainage,19.6,687.5,0.625,0.698,28635,10,2.2,154.7,383.5,29.9,69.1,3.7,1.57,10.7,12.1,Low
FLD-000404,2021-05-22,2021,5,Saturday,1,1,0,Highway Hills,Maytunas Creek,30.8,916.9,0.79,0.782,42727,6,3.9,46.4,249.9,28.1,71.0,10.0,0.73,27.3,2.7,Low
FLD-000405,2025-09-20,2025,9,Saturday,1,1,1,Daang Bakal,Maytunas Creek,12.0,315.7,0.493,0.736,32153,19,110.2,226.3,289.4,28.3,80.2,15.8,1.22,261.5,16.8,High
FLD-000406,2024-03-31,2024,3,Sunday,1,0,3,Mauway,Maytunas Creek,22.0,782.0,0.708,0.656,39381,12,206.8,260.9,588.5,22.8,88.6,29.6,0.85,397.5,19.1,High
FLD-000407,2025-03-29,2025,3,Saturday,1,0,0,Pleasant Hills,Ermitaño Creek,23.5,941.0,0.668,0.684,25340,8,44.8,148.8,212.7,29.0,68.0,43.7,0.93,79.0,3.5,Medium
FLD-000408,2021-02-13,2021,2,Saturday,1,0,0,Barangka Itaas,Pasig River,9.8,248.1,0.491,0.781,36049,14,32.7,62.5,168.5,31.2,64.4,11.6,1.38,120.7,5.1,Low
FLD-000409,2023-04-24,2023,4,Monday,0,0,0,Mauway,Maytunas Creek,21.8,869.1,0.685,0.684,38638,7,105.5,151.3,170.3,30.7,71.7,6.9,0.58,199.1,9.4,High
FLD-000410,2023-03-01,2023,3,Wednesday,0,0,0,Old Zañiga,Buhangin Creek,7.0,137.3,0.493,0.745,38292,21,0.4,45.4,253.7,31.1,68.1,10.2,0.78,111.5,4.2,Low
FLD-000411,2021-10-07,2021,10,Thursday,0,1,0,Wack-Wack Greenhills East,Drainage,27.5,1175.7,0.778,0.642,12762,8,14.5,135.6,203.9,28.9,81.5,6.3,1.27,99.5,5.2,Low
FLD-000412,2023-02-14,2023,2,Tuesday,0,0,0,Mauway,Maytunas Creek,22.9,806.4,0.739,0.695,38229,14,7.2,85.5,182.9,34.2,73.9,4.4,1.5,3.2,7.5,Low
FLD-000413,2021-08-12,2021,8,Thursday,0,1,0,Plainview,Estero,17.0,487.8,0.61,0.734,31404,17,16.8,58.3,148.2,26.9,86.2,6.2,0.99,143.3,6.2,Low
FLD-000414,2021-05-23,2021,5,Sunday,1,1,0,Pag-Asa,Drainage,19.9,667.4,0.622,0.728,25958,16,27.3,44.5,153.1,28.7,70.9,4.0,0.94,16.7,3.7,Low
FLD-000415,2024-11-15,2024,11,Friday,0,1,0,Hagdan Bato Libis,Drainage,15.9,523.4,0.653,0.788,30328,17,43.1,156.0,246.0,29.9,80.0,10.0,1.26,120.3,6.9,Medium
FLD-000416,2026-02-18,2026,2,Wednesday,0,0,0,Hagdan Bato Libis,Drainage,16.5,526.0,0.643,0.758,28310,13,7.9,33.6,57.4,31.7,61.7,5.0,0.66,0.2,1.3,Low
FLD-000417,2023-05-02,2023,5,Tuesday,0,1,0,New Zañiga,Buhangin Creek,7.6,171.0,0.513,0.746,37812,23,21.2,102.0,139.5,29.1,80.2,7.8,1.12,150.2,6.1,Low
FLD-000418,2023-08-26,2023,8,Saturday,1,1,0,Hagdan Bato Libis,Drainage,15.1,490.6,0.63,0.73,29609,13,6.4,41.8,137.7,31.9,82.2,0.9,0.86,1.9,4.2,Low
FLD-000419,2021-05-03,2021,5,Monday,0,1,0,Buayang Bato,Buayang Bato Creek,14.1,309.3,0.552,0.727,33265,21,30.0,198.8,296.8,26.9,71.3,9.5,1.27,56.0,10.0,High
FLD-000420,2024-03-29,2024,3,Friday,0,0,1,Hagdan Bato Itaas,Drainage,22.4,798.4,0.666,0.668,29074,9,71.3,135.8,178.6,29.3,76.2,9.8,0.96,196.3,8.0,Medium
FLD-000421,2025-07-02,2025,7,Wednesday,0,1,0,Barangka Itaas,Pasig River,8.9,250.3,0.583,0.839,34430,21,57.3,119.3,305.4,28.4,69.8,9.8,1.08,147.8,7.5,High
FLD-000422,2024-10-21,2024,10,Monday,0,1,0,Poblacion,Buhangin Creek,5.8,127.4,0.476,0.862,40867,22,69.4,150.5,275.3,26.0,78.5,9.5,1.17,172.8,12.7,High
FLD-000423,2023-04-23,2023,4,Sunday,1,0,0,Hagdan Bato Libis,Drainage,16.2,483.9,0.542,0.715,33734,19,5.5,40.4,162.9,34.3,67.6,7.9,0.89,42.3,3.9,Medium
FLD-000424,2025-02-06,2025,2,Thursday,0,0,2,Daang Bakal,Maytunas Creek,11.8,312.5,0.598,0.767,28003,15,161.0,192.3,273.9,26.8,84.6,39.7,0.75,379.0,12.9,High
FLD-000425,2023-06-20,2023,6,Tuesday,0,1,0,Namayan,Pasig River,6.3,181.1,0.482,0.777,33471,14,8.5,102.2,141.5,30.9,80.2,19.8,0.84,2.2,7.3,Low
FLD-000426,2024-01-06,2024,1,Saturday,1,0,1,New Zañiga,Buhangin Creek,6.7,127.1,0.488,0.831,31668,19,54.4,236.0,292.5,28.6,72.1,22.1,0.31,168.6,11.5,High
FLD-000427,2025-07-09,2025,7,Wednesday,0,1,1,Hagdan Bato Libis,Drainage,15.9,532.2,0.574,0.763,31078,17,39.6,69.3,258.6,27.2,83.9,17.3,1.06,113.5,5.8,Medium
FLD-000428,2026-06-22,2026,6,Monday,0,1,1,Namayan,Pasig River,7.8,187.0,0.491,0.786,32779,16,79.9,117.9,191.6,28.4,83.3,10.2,1.36,227.7,13.3,High
FLD-000429,2022-02-08,2022,2,Tuesday,0,0,1,Namayan,Pasig River,7.8,121.5,0.493,0.783,29121,19,114.3,146.7,222.2,29.8,70.7,13.8,0.82,309.5,14.2,High
FLD-000430,2023-07-09,2023,7,Sunday,1,1,0,Addition Hills,Maytunas Creek,24.9,1024.8,0.709,0.701,47655,8,24.6,98.9,203.4,26.8,70.0,7.0,1.49,165.1,7.5,Medium
FLD-000431,2026-02-19,2026,2,Thursday,0,0,0,Barangka Drive,Pasig River,8.0,200.7,0.512,0.869,34240,18,12.3,32.9,260.2,29.8,73.6,15.5,1.03,77.8,9.2,Medium
FLD-000432,2025-02-04,2025,2,Tuesday,0,0,0,Pleasant Hills,Ermitaño Creek,24.2,983.9,0.674,0.703,27017,9,15.9,49.6,153.9,34.3,69.5,10.2,0.78,4.8,5.2,Low
FLD-000433,2023-01-28,2023,1,Saturday,1,0,0,New Zañiga,Buhangin Creek,7.8,149.5,0.516,0.773,31600,17,11.9,30.1,87.3,29.8,48,0,0.92,128.4,4.5,Low
FLD-000434,2025-11-29,2025,11,Saturday,1,1,0,Pleasant Hills,Ermitaño Creek,25.4,1030.8,0.718,0.667,27078,15,0.7,44.5,120.3,30.2,65.8,14.5,1.1,40.1,6.8,Low
FLD-000435,2023-05-27,2023,5,Saturday,1,1,0,Burol,Drainage,20.7,676.5,0.691,0.666,21081,17,22.3,149.7,241.2,30.9,76.2,17.5,1.11,133.1,6.7,Low
FLD-000436,2025-11-02,2025,11,Sunday,1,1,0,Wack-Wack Greenhills East,Drainage,28.1,1194.3,0.822,0.686,20689,9,42.7,140.7,297.4,28.3,76.0,11.5,0.68,130.1,6.8,Medium
FLD-000437,2026-03-14,2026,3,Saturday,1,0,0,Barangka Ibaba,Pasig River,7.2,40.2,0.37,0.859,38247,25,14.5,51.9,165.6,32.4,66.1,21.3,0.73,123.5,3.1,Medium
FLD-000438,2026-02-11,2026,2,Wednesday,0,0,2,Burol,Drainage,19.9,712.5,0.692,0.661,25307,11,189.7,199.7,295.5,26.4,98.8,35.8,1.41,340.5,14.6,High
FLD-000439,2025-01-10,2025,1,Friday,0,0,0,Bagong Silang,Drainage,17.3,593.4,0.571,0.715,24809,15,7.3,39.6,89.0,29.9,73.0,4.5,1.24,2.9,2.3,Low
FLD-000440,2021-12-05,2021,12,Sunday,1,0,2,Plainview,Estero,18.8,476.9,0.594,0.749,32019,14,36.3,99.9,247.8,30.9,65.8,18.9,1.17,235.4,7.9,High
FLD-000441,2023-12-27,2023,12,Wednesday,0,0,1,Wack-Wack Greenhills East,Drainage,26.5,1242.5,0.799,0.636,21473,0,8.0,64.4,197.0,31.7,65.0,16.8,0.87,5.4,3.2,Low
FLD-000442,2024-08-12,2024,8,Monday,0,1,2,Mauway,Maytunas Creek,22.9,842.5,0.606,0.657,39158,12,38.6,66.2,144.7,31.5,67.9,17.9,1.17,132.6,7.4,High
FLD-000443,2021-03-25,2021,3,Thursday,0,0,0,Hagdan Bato Libis,Drainage,14.9,531.1,0.594,0.722,29632,15,28.8,42.4,160.0,30.0,74.8,8.7,1.01,51.2,2.9,Low
FLD-000444,2024-08-09,2024,8,Friday,0,1,0,Bagong Silang,Drainage,18.2,580.1,0.589,0.744,24451,17,12.3,101.6,233.5,31.4,75.5,9.7,1.36,67.0,4.5,Medium
FLD-000445,2023-01-11,2023,1,Wednesday,0,0,2,Malamig,Tributary,20.6,640.0,0.649,0.682,25634,15,36.3,95.4,179.6,33.0,71.0,18.7,0.79,173.8,13.0,High
FLD-000446,2026-05-27,2026,5,Wednesday,0,1,0,Burol,Drainage,21.3,657.6,0.731,0.621,22720,13,49.4,82.4,161.4,27.6,90.6,5.2,1.46,151.3,4.4,High
FLD-000447,2025-06-12,2025,6,Thursday,0,1,1,New Zañiga,Buhangin Creek,7.1,148.7,0.521,0.769,37770,17,80.5,134.1,163.0,27.5,70.0,10.9,1.2,241.9,7.2,High
FLD-000448,2026-03-13,2026,3,Friday,0,0,1,Barangka Ibaba,Pasig River,7.2,129.6,0.442,0.935,44787,14,74.9,97.0,135.1,30.9,68.8,14.3,1.16,187.5,9.1,High
FLD-000449,2022-04-03,2022,4,Sunday,1,0,0,Burol,Drainage,19.2,676.7,0.667,0.692,21868,14,0.1,97.2,138.4,32.5,69.1,4.5,0.95,27.0,6.2,Low
FLD-000450,2025-02-27,2025,2,Thursday,0,0,0,Burol,Drainage,21.0,674.9,0.645,0.673,23004,7,8.9,14.0,45.2,30.0,67.4,18.7,1.17,80.1,1.4,Low
FLD-000451,2022-06-12,2022,6,Sunday,1,1,0,Mauway,Maytunas Creek,21.8,824.3,0.704,0.741,34358,11,1.2,49.0,135.8,31.6,69.5,3.9,1.48,77.6,2.2,Medium
FLD-000452,2025-04-10,2025,4,Thursday,0,0,0,Pleasant Hills,Ermitaño Creek,26.2,1024.4,0.718,0.714,23318,7,13.6,20.6,84.9,31.1,69.0,7.2,0.74,4.8,2.8,Low
FLD-000453,2025-12-12,2025,12,Friday,0,0,1,Barangka Ilaya,Pasig River,8.3,128.1,0.49,0.843,42371,19,58.6,112.8,207.6,29.3,77.1,34.2,0.68,152.9,6.9,High
FLD-000454,2026-03-14,2026,3,Saturday,1,0,1,Addition Hills,Maytunas Creek,25.5,991.2,0.663,0.746,42869,13,28.2,66.3,99.5,29.9,56.7,13.2,1.31,109.5,7.3,Medium
FLD-000455,2026-01-17,2026,1,Saturday,1,0,1,Burol,Drainage,20.6,712.8,0.655,0.646,17909,12,68.5,85.1,232.9,30.8,79.9,23.3,1.02,168.7,1.6,Medium
FLD-000456,2023-07-02,2023,7,Sunday,1,1,2,Hagdan Bato Libis,Drainage,15.5,471.3,0.596,0.755,29617,13,37.0,147.1,212.9,28.8,76.5,25.0,0.93,122.3,10.6,High
FLD-000457,2025-02-02,2025,2,Sunday,1,0,0,Bagong Silang,Drainage,18.4,581.0,0.625,0.696,31016,10,11.5,33.6,74.8,31.4,63.3,8.3,1.08,8.8,6.0,Low
FLD-000458,2023-05-11,2023,5,Thursday,0,1,0,Hagdan Bato Itaas,Drainage,23.0,733.5,0.706,0.71,29277,12,9.9,74.7,138.3,28.9,70.6,9.5,0.99,58.2,5.4,Medium
FLD-000459,2021-03-27,2021,3,Saturday,1,0,0,Old Zañiga,Buhangin Creek,6.8,111.8,0.486,0.806,35732,21,4.3,71.0,136.9,32.2,72.6,11.4,0.4,130.4,7.4,Medium
FLD-000460,2025-06-18,2025,6,Wednesday,0,1,0,Burol,Drainage,20.4,700.8,0.65,0.64,21085,13,4.8,109.8,313.6,30.1,89.8,6.8,1.01,55.7,7.8,Medium
FLD-000461,2023-04-17,2023,4,Monday,0,0,0,Mauway,Maytunas Creek,23.8,878.3,0.67,0.688,43344,15,5.1,50.7,129.3,28.9,69.5,3.9,0.88,0,5.3,Medium
FLD-000462,2022-12-25,2022,12,Sunday,1,0,2,Harapin ang Bukas,Drainage,16.3,524.7,0.609,0.763,22397,14,119.2,161.6,327.9,29.4,84.3,14.6,1.44,236.1,11.0,High
FLD-000463,2022-05-19,2022,5,Thursday,0,1,1,Old Zañiga,Buhangin Creek,7.1,140.6,0.522,0.794,34951,16,101.4,163.4,287.6,27.1,80.4,13.9,1.23,285.2,10.4,High
FLD-000464,2025-02-01,2025,2,Saturday,1,0,0,Buayang Bato,Buayang Bato Creek,14.7,292.5,0.566,0.799,37033,15,6.3,23.7,71.5,32.7,73.6,10.1,1.34,25.6,5.9,Medium
FLD-000465,2025-06-05,2025,6,Thursday,0,1,0,Pleasant Hills,Ermitaño Creek,24.9,1011.1,0.693,0.688,25904,10,58.9,156.3,198.7,29.7,79.0,8.5,0.77,110.5,7.4,Medium
FLD-000466,2026-01-26,2026,1,Monday,0,0,0,Namayan,Pasig River,8.0,163.9,0.508,0.774,33253,17,10.8,136.4,183.0,31.4,62.7,16.3,1.16,94.3,9.9,Low
FLD-000467,2022-11-08,2022,11,Tuesday,0,1,1,Burol,Drainage,20.4,666.0,0.675,0.689,20425,12,55.0,295.2,368.0,27.0,79.4,24.6,0.96,132.0,15.0,High
FLD-000468,2025-02-22,2025,2,Saturday,1,0,1,Hulo,Pasig River,6.1,109.0,0.481,0.883,41369,21,136.2,181.2,244.6,25.9,73.3,27.9,0.68,293.0,12.1,High
FLD-000469,2022-03-24,2022,3,Thursday,0,0,0,Bagong Silang,Drainage,18.1,614.1,0.627,0.717,27317,10,6.6,62.2,220.8,32.0,66.3,12.4,0.92,123.3,3.4,Medium
FLD-000470,2021-05-27,2021,5,Thursday,0,1,1,Highway Hills,Maytunas Creek,30.7,913.8,0.771,0.743,42172,7,6.0,20.1,220.8,29.8,86.0,25.2,0.9,4.4,2.1,Low
FLD-000471,2022-02-28,2022,2,Monday,0,0,1,Addition Hills,Maytunas Creek,24.6,996.6,0.671,0.718,46660,11,110.0,130.3,206.9,29.6,77.9,10.9,1.43,245.8,9.8,Medium
FLD-000472,2023-03-25,2023,3,Saturday,1,0,0,Burol,Drainage,20.9,697.2,0.666,0.71,20446,12,2.3,63.1,86.5,29.4,56.4,14.6,1.05,3.1,4.5,Low
FLD-000473,2023-03-12,2023,3,Sunday,1,0,1,Hulo,Pasig River,5.5,62.7,0.44,0.89,37532,22,77.7,93.6,218.0,27.0,72.8,13.1,1.28,271.6,5.9,High
FLD-000474,2021-08-17,2021,8,Tuesday,0,1,0,Vergara,Drainage,24.0,833.0,0.744,0.623,26637,7,7.5,70.4,190.1,30.0,69.4,5.5,1.2,0.4,3.8,Low
FLD-000475,2025-06-09,2025,6,Monday,0,1,0,Vergara,Drainage,24.2,732.2,0.688,0.618,25952,15,3.6,48.8,222.4,29.8,77.8,5.7,1.42,55.3,3.1,Medium
FLD-000476,2022-01-01,2022,1,Saturday,1,0,0,Bagong Silang,Drainage,17.9,591.0,0.578,0.715,24875,12,20.0,87.1,210.9,30.7,56.2,0,1.09,10.2,4.8,Low
FLD-000477,2023-01-31,2023,1,Tuesday,0,0,0,Namayan,Pasig River,8.7,119.6,0.533,0.829,34108,13,7.3,113.5,160.7,32.4,63.5,22.3,1.26,7.6,8.4,Low
FLD-000478,2025-11-09,2025,11,Sunday,1,1,0,Mabini-J. Rizal,Maytunas Creek,15.4,460.6,0.598,0.794,35224,13,0.2,90.3,272.0,29.7,75.3,8.0,0.72,138.9,6.4,Medium
FLD-000479,2024-12-19,2024,12,Thursday,0,0,0,Hagdan Bato Itaas,Drainage,22.3,797.9,0.656,0.734,33070,14,8.6,42.9,113.1,33.0,67.9,17.8,1.15,7.9,1.5,Low
FLD-000480,2024-08-31,2024,8,Saturday,1,1,0,Old Zañiga,Buhangin Creek,7.5,100.5,0.524,0.797,32229,21,17.5,65.5,106.5,30.9,78.4,16.2,1.14,138.5,5.5,Medium
FLD-000481,2025-03-20,2025,3,Thursday,0,0,0,Pleasant Hills,Ermitaño Creek,24.0,1023.7,0.713,0.7,24303,6,52.0,72.8,136.0,28.5,72.3,1.2,1.31,118.2,6.9,Low
FLD-000482,2025-06-17,2025,6,Tuesday,0,1,0,New Zañiga,Buhangin Creek,6.9,164.2,0.5,0.793,39764,14,0.9,121.7,322.8,29.8,72.2,1.8,1.04,77.3,4.0,Medium
FLD-000483,2025-02-22,2025,2,Saturday,1,0,0,Pleasant Hills,Ermitaño Creek,25.5,987.7,0.668,0.711,22065,10,16.1,48.7,73.4,32.4,63.0,6.9,1.25,98.0,11.3,Low
FLD-000484,2022-06-15,2022,6,Wednesday,0,1,1,Vergara,Drainage,24.1,848.3,0.713,0.657,24646,8,159.8,165.0,216.9,26.5,97.3,25.3,0.86,320.3,13.0,High
FLD-000485,2026-06-28,2026,6,Sunday,1,1,0,Malamig,Tributary,19.8,588.1,0.643,0.713,32536,12,9.3,240.0,369.8,28.7,73.3,2.5,0.84,56.1,9.2,Medium
FLD-000486,2025-10-25,2025,10,Saturday,1,1,0,Highway Hills,Maytunas Creek,29.5,904.7,0.714,0.764,42029,10,1.1,41.5,76.0,28.3,65.6,6.5,1.42,0,3.1,Low
FLD-000487,2025-11-30,2025,11,Sunday,1,1,0,Barangka Itaas,Pasig River,9.6,270.8,0.553,0.882,35168,12,87.0,114.3,290.9,27.7,87.4,12.3,0.88,159.1,9.8,High
FLD-000488,2022-09-08,2022,9,Thursday,0,1,0,Vergara,Drainage,24.4,788.1,0.671,0.634,25725,14,3.8,25.4,119.1,29.7,73.7,11.1,0.79,11.0,1.7,Low
FLD-000489,2024-07-03,2024,7,Wednesday,0,1,0,Highway Hills,Maytunas Creek,30.1,882.4,0.747,0.746,44963,9,2.3,79.1,114.6,30.0,67.3,5.7,1.57,2.6,4.8,Low
FLD-000490,2022-07-02,2022,7,Saturday,1,1,0,Wack-Wack Greenhills East,Drainage,26.9,1204.6,0.816,0.589,22675,8,20.4,95.1,231.1,31.4,76.2,8.7,1.41,0,4.4,Low
FLD-000491,2023-11-09,2023,11,Thursday,0,1,0,Addition Hills,Maytunas Creek,26.0,1009.8,0.589,0.722,48132,6,2.1,104.6,200.2,28.0,79.4,4.7,0.91,49.5,6.8,Medium
FLD-000492,2024-02-23,2024,2,Friday,0,0,1,Harapin ang Bukas,Drainage,16.8,499.8,0.577,0.715,25661,13,42.5,120.4,154.2,28.8,68.6,12.7,1.02,202.3,9.0,High
FLD-000493,2022-06-19,2022,6,Sunday,1,1,0,Poblacion,Buhangin Creek,6.3,116.6,0.525,0.845,45301,22,8.2,44.0,63.1,30.8,72.1,20.7,0.95,150.7,4.5,Medium
FLD-000494,2026-01-02,2026,1,Friday,0,0,0,Harapin ang Bukas,Drainage,17.3,564.7,0.504,0.76,22329,16,4.9,38.4,71.7,27.6,61.9,5.4,1.24,9.4,5.4,Low
FLD-000495,2021-04-17,2021,4,Saturday,1,0,0,Vergara,Drainage,22.8,830.3,0.676,0.641,26008,14,1.9,62.5,261.0,30.2,58.6,0.2,0.73,43.8,4.7,Medium
FLD-000496,2022-05-02,2022,5,Monday,0,1,2,Hagdan Bato Itaas,Drainage,21.2,746.2,0.736,0.665,31218,10,155.2,187.1,226.9,27.9,91.0,27.6,1.1,310.8,15.4,High
FLD-000497,2022-02-01,2022,2,Tuesday,0,0,2,Barangka Ilaya,Pasig River,7.2,169.5,0.582,0.811,39515,23,72.1,123.9,276.1,28.7,77.6,19.3,1.1,306.3,13.7,High
FLD-000498,2025-12-30,2025,12,Tuesday,0,0,0,Mabini-J. Rizal,Maytunas Creek,14.8,408.9,0.641,0.704,26613,18,0.8,15.1,64.7,34.1,71.5,15.2,1.3,14.3,2.0,Low
FLD-000499,2024-12-19,2024,12,Thursday,0,0,0,Barangka Ilaya,Pasig River,8.1,180.4,0.481,0.86,38255,21,9.5,76.8,120.5,31.8,62.8,4.0,1.05,151.7,7.7,High
FLD-000500,2024-08-12,2024,8,Monday,0,1,1,Plainview,Estero,17.0,551.7,0.606,0.733,30087,17,138.3,257.3,419.4,25.8,76.4,10.1,1.24,409.8,14.4,High
FLD-000501,2023-05-31,2023,5,Wednesday,0,1,1,Hagdan Bato Libis,Drainage,15.4,514.4,0.602,0.746,27837,17,25.6,111.2,203.6,28.4,65.5,10.4,1.06,95.6,7.8,High
FLD-000502,2023-05-22,2023,5,Monday,0,1,1,Barangka Itaas,Pasig River,11.0,262.4,0.562,0.804,36362,22,45.1,79.2,166.5,29.0,79.8,27.4,1.17,209.0,10.3,Medium
FLD-000503,2023-01-22,2023,1,Sunday,1,0,0,Hulo,Pasig River,5.7,120.4,0.454,0.835,42108,18,4.5,65.7,207.7,30.2,68.9,6.1,0.93,121.6,7.4,Medium
FLD-000504,2021-11-05,2021,11,Friday,0,1,0,Vergara,Drainage,23.4,809.1,0.689,0.644,22097,10,31.2,120.2,439.5,28.1,80.5,11.6,1.11,40.8,7.4,High
FLD-000505,2023-11-24,2023,11,Friday,0,1,0,Plainview,Estero,19.1,500.9,0.621,0.741,30208,12,1.8,89.9,171.2,30.3,69.5,22.4,0.98,83.5,7.2,Medium
FLD-000506,2025-12-21,2025,12,Sunday,1,0,1,Hagdan Bato Libis,Drainage,15.3,510.7,0.611,0.747,34077,14,20.7,48.8,65.2,30.1,57.5,14.4,0.85,141.0,8.8,Medium
FLD-000507,2023-08-24,2023,8,Thursday,0,1,0,Barangka Itaas,Pasig River,10.2,212.2,0.563,0.829,37455,21,46.7,180.9,364.9,28.2,66.8,7.6,0.85,82.3,9.4,High
FLD-000508,2021-04-11,2021,4,Sunday,1,0,0,Plainview,Estero,17.7,470.3,0.686,0.742,25444,18,10.3,52.3,159.6,34.8,61.4,11.1,1.13,100.7,4.1,Medium
FLD-000509,2024-08-21,2024,8,Wednesday,0,1,0,Pleasant Hills,Ermitaño Creek,25.1,946.8,0.659,0.699,23371,8,151.3,177.1,208.7,25.5,90.9,16.8,1.07,203.9,11.3,High
FLD-000510,2023-12-18,2023,12,Monday,0,0,0,Barangka Itaas,Pasig River,8.8,236.3,0.55,0.81,38395,18,12.3,193.4,286.9,32.6,79.3,11.7,1.14,135.0,9.6,High
FLD-000511,2026-03-26,2026,3,Thursday,0,0,1,Vergara,Drainage,24.0,809.6,0.765,0.647,24183,4,18.0,46.6,295.9,32.0,58.6,23.5,1.13,0.1,3.0,Low
FLD-000512,2026-05-07,2026,5,Thursday,0,1,0,Daang Bakal,Maytunas Creek,12.8,322.8,0.55,0.775,34558,11,2.3,46.8,216.7,30.6,89.5,7.1,1.26,18.3,4.9,Low
FLD-000513,2025-07-12,2025,7,Saturday,1,1,2,Burol,Drainage,21.6,719.7,0.657,0.673,21599,9,63.3,441.0,563.7,28.1,81.9,29.0,0.94,144.7,21.2,High
FLD-000514,2024-05-26,2024,5,Sunday,1,1,0,Hulo,Pasig River,4.3,113.0,0.474,0.881,37611,18,0.7,54.4,278.9,31.9,78.4,13.4,1.62,146.7,8.9,High
FLD-000515,2021-12-19,2021,12,Sunday,1,0,2,Pag-Asa,Drainage,19.8,678.5,0.635,0.763,28479,10,136.0,251.0,414.0,30.4,83.1,46.6,1.1,235.0,14.9,High
FLD-000516,2022-06-10,2022,6,Friday,0,1,0,Pleasant Hills,Ermitaño Creek,24.3,1030.9,0.748,0.658,27644,10,17.1,80.7,233.5,28.7,80.2,4.1,1.05,74.1,4.3,Low
FLD-000517,2023-12-17,2023,12,Sunday,1,0,0,Pleasant Hills,Ermitaño Creek,24.8,1001.4,0.728,0.654,28273,9,39.7,63.8,93.4,31.3,76.4,14.6,0.97,7.8,4.2,Low
FLD-000518,2022-03-20,2022,3,Sunday,1,0,0,Burol,Drainage,19.2,713.3,0.637,0.7,23252,9,40.5,78.2,182.4,29.6,68.2,3.2,0.47,0.1,6.6,Low
FLD-000519,2021-01-16,2021,1,Saturday,1,0,0,Vergara,Drainage,25.3,808.1,0.723,0.7,24445,13,75.6,221.0,318.4,28.7,77.7,3.8,1.25,215.4,10.9,Medium
FLD-000520,2026-06-10,2026,6,Wednesday,0,1,0,Burol,Drainage,22.2,677.4,0.612,0.681,23317,13,9.3,103.2,132.7,27.9,73.3,6.4,1.75,60.6,5.9,Low
FLD-000521,2024-05-29,2024,5,Wednesday,0,1,0,San Jose,Drainage,22.5,673.8,0.669,0.651,30690,12,8.7,10.5,211.6,30.3,74.4,4.1,1.31,75.6,3.4,Low
FLD-000522,2021-08-15,2021,8,Sunday,1,1,0,Hulo,Pasig River,6.3,75.5,0.443,0.855,35279,22,89.9,200.6,296.3,27.7,69.9,4.8,1.04,241.3,11.7,High
FLD-000523,2024-01-16,2024,1,Tuesday,0,0,0,Buayang Bato,Buayang Bato Creek,14.5,290.9,0.549,0.707,35433,18,0.4,5.6,133.5,32.0,63.6,16.7,0.47,10.7,5.2,Low
FLD-000524,2025-04-01,2025,4,Tuesday,0,0,0,Barangka Itaas,Pasig River,10.7,221.4,0.453,0.851,37118,23,1.7,14.2,78.0,30.1,52.3,9.7,1.16,4.4,3.0,Low
FLD-000525,2023-03-20,2023,3,Monday,0,0,0,Pleasant Hills,Ermitaño Creek,25.5,966.0,0.649,0.678,29147,12,6.5,37.7,59.0,33.2,58.5,16.4,1.28,51.8,2.6,Low
FLD-000526,2025-11-17,2025,11,Monday,0,1,0,Pag-Asa,Drainage,19.6,620.3,0.74,0.745,22424,9,10.8,57.3,76.0,29.5,75.8,0,1.04,2.4,2.5,Low
FLD-000527,2026-05-14,2026,5,Thursday,0,1,0,Burol,Drainage,21.0,661.6,0.64,0.669,20757,9,7.0,65.8,183.1,28.7,73.1,13.8,1.18,76.2,2.7,Low
FLD-000528,2024-03-06,2024,3,Wednesday,0,0,0,Barangka Drive,Pasig River,9.0,237.9,0.455,0.802,31924,15,13.2,36.3,125.4,31.6,62.8,5.0,0.48,4.9,2.6,Low
FLD-000529,2025-07-21,2025,7,Monday,0,1,1,Harapin ang Bukas,Drainage,16.8,574.1,0.61,0.75,21567,13,119.8,266.2,463.2,29.9,72.8,8.8,1.39,332.2,15.4,High
FLD-000530,2021-09-22,2021,9,Wednesday,0,1,0,Addition Hills,Maytunas Creek,25.0,987.6,0.652,0.681,47219,9,1.8,55.3,169.1,28.3,73.4,3.7,1.65,79.0,4.4,Low
FLD-000531,2021-08-19,2021,8,Thursday,0,1,0,Bagong Silang,Drainage,18.1,624.8,0.688,0.754,29040,10,1.1,47.7,91.5,31.9,80.4,11.2,1.14,97.4,3.8,Low
FLD-000532,2026-02-18,2026,2,Wednesday,0,0,3,New Zañiga,Buhangin Creek,7.4,137.6,0.506,0.779,32437,21,104.8,145.2,162.3,30.2,72.5,29.0,1.29,336.0,11.4,High
FLD-000533,2025-08-26,2025,8,Tuesday,0,1,3,Barangka Itaas,Pasig River,9.3,204.5,0.548,0.851,32073,24,159.7,286.3,356.6,24.7,91.6,20.3,1.02,380.2,21.1,High
FLD-000534,2022-03-23,2022,3,Wednesday,0,0,0,Old Zañiga,Buhangin Creek,6.9,153.9,0.491,0.765,36618,20,129.5,165.0,202.6,30.1,75.9,4.3,0.73,249.5,9.3,High
FLD-000535,2021-01-19,2021,1,Tuesday,0,0,1,Old Zañiga,Buhangin Creek,8.1,100.1,0.487,0.781,33480,26,140.0,206.0,223.4,28.2,76.3,6.5,1.02,315.2,15.7,High
FLD-000536,2022-06-09,2022,6,Thursday,0,1,0,Daang Bakal,Maytunas Creek,12.2,306.0,0.563,0.812,32518,15,28.9,77.1,167.4,31.6,80.2,1.3,1.35,221.5,5.6,High
FLD-000537,2026-04-03,2026,4,Friday,0,0,1,San Jose,Drainage,23.8,720.2,0.633,0.687,25268,15,57.4,72.2,178.5,31.6,62.2,20.0,0.97,173.1,8.7,Medium
FLD-000538,2021-09-20,2021,9,Monday,0,1,1,Highway Hills,Maytunas Creek,26.6,861.6,0.737,0.811,44504,9,118.5,169.5,300.3,29.2,78.5,15.2,0.68,176.4,10.8,Medium
FLD-000539,2023-01-23,2023,1,Monday,0,0,0,Burol,Drainage,21.7,708.0,0.708,0.64,17560,6,102.2,112.8,148.0,31.2,83.8,20.1,0.61,188.7,8.9,Medium
FLD-000540,2024-07-16,2024,7,Tuesday,0,1,0,Wack-Wack Greenhills East,Drainage,27.7,1191.7,0.779,0.712,17328,6,58.5,141.8,228.6,27.8,72.7,6.4,1.07,175.6,9.0,Medium
FLD-000541,2023-10-07,2023,10,Saturday,1,1,0,Wack-Wack Greenhills East,Drainage,27.8,1171.7,0.89,0.693,21207,9,7.7,30.5,220.5,28.9,60.8,8.9,1.02,9.3,4.9,Low
FLD-000542,2024-04-29,2024,4,Monday,0,0,1,Mauway,Maytunas Creek,22.4,843.8,0.6,0.691,37682,14,38.2,58.3,123.0,29.3,70.1,36.5,0.97,0.9,7.2,Low
FLD-000543,2021-04-29,2021,4,Thursday,0,0,0,Hulo,Pasig River,6.2,59.2,0.392,0.855,37997,17,0.7,36.9,53.6,30.5,58.0,33.4,1.19,48.2,0.5,Low
FLD-000544,2024-07-31,2024,7,Wednesday,0,1,0,Namayan,Pasig River,7.9,194.3,0.5,0.843,32378,19,79.7,125.6,252.0,27.2,84.1,13.3,0.97,156.9,10.1,High
FLD-000545,2022-01-27,2022,1,Thursday,0,0,0,Highway Hills,Maytunas Creek,29.8,903.2,0.733,0.796,44366,9,24.5,64.1,126.2,32.8,77.8,6.5,0.68,0.7,0.6,Low
FLD-000546,2021-02-28,2021,2,Sunday,1,0,0,Bagong Silang,Drainage,18.3,629.8,0.642,0.661,29369,11,11.9,17.0,42.1,32.3,54.4,6.6,1.05,6.5,2.6,Low
FLD-000547,2024-06-11,2024,6,Tuesday,0,1,0,Mauway,Maytunas Creek,24.1,891.0,0.687,0.691,36802,14,81.7,142.6,181.9,28.4,80.7,17.1,2.0,176.2,7.0,Medium
FLD-000548,2023-05-15,2023,5,Monday,0,1,0,San Jose,Drainage,22.8,662.7,0.669,0.653,21878,8,9.4,98.1,203.7,31.2,73.2,31.0,1.31,4.2,5.7,Low
FLD-000549,2023-12-15,2023,12,Friday,0,0,0,Pag-Asa,Drainage,19.2,653.5,0.682,0.707,25326,9,81.6,105.5,173.5,29.8,80.5,4.5,0.98,147.2,3.0,High
FLD-000550,2024-06-01,2024,6,Saturday,1,1,0,Hulo,Pasig River,4.9,60.9,0.431,0.873,40082,16,2.2,21.3,48.3,29.6,74.0,13.7,0.49,58.3,5.9,Medium
FLD-000551,2024-03-02,2024,3,Saturday,1,0,0,Poblacion,Buhangin Creek,6.1,103.8,0.485,0.808,39693,25,4.4,73.3,80.8,31.3,74.8,3.6,0.9,135.9,7.2,Medium
FLD-000552,2026-05-05,2026,5,Tuesday,0,1,0,Wack-Wack Greenhills East,Drainage,29.2,1195.3,0.826,0.62,18593,4,5.5,32.4,82.9,29.8,67.3,3.7,0.79,10.3,3.9,Low
FLD-000553,2025-11-05,2025,11,Wednesday,0,1,1,Hagdan Bato Itaas,Drainage,21.6,722.7,0.708,0.637,26952,15,14.1,206.6,281.7,31.1,64.5,17.4,1.09,97.9,11.8,High
FLD-000554,2021-12-29,2021,12,Wednesday,0,0,0,New Zañiga,Buhangin Creek,5.8,149.0,0.493,0.787,36414,24,8.9,21.4,80.6,35.1,63.0,0.6,0.96,162.8,5.2,Low
FLD-000555,2026-06-09,2026,6,Tuesday,0,1,0,Malamig,Tributary,19.4,572.1,0.667,0.689,31295,15,10.1,136.1,372.4,30.8,75.7,7.5,1.11,169.7,9.3,Medium
FLD-000556,2023-06-27,2023,6,Tuesday,0,1,0,Old Zañiga,Buhangin Creek,7.4,185.5,0.573,0.806,35006,14,3.5,14.1,82.5,33.1,85.8,8.0,1.53,3.6,1.9,Low
FLD-000557,2022-07-11,2022,7,Monday,0,1,2,Burol,Drainage,20.9,736.3,0.698,0.67,20594,10,87.4,132.9,193.6,26.6,86.2,20.1,0.94,157.1,10.0,Medium
FLD-000558,2024-11-01,2024,11,Friday,0,1,1,Old Zañiga,Buhangin Creek,6.7,123.0,0.469,0.79,38901,18,148.2,280.7,624.9,27.0,97.6,22.8,1.24,334.2,18.6,High
FLD-000559,2022-11-10,2022,11,Thursday,0,1,1,Barangka Ilaya,Pasig River,8.0,189.5,0.529,0.887,34297,22,69.7,142.9,373.1,31.0,85.6,12.8,1.12,240.1,8.2,High
FLD-000560,2025-11-11,2025,11,Tuesday,0,1,1,Pleasant Hills,Ermitaño Creek,25.2,1013.7,0.75,0.651,25926,8,61.4,188.0,351.0,26.8,77.2,16.2,1.11,111.9,10.4,Medium
FLD-000561,2023-01-16,2023,1,Monday,0,0,0,Hagdan Bato Itaas,Drainage,22.5,709.1,0.678,0.673,29225,12,15.2,30.6,147.3,29.9,60.5,21.9,0.47,54.5,6.2,Low
FLD-000562,2025-07-05,2025,7,Saturday,1,1,0,Barangka Ibaba,Pasig River,6.6,64.9,0.406,0.85,43494,18,20.9,105.0,243.8,31.9,67.7,6.2,1.3,162.9,4.3,Medium
FLD-000563,2023-06-23,2023,6,Friday,0,1,0,Vergara,Drainage,22.5,798.1,0.73,0.618,25240,14,5.6,73.8,105.1,27.0,85.5,21.8,1.11,77.6,3.8,Low
FLD-000564,2025-12-03,2025,12,Wednesday,0,0,1,Hulo,Pasig River,5.8,135.2,0.401,0.847,39610,20,114.5,155.2,226.5,28.1,87.0,13.2,1.07,268.9,10.9,High
FLD-000565,2024-10-22,2024,10,Tuesday,0,1,1,Burol,Drainage,21.0,699.4,0.712,0.696,19843,13,7.5,64.5,120.9,31.1,77.8,8.1,0.97,64.1,6.3,Medium
FLD-000566,2024-03-09,2024,3,Saturday,1,0,1,Addition Hills,Maytunas Creek,26.0,1023.6,0.654,0.73,42682,8,15.1,74.7,177.7,30.0,59.9,10.4,0.94,0.3,3.5,Low
FLD-000567,2026-02-26,2026,2,Thursday,0,0,0,Pag-Asa,Drainage,20.6,614.7,0.644,0.722,30936,8,26.8,103.4,132.7,30.6,59.3,0.6,1.07,12.9,2.6,Low
FLD-000568,2025-11-25,2025,11,Tuesday,0,1,0,Pleasant Hills,Ermitaño Creek,25.3,954.4,0.738,0.667,26531,6,4.2,39.1,73.4,33.8,68.9,10.7,1.38,27.7,3.4,Medium
FLD-000569,2024-06-17,2024,6,Monday,0,1,0,Namayan,Pasig River,7.4,154.9,0.494,0.791,34542,15,29.6,52.9,351.9,31.4,83.8,14.2,0.76,144.1,8.0,High
FLD-000570,2024-09-08,2024,9,Sunday,1,1,0,San Jose,Drainage,22.1,714.4,0.758,0.625,25628,7,3.8,85.4,149.7,26.5,66.2,15.9,0.8,75.3,4.1,Low
FLD-000571,2022-10-15,2022,10,Saturday,1,1,1,Hulo,Pasig River,6.2,97.4,0.42,0.837,38418,22,222.3,249.1,320.2,25.2,99.9,17.8,1.26,513.0,18.6,High
FLD-000572,2023-08-11,2023,8,Friday,0,1,1,Addition Hills,Maytunas Creek,23.9,987.7,0.659,0.699,42800,9,21.3,156.1,281.0,31.3,80.6,12.7,1.52,197.0,8.2,Medium
FLD-000573,2023-01-29,2023,1,Sunday,1,0,0,Mauway,Maytunas Creek,22.1,884.7,0.676,0.725,39508,8,11.2,45.0,158.7,33.4,68.4,4.6,0.93,44.4,2.1,Low
FLD-000574,2023-01-30,2023,1,Monday,0,0,0,Mauway,Maytunas Creek,24.2,843.9,0.731,0.741,39034,4,65.4,82.2,87.9,30.0,70.2,7.0,0.79,23.8,6.2,Low
FLD-000575,2021-10-03,2021,10,Sunday,1,1,0,Burol,Drainage,21.9,659.4,0.688,0.683,22119,9,12.4,32.9,215.8,30.8,70.8,13.7,0.94,34.8,2.0,Medium
FLD-000576,2022-05-28,2022,5,Saturday,1,1,3,Wack-Wack Greenhills East,Drainage,28.2,1201.3,0.821,0.61,20610,3,236.0,320.2,503.8,22.4,95.8,27.1,0.67,314.3,17.3,High
FLD-000577,2024-01-15,2024,1,Monday,0,0,0,Hagdan Bato Itaas,Drainage,21.7,777.5,0.712,0.662,29746,14,8.8,30.8,69.8,32.9,71.5,7.8,1.13,4.5,6.2,Low
FLD-000578,2025-03-03,2025,3,Monday,0,0,0,Plainview,Estero,18.8,514.5,0.651,0.745,30246,11,3.3,70.5,172.5,32.5,60.7,13.1,0.48,2.6,3.8,Low
FLD-000579,2024-12-03,2024,12,Tuesday,0,0,1,Barangka Drive,Pasig River,8.2,227.8,0.505,0.821,36533,22,18.7,30.1,87.6,31.1,65.7,18.9,0.77,114.6,6.7,High
FLD-000580,2024-12-28,2024,12,Saturday,1,0,1,Hulo,Pasig River,5.0,110.9,0.481,0.819,40950,23,212.7,284.3,341.9,23.3,86.5,11.2,1.32,491.8,17.5,High
FLD-000581,2023-03-14,2023,3,Tuesday,0,0,1,Plainview,Estero,18.5,513.7,0.61,0.703,30419,12,52.3,59.7,205.3,27.8,75.5,18.4,1.44,98.5,4.6,High
FLD-000582,2021-02-06,2021,2,Saturday,1,0,0,Mabini-J. Rizal,Maytunas Creek,14.6,485.1,0.606,0.752,31673,15,5.4,29.8,63.3,33.7,60.0,13.5,1.53,8.4,0.5,Low
FLD-000583,2021-09-07,2021,9,Tuesday,0,1,0,Old Zañiga,Buhangin Creek,7.7,210.4,0.536,0.864,37902,13,3.7,101.7,190.8,28.4,69.6,26.5,1.07,219.2,8.6,Medium
FLD-000584,2025-11-20,2025,11,Thursday,0,1,2,Daang Bakal,Maytunas Creek,12.7,346.6,0.614,0.8,34111,15,186.8,332.5,468.9,25.2,100,20.9,0.86,286.6,17.1,High
FLD-000585,2023-12-14,2023,12,Thursday,0,0,0,Wack-Wack Greenhills East,Drainage,27.7,1218.7,0.809,0.622,20279,5,4.4,47.6,95.0,36.3,54.2,12.1,1.35,79.3,3.4,Low
FLD-000586,2024-03-13,2024,3,Wednesday,0,0,0,Buayang Bato,Buayang Bato Creek,14.8,287.6,0.546,0.7,34618,16,3.5,59.9,114.5,31.2,49.5,18.7,1.28,112.9,6.3,Medium
FLD-000587,2022-04-08,2022,4,Friday,0,0,3,Wack-Wack Greenhills East,Drainage,29.1,1201.1,0.771,0.609,21227,7,214.1,283.9,451.1,27.1,86.5,28.1,0.98,375.5,16.8,High
FLD-000588,2021-09-01,2021,9,Wednesday,0,1,0,New Zañiga,Buhangin Creek,7.8,122.3,0.537,0.778,32089,18,46.6,59.5,155.1,26.1,78.2,10.1,0.74,163.9,3.8,Low
FLD-000589,2022-10-08,2022,10,Saturday,1,1,0,Plainview,Estero,18.1,477.2,0.637,0.711,28363,15,16.9,74.4,245.4,30.0,69.0,10.8,0.78,139.6,7.9,Medium
FLD-000590,2022-04-26,2022,4,Tuesday,0,0,0,San Jose,Drainage,21.3,685.4,0.756,0.702,25648,10,13.3,26.5,113.1,32.0,65.7,1.2,0.84,2.9,3.4,Low
FLD-000591,2021-10-24,2021,10,Sunday,1,1,1,Highway Hills,Maytunas Creek,30.4,876.4,0.751,0.77,43403,8,106.1,153.8,237.3,26.4,81.7,15.2,0.81,202.8,8.2,High
FLD-000592,2021-12-19,2021,12,Sunday,1,0,0,Mauway,Maytunas Creek,24.0,859.6,0.692,0.741,41623,6,6.8,12.4,45.8,31.6,64.3,5.0,1.19,7.1,0.6,Low
FLD-000593,2022-10-23,2022,10,Sunday,1,1,0,Hagdan Bato Itaas,Drainage,22.8,742.5,0.683,0.716,28870,12,28.3,141.0,292.1,29.8,82.7,1.0,1.11,149.4,10.4,Medium
FLD-000594,2023-11-06,2023,11,Monday,0,1,0,Addition Hills,Maytunas Creek,25.1,1016.6,0.711,0.746,46809,7,0.6,48.5,123.6,31.7,71.0,19.6,0.95,4.9,4.5,Low
FLD-000595,2025-09-13,2025,9,Saturday,1,1,0,Hagdan Bato Libis,Drainage,15.1,556.4,0.633,0.722,28712,19,17.4,65.7,139.8,28.8,75.7,11.3,0.51,119.2,6.6,Medium
FLD-000596,2024-02-15,2024,2,Thursday,0,0,0,Burol,Drainage,20.3,699.8,0.635,0.668,23907,12,3.9,12.1,60.1,31.5,63.3,8.3,0.92,34.8,1.8,Low
FLD-000597,2026-03-28,2026,3,Saturday,1,0,1,Mauway,Maytunas Creek,22.1,825.4,0.64,0.635,37398,12,138.6,207.6,330.7,26.5,78.8,33.5,1.07,207.1,11.0,High
FLD-000598,2023-09-08,2023,9,Friday,0,1,0,Old Zañiga,Buhangin Creek,8.3,149.4,0.505,0.793,32566,22,3.4,27.0,160.8,29.7,71.0,10.0,1.36,9.3,4.5,Low
FLD-000599,2021-02-21,2021,2,Sunday,1,0,0,Pleasant Hills,Ermitaño Creek,25.1,996.8,0.627,0.687,25472,12,28.1,61.9,151.8,31.6,75.3,14.8,1.08,11.6,4.7,Low
FLD-000600,2022-12-10,2022,12,Saturday,1,0,0,Hulo,Pasig River,5.7,69.4,0.423,0.859,40789,22,9.7,62.0,118.8,32.1,64.5,25.0,0.86,116.1,5.4,Medium
FLD-000601,2023-09-25,2023,9,Monday,0,1,3,Mabini-J. Rizal,Maytunas Creek,15.9,437.9,0.608,0.782,26496,15,142.7,150.3,291.0,26.9,87.1,41.6,1.82,355.5,10.7,High
FLD-000602,2024-09-24,2024,9,Tuesday,0,1,1,Wack-Wack Greenhills East,Drainage,28.1,1214.5,0.835,0.705,18342,3,86.4,113.0,254.9,29.6,90.1,11.8,1.17,114.7,6.8,Medium
FLD-000603,2021-08-11,2021,8,Wednesday,0,1,0,Barangka Itaas,Pasig River,10.6,231.9,0.526,0.779,34627,18,16.6,78.7,205.7,31.6,73.2,12.2,1.52,187.3,7.1,Medium
FLD-000604,2022-09-14,2022,9,Wednesday,0,1,0,Hulo,Pasig River,4.9,104.1,0.459,0.887,42550,20,36.8,62.5,106.2,27.3,78.5,0,1.02,156.2,9.5,High
FLD-000605,2023-04-10,2023,4,Monday,0,0,1,Old Zañiga,Buhangin Creek,6.6,121.1,0.497,0.811,34316,18,122.4,159.3,178.0,28.7,78.0,25.5,0.82,261.8,12.0,High
FLD-000606,2023-07-10,2023,7,Monday,0,1,0,Daang Bakal,Maytunas Creek,13.3,372.9,0.644,0.752,32669,19,23.8,120.3,193.1,29.8,76.5,12.4,1.22,90.6,9.1,Medium
FLD-000607,2021-08-11,2021,8,Wednesday,0,1,1,Namayan,Pasig River,7.5,182.4,0.447,0.797,34789,17,7.8,98.8,141.1,27.7,86.5,22.8,1.53,188.9,5.5,High
FLD-000608,2025-12-24,2025,12,Wednesday,0,0,1,Hagdan Bato Itaas,Drainage,22.1,741.4,0.671,0.664,25522,13,28.8,70.2,184.1,31.4,61.8,12.9,1.24,140.8,2.9,High
FLD-000609,2023-11-15,2023,11,Wednesday,0,1,1,Barangka Ilaya,Pasig River,7.3,145.7,0.497,0.872,37938,16,69.8,104.1,123.1,29.3,74.1,20.3,1.23,242.5,9.5,High
FLD-000610,2026-03-26,2026,3,Thursday,0,0,0,Daang Bakal,Maytunas Creek,12.5,340.1,0.574,0.783,31133,14,3.4,49.0,89.8,27.8,60.1,20.0,0.64,115.1,7.6,Low
FLD-000611,2021-09-28,2021,9,Tuesday,0,1,0,Bagong Silang,Drainage,18.5,646.7,0.647,0.658,25585,12,9.3,56.7,119.5,28.0,75.4,23.8,1.25,8.1,4.3,Low
FLD-000612,2021-10-24,2021,10,Sunday,1,1,1,Hagdan Bato Libis,Drainage,16.1,485.1,0.612,0.762,30750,14,26.1,68.6,121.5,32.3,63.6,27.0,0.94,115.2,8.9,Medium
FLD-000613,2022-12-01,2022,12,Thursday,0,0,0,Vergara,Drainage,24.9,830.5,0.668,0.684,27046,11,6.7,97.2,235.2,32.7,67.1,18.6,1.0,62.6,5.7,Low
FLD-000614,2022-09-26,2022,9,Monday,0,1,2,Poblacion,Buhangin Creek,6.2,145.3,0.475,0.845,42271,18,55.8,149.1,221.5,30.8,82.4,26.1,1.45,191.4,9.7,High
FLD-000615,2022-03-09,2022,3,Wednesday,0,0,3,San Jose,Drainage,22.3,679.9,0.65,0.696,25239,11,280.1,399.0,530.7,23.4,85.9,36.4,0.97,507.2,23.9,High
FLD-000616,2023-07-23,2023,7,Sunday,1,1,0,Addition Hills,Maytunas Creek,24.7,1001.5,0.661,0.696,45226,8,26.4,380.3,511.2,25.6,75.2,15.0,1.35,84.6,17.3,Medium
FLD-000617,2022-04-29,2022,4,Friday,0,0,0,Plainview,Estero,18.5,452.2,0.666,0.654,31722,17,4.0,33.1,87.3,33.7,69.8,10.9,0.84,14.3,3.3,Low
FLD-000618,2022-01-09,2022,1,Sunday,1,0,1,San Jose,Drainage,22.7,659.1,0.688,0.72,29801,12,18.6,105.6,166.8,31.4,55.1,21.2,1.32,138.2,5.6,Low
FLD-000619,2021-02-28,2021,2,Sunday,1,0,1,Malamig,Tributary,20.2,627.7,0.679,0.738,31131,12,42.5,65.6,124.2,32.8,65.5,16.4,0.73,125.6,7.7,Medium
FLD-000620,2023-12-02,2023,12,Saturday,1,0,0,San Jose,Drainage,20.8,734.5,0.69,0.68,27675,9,2.0,25.6,197.4,31.7,61.5,4.3,0.62,102.9,2.1,Medium
FLD-000621,2022-04-26,2022,4,Tuesday,0,0,0,Barangka Ilaya,Pasig River,7.9,157.1,0.452,0.791,34700,24,4.1,26.8,52.4,31.2,66.4,2.1,1.16,79.2,5.5,Medium
FLD-000622,2022-09-11,2022,9,Sunday,1,1,0,Barangka Drive,Pasig River,10.8,206.5,0.54,0.811,35456,14,23.9,61.2,260.1,29.2,68.0,10.4,0.79,129.9,9.9,Medium
FLD-000623,2021-11-08,2021,11,Monday,0,1,3,Vergara,Drainage,24.1,798.9,0.705,0.68,25978,10,135.0,167.3,250.9,28.9,87.0,34.6,1.73,249.8,10.7,High
FLD-000624,2023-04-28,2023,4,Friday,0,0,1,Hagdan Bato Libis,Drainage,16.1,542.7,0.592,0.783,30926,14,137.9,181.8,248.8,28.3,80.5,35.8,0.56,208.5,12.6,High
FLD-000625,2023-01-16,2023,1,Monday,0,0,0,Harapin ang Bukas,Drainage,17.0,577.3,0.587,0.764,25463,13,5.9,57.8,117.0,30.6,67.2,5.6,1.13,0.0,7.3,Low
FLD-000626,2025-12-05,2025,12,Friday,0,0,0,Barangka Ilaya,Pasig River,8.3,144.3,0.456,0.871,36737,20,61.6,153.6,292.5,31.2,75.8,0.0,1.11,222.2,7.2,High
FLD-000627,2022-03-29,2022,3,Tuesday,0,0,0,Poblacion,Buhangin Creek,7.2,109.5,0.47,0.822,43039,17,5.9,94.2,134.3,31.7,66.9,7.8,1.37,67.1,7.0,Medium
FLD-000628,2024-09-20,2024,9,Friday,0,1,0,Highway Hills,Maytunas Creek,30.5,918.2,0.781,0.762,42231,6,42.9,188.2,364.9,29.8,78.4,11.5,0.83,51.6,8.9,Medium
FLD-000629,2024-03-23,2024,3,Saturday,1,0,0,Pag-Asa,Drainage,18.5,637.6,0.67,0.694,23600,12,3.5,34.4,194.6,34.2,73.2,11.2,1.04,19.5,4.9,Low
FLD-000630,2022-05-12,2022,5,Thursday,0,1,2,Bagong Silang,Drainage,19.5,594.3,0.622,0.741,26655,16,194.9,254.6,407.7,27.2,83.3,14.0,1.67,426.9,16.9,High
FLD-000631,2021-06-04,2021,6,Friday,0,1,1,Pleasant Hills,Ermitaño Creek,25.1,985.2,0.766,0.696,23809,5,38.5,161.5,324.6,29.0,71.8,18.9,1.25,152.0,10.5,Medium
FLD-000632,2024-08-05,2024,8,Monday,0,1,1,Pag-Asa,Drainage,19.7,640.2,0.653,0.734,25474,9,3.6,84.4,230.9,29.6,75.8,17.8,0.58,77.8,6.9,Low
FLD-000633,2022-05-08,2022,5,Sunday,1,1,0,Vergara,Drainage,24.2,845.0,0.752,0.638,27373,15,84.8,91.9,138.5,28.4,83.4,3.0,1.1,120.3,5.1,High
FLD-000634,2024-03-24,2024,3,Sunday,1,0,0,Barangka Ibaba,Pasig River,7.8,74.2,0.521,0.854,42990,23,3.6,11.8,87.3,32.4,54.8,5.1,0.78,79.2,1.5,Medium
FLD-000635,2024-09-06,2024,9,Friday,0,1,0,Pag-Asa,Drainage,21.0,644.7,0.619,0.716,26488,14,23.1,125.9,300.3,32.7,82.1,17.0,1.48,112.6,5.1,Low
FLD-000636,2023-12-20,2023,12,Wednesday,0,0,1,Buayang Bato,Buayang Bato Creek,14.2,257.3,0.565,0.803,34750,20,49.8,108.1,218.6,29.6,79.3,15.2,0.32,203.8,7.8,High
FLD-000637,2025-04-15,2025,4,Tuesday,0,0,0,Pleasant Hills,Ermitaño Creek,25.8,1012.3,0.671,0.734,28189,8,6.8,44.8,56.0,30.0,67.0,13.9,0.63,4.2,2.5,Low
FLD-000638,2025-12-16,2025,12,Tuesday,0,0,0,Plainview,Estero,17.7,533.0,0.619,0.709,34338,14,4.5,40.7,131.0,30.4,65.3,5.4,0.99,94.1,6.2,Low
FLD-000639,2021-01-31,2021,1,Sunday,1,0,0,Namayan,Pasig River,7.2,130.6,0.503,0.779,32708,21,73.8,153.1,190.6,27.3,76.2,36.1,0.64,131.3,11.6,High
FLD-000640,2025-07-03,2025,7,Thursday,0,1,0,Vergara,Drainage,24.0,810.4,0.768,0.636,18696,10,12.6,22.5,304.6,29.5,76.8,11.1,0.75,39.4,3.5,Low
FLD-000641,2025-04-04,2025,4,Friday,0,0,0,Barangka Itaas,Pasig River,9.3,232.5,0.542,0.851,33958,16,14.4,94.3,135.1,32.8,69.8,7.9,1.01,143.3,7.8,Medium
FLD-000642,2022-05-02,2022,5,Monday,0,1,2,Old Zañiga,Buhangin Creek,5.9,155.9,0.521,0.79,35569,19,84.8,106.3,148.4,26.4,76.1,20.1,1.54,275.4,11.0,High
FLD-000643,2021-04-16,2021,4,Friday,0,0,0,Malamig,Tributary,21.4,588.7,0.684,0.666,27259,10,0.0,37.9,75.0,31.9,63.2,7.4,0.77,6.8,4.2,Low
FLD-000644,2022-03-26,2022,3,Saturday,1,0,0,Hagdan Bato Libis,Drainage,16.2,496.6,0.533,0.742,31277,17,11.0,105.5,182.8,30.7,84.1,21.4,1.07,127.2,9.5,Medium
FLD-000645,2021-11-23,2021,11,Tuesday,0,1,0,San Jose,Drainage,21.8,701.9,0.688,0.668,29168,12,25.9,122.3,340.3,28.9,84.4,6.1,2.07,92.7,7.2,Medium
FLD-000646,2022-11-24,2022,11,Thursday,0,1,0,Plainview,Estero,17.3,483.7,0.609,0.705,34111,16,15.7,89.7,197.3,30.3,77.7,7.7,1.1,1.9,4.8,Low
FLD-000647,2024-04-22,2024,4,Monday,0,0,0,Namayan,Pasig River,8.5,134.0,0.522,0.831,31211,17,3.0,23.0,89.6,32.0,56.3,6.2,0.96,92.7,4.7,Low
FLD-000648,2021-09-04,2021,9,Saturday,1,1,0,Namayan,Pasig River,7.6,162.3,0.502,0.806,33574,16,54.2,146.1,317.2,27.5,91.8,16.7,0.82,188.6,11.1,High
FLD-000649,2023-06-23,2023,6,Friday,0,1,2,New Zañiga,Buhangin Creek,6.6,150.7,0.566,0.781,37923,16,75.3,113.5,191.4,28.5,70.0,20.1,0.91,244.5,11.3,High
FLD-000650,2024-03-09,2024,3,Saturday,1,0,0,Poblacion,Buhangin Creek,7.1,66.5,0.44,0.881,40529,23,4.9,144.7,208.0,31.5,66.0,9.0,0.85,52.0,10.6,Medium
FLD-000651,2026-01-15,2026,1,Thursday,0,0,0,Mauway,Maytunas Creek,23.1,870.0,0.699,0.659,36223,8,176.8,187.5,305.3,25.0,78.0,8.2,0.94,328.0,12.5,High
FLD-000652,2026-04-04,2026,4,Saturday,1,0,0,Bagong Silang,Drainage,17.3,604.1,0.672,0.671,24610,11,0.7,44.5,266.5,32.0,60.5,27.4,1.05,8.0,3.3,Low
FLD-000653,2021-10-23,2021,10,Saturday,1,1,0,Barangka Itaas,Pasig River,11.1,264.5,0.535,0.783,37768,12,0.1,38.1,55.9,28.6,65.5,5.4,1.0,104.0,4.1,Low
FLD-000654,2023-11-26,2023,11,Sunday,1,1,0,Barangka Ilaya,Pasig River,8.6,161.5,0.461,0.832,33735,18,5.9,19.4,57.0,26.5,67.8,8.6,1.24,4.3,6.7,Low
FLD-000655,2021-10-21,2021,10,Thursday,0,1,0,Barangka Itaas,Pasig River,10.6,250.3,0.522,0.874,36375,20,31.4,182.7,268.2,28.3,80.0,2.5,1.2,140.4,10.9,High
FLD-000656,2023-03-07,2023,3,Tuesday,0,0,0,Hulo,Pasig River,6.7,125.9,0.375,0.876,42424,22,10.5,111.5,201.1,34.2,72.6,5.9,1.0,140.0,9.2,Medium
FLD-000657,2024-07-18,2024,7,Thursday,0,1,0,Burol,Drainage,22.1,692.9,0.67,0.697,22102,11,20.6,57.7,255.1,28.8,76.6,4.8,0.78,64.0,5.6,Medium
FLD-000658,2025-03-03,2025,3,Monday,0,0,1,New Zañiga,Buhangin Creek,7.4,117.6,0.529,0.791,37481,20,56.0,71.0,123.0,30.4,78.2,13.7,0.51,219.3,1.8,High
FLD-000659,2025-05-29,2025,5,Thursday,0,1,0,Burol,Drainage,21.2,721.7,0.609,0.67,22144,12,7.4,60.6,111.2,27.7,83.1,18.5,1.23,3.7,1.7,Low
FLD-000660,2023-09-05,2023,9,Tuesday,0,1,2,Buayang Bato,Buayang Bato Creek,13.7,308.4,0.59,0.784,34223,17,284.6,351.2,484.8,22.7,98.6,37.4,1.12,526.9,19.7,High
FLD-000661,2026-05-29,2026,5,Friday,0,1,0,Pleasant Hills,Ermitaño Creek,24.7,971.1,0.665,0.647,24349,6,52.1,72.3,153.5,27.3,75.5,1.3,1.46,3.5,4.1,Low
FLD-000662,2026-06-16,2026,6,Tuesday,0,1,0,Old Zañiga,Buhangin Creek,8.1,178.9,0.494,0.803,36381,21,0.3,109.9,269.6,30.9,87.7,5.4,0.67,70.9,9.8,Medium
FLD-000663,2021-12-17,2021,12,Friday,0,0,0,New Zañiga,Buhangin Creek,7.1,198.8,0.558,0.791,32071,17,19.2,70.0,318.8,30.8,66.3,4.6,0.91,102.8,5.9,Medium
FLD-000664,2021-05-26,2021,5,Wednesday,0,1,0,Mauway,Maytunas Creek,23.5,850.9,0.665,0.679,33974,12,1.1,154.4,348.7,29.6,64.9,13.8,1.4,84.3,8.2,Medium
FLD-000665,2021-09-17,2021,9,Friday,0,1,1,Daang Bakal,Maytunas Creek,12.0,330.7,0.535,0.786,32177,15,39.3,113.7,162.4,29.0,84.7,19.6,0.85,130.6,7.6,Medium
FLD-000666,2023-04-30,2023,4,Sunday,1,0,1,Bagong Silang,Drainage,18.5,596.1,0.666,0.724,29201,12,11.1,38.5,102.7,35.0,70.6,10.7,1.16,102.9,7.7,Medium
FLD-000667,2022-12-26,2022,12,Monday,0,0,1,Mabini-J. Rizal,Maytunas Creek,14.2,469.9,0.577,0.756,28249,14,156.4,190.7,375.5,28.4,88.2,17.6,1.0,330.2,12.4,High
FLD-000668,2021-02-25,2021,2,Thursday,0,0,0,Poblacion,Buhangin Creek,6.0,119.2,0.48,0.893,41494,23,1.2,46.5,129.2,30.3,71.4,10.3,0.9,129.0,5.9,Medium
FLD-000669,2022-10-06,2022,10,Thursday,0,1,1,Highway Hills,Maytunas Creek,29.8,905.2,0.787,0.729,46649,8,49.3,111.5,145.2,26.5,81.1,44.9,0.74,154.5,8.1,Medium
FLD-000670,2024-09-13,2024,9,Friday,0,1,0,Vergara,Drainage,23.8,843.0,0.727,0.662,26591,12,46.7,68.6,141.6,30.2,79.3,6.3,1.41,86.4,8.9,High
FLD-000671,2024-06-13,2024,6,Thursday,0,1,0,Highway Hills,Maytunas Creek,30.1,893.5,0.738,0.811,43331,11,3.0,73.1,270.4,30.6,68.8,3.6,1.24,0,5.6,Medium
FLD-000672,2026-02-13,2026,2,Friday,0,0,0,Pag-Asa,Drainage,20.7,661.9,0.62,0.749,23608,11,9.3,33.8,187.0,34.4,61.4,20.3,0.4,14.1,3.8,Low
FLD-000673,2022-07-22,2022,7,Friday,0,1,0,Pleasant Hills,Ermitaño Creek,24.0,1035.6,0.661,0.67,25940,10,6.6,66.0,197.2,29.0,73.4,14.2,0.92,27.9,2.3,Low
FLD-000674,2025-03-11,2025,3,Tuesday,0,0,0,Plainview,Estero,18.6,459.5,0.606,0.705,28823,17,3.7,39.3,144.4,32.7,71.6,0.8,1.11,17.2,3.5,Low
FLD-000675,2023-09-27,2023,9,Wednesday,0,1,0,Bagong Silang,Drainage,17.5,577.8,0.608,0.739,25259,13,19.5,73.3,276.4,33.5,82.7,11.2,1.41,87.1,4.5,Medium
FLD-000676,2024-04-15,2024,4,Monday,0,0,0,Barangka Ibaba,Pasig River,6.8,98.1,0.453,0.881,40141,20,135.0,145.0,207.6,27.9,82.1,7.7,0.82,338.7,9.5,High
FLD-000677,2025-10-19,2025,10,Sunday,1,1,0,Plainview,Estero,18.4,471.0,0.625,0.692,31166,19,3.2,32.8,81.4,30.3,69.9,29.2,1.16,141.6,2.5,Low
FLD-000678,2023-04-26,2023,4,Wednesday,0,0,0,Barangka Ilaya,Pasig River,8.4,166.9,0.429,0.805,36403,21,6.0,17.9,81.5,31.9,69.1,2.3,1.11,196.8,5.0,High
FLD-000679,2023-12-30,2023,12,Saturday,1,0,0,Highway Hills,Maytunas Creek,30.4,921.7,0.664,0.822,40504,11,3.2,19.6,202.0,34.1,56.8,4.4,1.74,0.6,2.2,Low
FLD-000680,2021-12-19,2021,12,Sunday,1,0,2,Vergara,Drainage,24.5,787.3,0.699,0.659,26973,11,112.0,138.1,278.2,25.1,82.2,26.1,1.27,306.3,11.7,High
FLD-000681,2023-06-24,2023,6,Saturday,1,1,1,Harapin ang Bukas,Drainage,16.7,545.6,0.632,0.711,26203,11,62.7,101.5,168.5,31.2,82.2,23.5,1.0,104.0,7.1,High
FLD-000682,2024-08-24,2024,8,Saturday,1,1,0,Mabini-J. Rizal,Maytunas Creek,15.7,497.5,0.681,0.722,30195,13,1.0,188.4,289.6,29.1,71.7,16.8,1.36,133.3,9.2,Medium
FLD-000683,2026-02-21,2026,2,Saturday,1,0,1,Hagdan Bato Libis,Drainage,14.8,511.8,0.564,0.728,29323,17,109.4,142.7,237.1,27.5,70.8,14.4,1.19,236.4,9.6,High
FLD-000684,2024-01-21,2024,1,Sunday,1,0,0,Bagong Silang,Drainage,19.9,592.1,0.631,0.693,24427,12,8.2,53.3,122.7,32.6,65.4,11.8,1.24,1.7,5.2,Low
FLD-000685,2026-02-16,2026,2,Monday,0,0,0,Vergara,Drainage,22.9,781.2,0.638,0.675,24108,13,4.8,128.5,230.6,30.1,68.3,0.0,0.39,31.4,11.1,Low
FLD-000686,2023-09-29,2023,9,Friday,0,1,0,Mabini-J. Rizal,Maytunas Creek,15.3,432.4,0.551,0.773,31592,18,3.3,12.1,31.6,28.3,78.9,4.4,1.75,135.0,4.6,Low
FLD-000687,2021-05-04,2021,5,Tuesday,0,1,0,Pag-Asa,Drainage,20.5,643.3,0.624,0.742,23859,12,27.3,127.3,188.8,31.6,80.9,22.7,1.36,96.2,6.7,High
FLD-000688,2024-01-07,2024,1,Sunday,1,0,0,Poblacion,Buhangin Creek,6.6,96.8,0.445,0.832,40874,18,20.5,96.8,181.9,31.3,76.4,16.8,0.9,68.1,2.7,High
FLD-000689,2024-05-16,2024,5,Thursday,0,1,2,Mauway,Maytunas Creek,22.5,831.1,0.655,0.688,40103,6,48.6,114.0,239.5,30.6,79.4,17.4,1.28,143.2,9.6,Medium
FLD-000690,2021-01-08,2021,1,Friday,0,0,2,Barangka Ilaya,Pasig River,7.5,186.2,0.496,0.88,37314,20,77.1,166.2,304.8,29.3,75.8,38.3,1.26,216.0,13.9,High
FLD-000691,2023-05-28,2023,5,Sunday,1,1,0,Hagdan Bato Itaas,Drainage,21.2,741.5,0.731,0.697,30811,14,32.0,93.2,210.0,27.1,65.5,21.9,0.91,61.4,6.5,Medium
FLD-000692,2022-08-29,2022,8,Monday,0,1,0,Addition Hills,Maytunas Creek,25.8,953.2,0.734,0.784,48613,11,15.9,139.0,333.6,31.6,73.5,8.7,1.64,89.2,2.9,Medium
FLD-000693,2026-04-30,2026,4,Thursday,0,0,0,Buayang Bato,Buayang Bato Creek,13.6,263.8,0.617,0.787,36427,15,1.7,82.5,325.4,32.0,69.4,0.1,0.89,48.4,7.4,Medium
FLD-000694,2026-01-02,2026,1,Friday,0,0,0,Poblacion,Buhangin Creek,5.1,94.8,0.463,0.802,40316,21,10.1,126.9,183.2,33.6,81.3,10.8,1.16,115.0,11.6,Medium
FLD-000695,2023-10-16,2023,10,Monday,0,1,0,Hagdan Bato Libis,Drainage,16.5,472.0,0.648,0.728,25801,13,17.7,111.7,136.5,31.3,71.3,6.2,0.99,6.3,6.0,Low
FLD-000696,2022-01-03,2022,1,Monday,0,0,2,Barangka Drive,Pasig River,8.7,222.6,0.482,0.854,34298,20,86.1,305.4,333.5,28.3,83.0,24.8,0.94,236.6,13.1,High
FLD-000697,2021-07-26,2021,7,Monday,0,1,0,Pleasant Hills,Ermitaño Creek,26.2,991.8,0.697,0.614,26747,5,27.2,52.4,79.6,32.3,72.9,10.1,1.59,14.4,6.9,Low
FLD-000698,2024-06-10,2024,6,Monday,0,1,1,Malamig,Tributary,20.7,592.9,0.664,0.666,27624,15,57.0,90.0,189.4,30.8,75.1,20.2,0.74,137.2,6.1,Medium
FLD-000699,2024-09-23,2024,9,Monday,0,1,0,Hagdan Bato Itaas,Drainage,21.7,784.3,0.728,0.733,30646,13,27.5,67.3,221.5,31.3,82.5,6.3,1.36,54.3,6.8,Low
FLD-000700,2025-05-08,2025,5,Thursday,0,1,1,Hulo,Pasig River,4.1,106.3,0.479,0.843,39824,18,69.0,142.2,237.8,27.3,87.1,18.0,1.07,285.1,11.4,Medium
FLD-000701,2025-11-05,2025,11,Wednesday,0,1,0,Hagdan Bato Libis,Drainage,16.2,503.1,0.587,0.702,33480,15,93.1,236.6,242.4,28.2,76.8,6.0,0.72,144.3,12.0,High
FLD-000702,2022-07-25,2022,7,Monday,0,1,1,Plainview,Estero,17.8,499.7,0.636,0.733,27673,17,59.3,73.4,216.1,29.0,73.8,9.2,1.39,245.1,5.7,Medium
FLD-000703,2022-07-01,2022,7,Friday,0,1,1,Pag-Asa,Drainage,19.2,670.8,0.631,0.725,25326,15,17.0,51.7,528.5,30.5,84.3,24.7,0.58,98.9,3.3,High
FLD-000704,2025-07-15,2025,7,Tuesday,0,1,0,Mabini-J. Rizal,Maytunas Creek,14.6,506.7,0.584,0.719,33155,11,59.8,200.4,311.1,30.6,98.9,3.8,1.24,149.5,12.7,High
FLD-000705,2023-12-13,2023,12,Wednesday,0,0,0,Addition Hills,Maytunas Creek,25.2,986.8,0.62,0.773,42622,16,8.4,67.2,81.2,33.0,66.1,7.2,0.75,4.5,1.6,Low
FLD-000706,2024-09-16,2024,9,Monday,0,1,0,Barangka Ilaya,Pasig River,7.8,183.2,0.407,0.891,38085,20,8.8,48.0,183.3,27.4,80.2,5.7,1.2,117.1,7.5,Medium
FLD-000707,2021-07-09,2021,7,Friday,0,1,0,Hulo,Pasig River,7.4,99.5,0.431,0.872,41371,21,95.1,100.6,217.2,24.8,86.5,10.3,0.68,264.5,8.6,High
FLD-000708,2024-02-05,2024,2,Monday,0,0,0,Addition Hills,Maytunas Creek,24.5,1011.5,0.68,0.737,48040,11,9.8,65.0,212.7,31.8,50.1,7.9,1.01,54.6,5.1,Medium
FLD-000709,2022-11-03,2022,11,Thursday,0,1,0,Namayan,Pasig River,8.1,100.8,0.511,0.824,29831,19,60.4,122.2,314.5,26.5,78.7,3.7,1.37,150.0,7.2,Medium
FLD-000710,2026-04-04,2026,4,Saturday,1,0,0,Barangka Ibaba,Pasig River,6.0,56.1,0.432,0.841,39658,23,4.5,134.1,278.6,29.1,60.5,10.9,0.89,74.4,9.1,High
FLD-000711,2022-06-24,2022,6,Friday,0,1,1,Hulo,Pasig River,5.9,102.3,0.433,0.836,40984,22,155.8,226.7,357.1,27.0,78.0,12.5,1.21,355.5,14.6,High
FLD-000712,2023-05-17,2023,5,Wednesday,0,1,0,Mabini-J. Rizal,Maytunas Creek,14.3,458.0,0.56,0.754,33355,16,8.3,40.8,100.7,28.0,84.6,4.9,1.47,106.0,2.9,Low
FLD-000713,2024-10-18,2024,10,Friday,0,1,0,Barangka Ibaba,Pasig River,5.7,25,0.403,0.908,41290,20,60.3,193.0,269.8,31.6,84.8,4.8,1.36,136.4,12.7,High
FLD-000714,2023-04-03,2023,4,Monday,0,0,0,New Zañiga,Buhangin Creek,7.7,218.7,0.515,0.809,35892,19,4.8,14.0,126.2,32.0,80.0,6.8,0.97,111.0,4.7,Low
FLD-000715,2022-01-09,2022,1,Sunday,1,0,1,Bagong Silang,Drainage,18.0,556.8,0.648,0.69,27438,9,92.0,143.9,189.8,28.1,76.8,18.6,1.65,21.4,5.9,Low
FLD-000716,2023-02-14,2023,2,Tuesday,0,0,0,New Zañiga,Buhangin Creek,7.0,164.4,0.531,0.78,33401,16,0.2,4.3,81.6,31.3,61.5,4.0,1.13,92.0,0.5,Medium
FLD-000717,2022-09-29,2022,9,Thursday,0,1,0,Hulo,Pasig River,6.5,95.8,0.432,0.875,39848,23,6.7,83.5,139.5,29.7,73.6,5.2,1.08,100.8,7.8,Medium
FLD-000718,2023-01-08,2023,1,Sunday,1,0,0,Old Zañiga,Buhangin Creek,6.0,152.4,0.517,0.844,31183,20,4.6,24.8,228.9,31.2,64.2,4.1,0.8,163.5,5.5,Medium
FLD-000719,2022-06-08,2022,6,Wednesday,0,1,1,Vergara,Drainage,24.5,816.9,0.725,0.699,20337,8,44.5,188.1,351.9,29.8,78.6,29.2,0.67,161.4,9.9,Medium
FLD-000720,2021-12-10,2021,12,Friday,0,0,0,Harapin ang Bukas,Drainage,16.8,579.7,0.619,0.758,24256,15,22.1,79.3,250.7,29.8,73.0,14.4,1.05,22.0,7.5,Low
FLD-000721,2022-03-16,2022,3,Wednesday,0,0,2,Buayang Bato,Buayang Bato Creek,13.2,321.1,0.546,0.781,32899,18,111.3,112.3,157.5,30.6,69.1,24.1,1.22,368.2,12.7,High
FLD-000722,2026-02-27,2026,2,Friday,0,0,2,Hulo,Pasig River,5.7,90.8,0.396,0.839,41278,23,62.6,85.9,125.1,30.1,67.5,36.4,0.5,181.2,10.4,High
FLD-000723,2025-07-24,2025,7,Thursday,0,1,1,Pleasant Hills,Ermitaño Creek,24.9,1022.3,0.727,0.693,22167,11,30.9,72.8,233.2,29.8,75.0,13.6,1.47,144.1,6.9,Low
FLD-000724,2024-05-08,2024,5,Wednesday,0,1,0,Pleasant Hills,Ermitaño Creek,25.5,988.1,0.684,0.685,25511,13,3.1,88.6,167.5,30.9,77.5,0,1.79,6.1,8.8,Low
FLD-000725,2025-08-28,2025,8,Thursday,0,1,1,Burol,Drainage,21.2,699.0,0.647,0.672,20317,11,111.2,288.3,345.1,26.1,79.4,16.9,1.35,277.6,14.8,High
FLD-000726,2025-02-24,2025,2,Monday,0,0,0,Mauway,Maytunas Creek,22.9,827.4,0.725,0.701,39367,12,53.8,81.7,108.3,28.9,56.6,17.2,1.34,136.3,4.3,Medium
FLD-000727,2026-06-01,2026,6,Monday,0,1,1,Harapin ang Bukas,Drainage,15.8,532.5,0.554,0.725,23901,12,57.6,95.3,116.7,26.6,82.8,32.8,1.34,214.2,9.9,Medium
FLD-000728,2026-02-17,2026,2,Tuesday,0,0,2,Pleasant Hills,Ermitaño Creek,24.3,1002.6,0.706,0.702,26501,7,242.9,277.4,426.4,24.5,88.9,28.9,1.27,362.3,15.2,High
FLD-000729,2021-10-13,2021,10,Wednesday,0,1,0,Highway Hills,Maytunas Creek,32.2,899.5,0.781,0.762,40573,7,14.5,88.5,232.5,31.6,67.8,13.7,1.36,7.8,3.4,Low
FLD-000730,2025-04-11,2025,4,Friday,0,0,0,New Zañiga,Buhangin Creek,7.4,154.2,0.488,0.772,35602,16,13.7,171.5,243.0,31.9,61.2,17.0,0.48,95.1,6.4,Medium
FLD-000731,2021-01-29,2021,1,Friday,0,0,1,Daang Bakal,Maytunas Creek,11.8,363.2,0.604,0.768,35058,18,52.8,76.7,93.3,31.5,62.5,17.7,0.54,165.4,6.6,Medium
FLD-000732,2024-02-16,2024,2,Friday,0,0,0,Mauway,Maytunas Creek,23.0,844.4,0.681,0.71,37797,8,51.9,74.9,86.5,31.5,67.0,5.2,0.9,16.1,6.1,Low
FLD-000733,2023-05-30,2023,5,Tuesday,0,1,0,Hulo,Pasig River,6.4,100.1,0.366,0.844,40744,23,61.3,196.2,469.9,28.0,71.4,16.8,1.77,111.8,10.9,High
FLD-000734,2025-06-22,2025,6,Sunday,1,1,1,Vergara,Drainage,24.3,803.2,0.731,0.663,26062,11,109.8,153.0,188.0,26.9,87.7,18.8,0.95,166.3,8.6,High
FLD-000735,2023-01-05,2023,1,Thursday,0,0,1,Wack-Wack Greenhills East,Drainage,28.6,1214.2,0.88,0.617,15476,3,70.1,77.5,108.9,32.5,63.2,7.9,0.75,0.9,2.5,Low
FLD-000736,2025-05-04,2025,5,Sunday,1,1,0,Burol,Drainage,21.3,721.5,0.676,0.653,19781,15,2.6,7.2,75.4,29.1,68.5,4.2,1.27,85.2,1.2,Medium
FLD-000737,2023-10-21,2023,10,Saturday,1,1,0,Highway Hills,Maytunas Creek,30.2,891.7,0.807,0.747,44377,2,1.2,28.0,219.4,28.0,71.5,14.5,2.07,25.9,3.3,Medium
FLD-000738,2024-04-25,2024,4,Thursday,0,0,0,Barangka Ilaya,Pasig River,7.6,174.9,0.431,0.837,36192,23,10.9,19.5,148.5,34.5,61.4,1.4,0.73,216.5,4.2,High
FLD-000739,2022-01-12,2022,1,Wednesday,0,0,0,Poblacion,Buhangin Creek,5.7,94.5,0.486,0.821,42965,25,1.8,93.7,208.0,31.7,72.9,12.3,1.06,10.1,6.9,Low
FLD-000740,2022-08-11,2022,8,Thursday,0,1,0,Vergara,Drainage,23.8,814.8,0.69,0.644,26900,12,11.3,92.9,200.1,29.6,80.4,28.0,1.42,155.2,6.9,Medium
FLD-000741,2024-08-07,2024,8,Wednesday,0,1,1,Bagong Silang,Drainage,17.4,536.3,0.562,0.713,23218,13,123.5,177.2,204.7,25.3,86.9,34.6,1.28,282.5,11.1,High
FLD-000742,2021-02-08,2021,2,Monday,0,0,0,Burol,Drainage,20.3,663.4,0.635,0.7,26513,11,6.7,42.2,140.1,31.2,67.6,8.6,1.13,7.8,3.3,Low
FLD-000743,2021-07-05,2021,7,Monday,0,1,0,Barangka Ilaya,Pasig River,7.8,167.5,0.484,0.82,41617,23,26.2,64.8,162.7,30.2,83.2,0,1.02,139.9,6.4,Medium
FLD-000744,2024-10-28,2024,10,Monday,0,1,1,Poblacion,Buhangin Creek,5.7,120.7,0.478,0.816,40803,20,6.2,35.8,254.4,29.6,75.8,8.2,1.71,172.1,5.3,High
FLD-000745,2026-02-05,2026,2,Thursday,0,0,0,Namayan,Pasig River,7.2,129.2,0.502,0.837,32988,17,63.8,121.8,163.4,31.2,76.3,8.5,0.2,81.9,8.6,High
FLD-000746,2022-01-07,2022,1,Friday,0,0,0,Harapin ang Bukas,Drainage,17.4,576.4,0.636,0.701,22158,15,6.1,33.6,120.1,34.2,64.2,3.5,0.94,161.1,5.9,Medium
FLD-000747,2021-10-04,2021,10,Monday,0,1,0,Barangka Ibaba,Pasig River,6.2,45.8,0.434,0.881,42861,23,10.5,80.0,201.8,27.7,72.4,1.7,1.19,131.6,5.1,High
FLD-000748,2023-09-07,2023,9,Thursday,0,1,0,New Zañiga,Buhangin Creek,5.4,169.3,0.512,0.787,33443,20,120.9,162.5,287.4,25.1,79.4,6.5,1.21,283.3,12.8,High
FLD-000749,2025-08-13,2025,8,Wednesday,0,1,0,Pleasant Hills,Ermitaño Creek,23.8,991.2,0.703,0.711,24946,13,17.7,88.8,131.1,29.5,78.5,23.9,1.1,0.7,7.1,Low
FLD-000750,2024-02-12,2024,2,Monday,0,0,1,Pag-Asa,Drainage,19.3,594.2,0.598,0.73,22793,14,77.9,93.2,128.6,29.2,61.8,22.5,1.24,220.0,6.3,Medium
FLD-000751,2026-03-06,2026,3,Friday,0,0,0,Mauway,Maytunas Creek,23.1,808.9,0.68,0.735,37814,13,18.6,50.7,176.3,31.2,57.6,17.7,1.04,11.5,3.8,Low
FLD-000752,2024-07-04,2024,7,Thursday,0,1,0,Barangka Drive,Pasig River,9.5,223.7,0.484,0.82,33767,20,12.8,99.1,238.3,28.8,71.6,8.4,1.02,84.9,9.5,Medium
FLD-000753,2025-12-12,2025,12,Friday,0,0,0,Barangka Ibaba,Pasig River,6.2,88.2,0.408,0.886,35928,21,3.8,15.2,26.4,32.6,57.3,17.6,0.78,14.9,4.0,Low
FLD-000754,2024-04-04,2024,4,Thursday,0,0,1,Hagdan Bato Libis,Drainage,15.7,536.2,0.632,0.739,31663,18,43.5,71.3,233.4,31.4,70.4,19.8,1.16,65.6,8.1,Medium
FLD-000755,2026-03-25,2026,3,Wednesday,0,0,0,Wack-Wack Greenhills East,Drainage,28.3,1178.6,0.863,0.67,18476,5,14.8,48.6,76.6,29.9,66.5,15.8,0.96,1.7,2.5,Low
FLD-000756,2022-08-26,2022,8,Friday,0,1,0,Bagong Silang,Drainage,17.6,637.6,0.601,0.676,25222,14,5.4,36.5,174.1,29.4,82.5,9.6,1.09,12.9,5.1,Low
FLD-000757,2023-10-04,2023,10,Wednesday,0,1,0,Bagong Silang,Drainage,17.2,609.5,0.619,0.727,22118,14,22.4,131.1,389.5,30.1,74.8,3.6,1.58,133.1,6.6,High
FLD-000758,2022-11-10,2022,11,Thursday,0,1,2,Daang Bakal,Maytunas Creek,11.7,344.3,0.523,0.763,36863,20,45.0,128.1,174.1,30.6,82.2,23.2,1.13,162.2,9.7,High
FLD-000759,2024-10-14,2024,10,Monday,0,1,0,Highway Hills,Maytunas Creek,31.5,916.7,0.772,0.811,43944,7,31.4,42.8,197.7,31.0,73.1,8.4,1.26,0.0,2.7,Low
FLD-000760,2025-12-22,2025,12,Monday,0,0,1,Malamig,Tributary,19.5,611.7,0.663,0.62,27152,8,122.4,130.7,305.2,26.1,74.8,28.2,0.31,223.3,11.9,High
FLD-000761,2024-10-22,2024,10,Tuesday,0,1,0,Pag-Asa,Drainage,19.6,634.3,0.688,0.725,27366,12,15.8,104.0,284.0,31.1,88.6,4.9,1.5,130.2,6.8,Low
FLD-000762,2022-11-17,2022,11,Thursday,0,1,0,Barangka Ilaya,Pasig River,7.6,167.3,0.497,0.815,33416,18,34.4,84.0,418.6,27.6,65.2,13.8,1.1,56.9,8.2,High
FLD-000763,2021-06-13,2021,6,Sunday,1,1,1,Harapin ang Bukas,Drainage,17.3,530.5,0.569,0.782,21886,15,22.8,129.4,322.5,28.6,76.1,15.5,1.49,121.5,6.3,Medium
FLD-000764,2026-04-11,2026,4,Saturday,1,0,0,Hagdan Bato Itaas,Drainage,21.4,724.0,0.736,0.711,32067,8,5.3,110.0,256.1,29.8,60.2,9.5,0.83,9.6,8.2,Low
FLD-000765,2025-07-19,2025,7,Saturday,1,1,0,Bagong Silang,Drainage,16.9,644.2,0.617,0.669,25068,19,13.6,63.9,207.2,28.4,71.8,14.7,1.16,121.0,6.0,Low
FLD-000766,2024-06-19,2024,6,Wednesday,0,1,0,Malamig,Tributary,19.7,568.8,0.669,0.684,27808,17,58.2,235.3,392.7,28.0,82.8,12.3,1.19,152.6,9.6,High
FLD-000767,2024-04-29,2024,4,Monday,0,0,0,San Jose,Drainage,20.9,657.8,0.698,0.688,28205,14,3.0,28.2,72.4,28.9,69.5,6.0,0.95,64.7,4.0,Low
FLD-000768,2022-05-29,2022,5,Sunday,1,1,0,San Jose,Drainage,21.8,763.6,0.737,0.664,27531,15,72.2,186.9,310.0,29.3,84.0,2.3,1.62,155.3,9.3,High
FLD-000769,2024-06-23,2024,6,Sunday,1,1,0,Malamig,Tributary,19.5,563.7,0.624,0.697,30328,14,11.8,35.8,171.6,30.1,67.0,0,1.41,3.6,3.7,Low
FLD-000770,2023-11-25,2023,11,Saturday,1,1,0,Mabini-J. Rizal,Maytunas Creek,15.4,469.0,0.619,0.734,30872,17,32.0,70.6,162.3,29.0,93.7,12.6,0.72,144.6,5.9,Medium
FLD-000771,2025-05-28,2025,5,Wednesday,0,1,1,Mabini-J. Rizal,Maytunas Creek,14.7,458.9,0.621,0.722,27468,16,51.1,143.2,231.3,29.2,71.4,23.1,1.21,193.9,10.6,Medium
FLD-000772,2021-10-11,2021,10,Monday,0,1,0,Mauway,Maytunas Creek,23.6,842.8,0.642,0.656,36035,10,130.2,168.9,286.7,27.0,89.2,24.0,1.4,253.8,13.2,High
FLD-000773,2026-06-25,2026,6,Thursday,0,1,2,Barangka Ilaya,Pasig River,7.8,138.6,0.513,0.841,36749,19,50.0,103.1,129.9,30.5,73.8,20.3,1.59,184.2,7.0,High
FLD-000774,2022-05-22,2022,5,Sunday,1,1,2,Hagdan Bato Libis,Drainage,16.8,506.5,0.623,0.718,30526,13,80.0,199.0,348.6,29.4,78.8,22.4,1.29,229.1,13.4,High
FLD-000775,2021-05-28,2021,5,Friday,0,1,1,Daang Bakal,Maytunas Creek,11.4,350.1,0.545,0.791,34485,17,45.7,57.2,231.4,27.1,80.1,20.7,1.45,198.7,10.6,Medium
FLD-000776,2024-10-02,2024,10,Wednesday,0,1,2,Plainview,Estero,18.1,464.6,0.675,0.743,28554,13,112.5,169.1,238.7,27.6,91.0,19.2,0.76,249.7,9.9,High
FLD-000777,2025-12-21,2025,12,Sunday,1,0,0,Wack-Wack Greenhills East,Drainage,27.1,1175.3,0.798,0.667,19313,3,47.6,72.0,119.1,27.8,80.3,26.8,0.98,57.2,7.6,Low
FLD-000778,2021-12-09,2021,12,Thursday,0,0,0,Buayang Bato,Buayang Bato Creek,12.9,301.1,0.57,0.718,34304,16,4.1,19.7,113.9,34.1,72.0,5.9,1.03,15.3,1.0,Low
FLD-000779,2021-07-04,2021,7,Sunday,1,1,0,Buayang Bato,Buayang Bato Creek,13.0,314.8,0.57,0.793,36708,20,101.5,124.1,327.6,26.3,74.8,7.0,1.57,153.9,9.2,High
FLD-000780,2023-12-25,2023,12,Monday,0,0,2,Poblacion,Buhangin Creek,4.8,64.3,0.505,0.834,38848,19,70.5,123.3,203.9,30.1,73.0,18.9,1.11,228.3,13.8,High
FLD-000781,2026-06-24,2026,6,Wednesday,0,1,0,Harapin ang Bukas,Drainage,16.5,562.7,0.554,0.741,24218,12,1.3,133.7,158.0,33.4,83.5,27.1,0.93,5.1,5.9,Low
FLD-000782,2024-05-12,2024,5,Sunday,1,1,0,Plainview,Estero,17.5,489.7,0.596,0.775,30654,19,22.8,78.3,156.2,31.0,83.5,5.2,1.32,142.3,5.7,Low
FLD-000783,2022-12-01,2022,12,Thursday,0,0,0,Hulo,Pasig River,7.7,164.4,0.476,0.879,38899,20,52.5,84.6,223.3,30.9,67.3,5.1,1.26,175.2,7.2,Medium
FLD-000784,2022-09-21,2022,9,Wednesday,0,1,0,Old Zañiga,Buhangin Creek,6.1,116.2,0.486,0.803,31788,17,1.9,142.9,238.2,30.6,67.1,5.9,0.97,87.7,9.0,High
FLD-000785,2025-06-21,2025,6,Saturday,1,1,0,Malamig,Tributary,19.3,596.9,0.673,0.708,28856,15,5.2,31.6,309.8,27.6,78.0,10.8,1.23,6.9,1.4,Low
FLD-000786,2021-08-03,2021,8,Tuesday,0,1,0,New Zañiga,Buhangin Creek,7.7,184.2,0.577,0.807,32135,19,1.0,180.3,228.9,29.7,67.9,22.9,0.98,112.5,12.0,High
FLD-000787,2021-01-23,2021,1,Saturday,1,0,1,Burol,Drainage,21.9,717.7,0.618,0.652,22118,11,57.7,102.3,137.8,31.7,70.1,26.1,0.56,114.9,3.0,Medium
FLD-000788,2024-06-13,2024,6,Thursday,0,1,0,Old Zañiga,Buhangin Creek,6.6,130.5,0.466,0.772,36664,18,17.2,78.4,120.8,30.5,72.3,31.4,0.98,132.3,4.5,Medium
FLD-000789,2024-06-16,2024,6,Sunday,1,1,0,Mabini-J. Rizal,Maytunas Creek,15.4,437.9,0.611,0.736,35425,12,2.5,43.0,291.4,29.8,66.9,6.2,1.75,81.5,4.4,Low
FLD-000790,2026-05-17,2026,5,Sunday,1,1,1,Plainview,Estero,17.4,520.9,0.669,0.741,32256,15,122.9,185.1,351.3,25.6,80.6,18.4,1.17,269.8,9.8,High
FLD-000791,2026-03-14,2026,3,Saturday,1,0,0,Addition Hills,Maytunas Creek,25.2,1024.4,0.66,0.75,42858,5,1.6,74.2,279.7,33.9,73.1,19.9,0.82,57.4,8.9,Low
FLD-000792,2026-06-06,2026,6,Saturday,1,1,2,Bagong Silang,Drainage,17.8,608.7,0.677,0.769,25665,9,96.8,193.3,463.2,28.8,83.5,19.0,1.07,241.1,14.8,High
FLD-000793,2021-11-17,2021,11,Wednesday,0,1,1,Poblacion,Buhangin Creek,6.0,105.9,0.486,0.811,44280,22,43.7,74.0,143.8,28.9,82.0,8.0,1.34,151.5,6.5,High
FLD-000794,2023-01-08,2023,1,Sunday,1,0,1,Burol,Drainage,20.0,711.5,0.665,0.685,21314,12,43.6,111.8,232.3,29.0,67.9,20.3,1.42,19.0,6.3,Low
FLD-000795,2022-10-21,2022,10,Friday,0,1,0,Hulo,Pasig River,6.7,103.7,0.428,0.842,37968,22,61.4,111.1,662.1,29.5,80.8,11.5,1.18,143.4,7.4,High
FLD-000796,2021-01-02,2021,1,Saturday,1,0,0,Buayang Bato,Buayang Bato Creek,12.9,300.9,0.605,0.717,32614,20,64.9,104.4,209.1,29.7,73.5,1.6,1.15,168.2,8.7,Medium
FLD-000797,2022-05-24,2022,5,Tuesday,0,1,0,Barangka Ilaya,Pasig River,9.1,164.7,0.483,0.835,34381,16,6.0,54.9,109.4,29.9,60.1,9.5,1.43,145.2,0.5,Medium
FLD-000798,2021-05-22,2021,5,Saturday,1,1,3,Barangka Drive,Pasig River,8.5,198.1,0.513,0.836,37242,13,60.7,106.9,208.3,24.3,73.5,30.4,1.12,288.6,11.7,High
FLD-000799,2022-12-24,2022,12,Saturday,1,0,0,Pleasant Hills,Ermitaño Creek,23.8,1024.3,0.677,0.668,28829,14,0.4,97.6,127.2,31.5,65.4,12.3,1.06,120.8,3.2,Medium
FLD-000800,2026-01-29,2026,1,Thursday,0,0,0,San Jose,Drainage,21.4,708.9,0.688,0.681,25855,10,8.0,69.1,189.8,31.6,60.2,9.9,1.26,28.1,6.3,Low
FLD-000801,2021-04-21,2021,4,Wednesday,0,0,0,Highway Hills,Maytunas Creek,30.9,900.2,0.684,0.857,45762,9,4.6,132.5,172.9,31.7,66.2,8.2,0.96,85.2,6.2,Low
FLD-000802,2022-09-18,2022,9,Sunday,1,1,0,Poblacion,Buhangin Creek,6.5,85.7,0.441,0.827,41548,13,1.7,124.8,212.3,29.8,71.7,15.7,1.01,113.9,8.9,Medium
FLD-000803,2022-11-10,2022,11,Thursday,0,1,1,Hagdan Bato Libis,Drainage,15.9,481.6,0.619,0.756,30475,10,95.0,139.6,469.7,27.3,86.1,13.2,1.77,164.1,8.7,High
FLD-000804,2025-04-30,2025,4,Wednesday,0,0,0,Hagdan Bato Itaas,Drainage,22.7,737.7,0.679,0.723,31782,12,3.7,38.1,141.3,33.0,67.9,8.5,1.12,0.2,0.8,Low
FLD-000805,2021-03-06,2021,3,Saturday,1,0,1,Highway Hills,Maytunas Creek,31.1,915.3,0.785,0.742,42456,7,90.6,128.2,183.1,27.7,73.9,11.5,0.82,162.6,5.7,Medium
FLD-000806,2022-03-03,2022,3,Thursday,0,0,2,Plainview,Estero,18.5,480.4,0.68,0.731,33745,13,46.3,59.7,75.0,30.4,70.1,20.7,1.63,240.2,8.7,Medium
FLD-000807,2022-11-16,2022,11,Wednesday,0,1,1,Barangka Ilaya,Pasig River,8.5,156.3,0.5,0.809,35765,13,92.9,137.0,175.3,26.0,82.1,18.7,1.3,261.3,11.1,High
FLD-000808,2023-02-19,2023,2,Sunday,1,0,1,Namayan,Pasig River,8.4,154.0,0.576,0.848,32702,19,26.5,176.5,438.2,30.5,63.3,17.3,1.04,118.1,11.4,High
FLD-000809,2021-02-17,2021,2,Wednesday,0,0,0,Barangka Itaas,Pasig River,9.9,250.6,0.55,0.823,36916,17,22.8,48.2,133.0,28.4,66.7,0,0.77,138.5,10.2,Medium
FLD-000810,2025-09-11,2025,9,Thursday,0,1,0,Burol,Drainage,20.5,677.5,0.649,0.664,20307,10,5.8,235.3,433.8,29.1,78.7,4.6,1.24,98.0,13.2,Medium
FLD-000811,2023-11-04,2023,11,Saturday,1,1,0,Hulo,Pasig River,6.2,102.5,0.502,0.853,35621,19,5.3,103.8,195.0,27.1,69.4,6.5,0.78,49.3,6.3,Low
FLD-000812,2024-06-08,2024,6,Saturday,1,1,0,Buayang Bato,Buayang Bato Creek,13.7,304.0,0.552,0.813,32980,17,16.3,28.9,96.9,30.4,60.7,15.5,1.22,101.9,5.4,Medium
FLD-000813,2021-10-17,2021,10,Sunday,1,1,0,Barangka Ibaba,Pasig River,6.2,73.5,0.456,0.889,39482,20,5.3,7.1,216.9,29.9,69.7,0,1.23,116.0,2.1,High
FLD-000814,2025-07-26,2025,7,Saturday,1,1,1,Old Zañiga,Buhangin Creek,7.7,136.0,0.467,0.809,34678,15,89.1,114.3,268.2,29.3,79.4,22.6,1.35,266.9,10.6,High
FLD-000815,2022-12-22,2022,12,Thursday,0,0,1,Bagong Silang,Drainage,18.3,600.7,0.621,0.687,26316,16,23.1,158.9,331.3,30.0,74.4,13.5,1.01,116.6,5.2,Medium
FLD-000816,2024-11-18,2024,11,Monday,0,1,1,Buayang Bato,Buayang Bato Creek,13.4,277.8,0.609,0.766,39381,7,30.3,39.6,179.5,29.4,68.1,8.7,1.26,170.6,4.6,High
FLD-000817,2021-05-17,2021,5,Monday,0,1,3,Wack-Wack Greenhills East,Drainage,28.7,1248.0,0.873,0.626,20115,2,160.1,165.0,330.9,25.5,94.8,26.0,1.63,185.8,13.5,High
FLD-000818,2021-12-03,2021,12,Friday,0,0,0,Mabini-J. Rizal,Maytunas Creek,15.7,398.5,0.587,0.742,30834,20,1.8,30.0,42.4,29.2,57.0,13.9,1.13,3.2,4.0,Low
FLD-000819,2023-01-19,2023,1,Thursday,0,0,0,Old Zañiga,Buhangin Creek,6.7,158.0,0.51,0.851,34749,17,4.5,59.5,223.7,32.9,60.5,6.8,1.23,53.7,9.3,Medium
FLD-000820,2021-09-25,2021,9,Saturday,1,1,0,Hulo,Pasig River,5.8,103.0,0.408,0.854,38222,21,16.6,99.3,239.1,30.6,79.4,4.8,1.56,126.7,7.5,Medium
FLD-000821,2024-08-08,2024,8,Thursday,0,1,0,Harapin ang Bukas,Drainage,17.5,530.8,0.606,0.744,19711,13,5.4,130.5,403.5,29.2,70.6,4.4,0.6,18.7,6.5,High
FLD-000822,2022-02-02,2022,2,Wednesday,0,0,1,Hagdan Bato Libis,Drainage,16.7,495.6,0.663,0.752,26487,13,60.3,73.4,246.6,33.3,76.4,30.2,0.62,113.7,6.1,High
FLD-000823,2023-02-27,2023,2,Monday,0,0,0,Hagdan Bato Itaas,Drainage,21.6,713.0,0.659,0.652,29820,12,19.4,84.2,185.1,31.6,54.0,11.0,0.59,95.1,5.5,Medium
FLD-000824,2023-04-12,2023,4,Wednesday,0,0,0,Hulo,Pasig River,5.7,107.1,0.443,0.821,35647,18,2.5,93.6,209.5,32.6,69.3,19.1,0.73,41.5,3.8,High
FLD-000825,2021-06-05,2021,6,Saturday,1,1,2,Namayan,Pasig River,7.2,161.8,0.534,0.739,34749,16,139.3,208.4,297.8,28.5,99.5,18.8,0.44,266.3,16.7,High
FLD-000826,2025-02-21,2025,2,Friday,0,0,1,Burol,Drainage,21.1,664.3,0.709,0.636,22844,9,94.4,124.5,257.4,30.1,80.8,17.6,1.47,214.9,9.5,High
FLD-000827,2023-06-29,2023,6,Thursday,0,1,0,Harapin ang Bukas,Drainage,16.9,561.3,0.579,0.723,25072,17,3.4,33.7,103.9,28.7,70.3,15.4,1.47,110.3,4.7,Medium
FLD-000828,2023-01-23,2023,1,Monday,0,0,0,Addition Hills,Maytunas Creek,24.3,970.3,0.666,0.73,50708,11,5.4,49.9,151.1,31.8,69.6,4.0,1.25,3.4,4.4,Low
FLD-000829,2021-11-26,2021,11,Friday,0,1,0,Barangka Ibaba,Pasig River,7.4,44.4,0.456,0.905,41590,19,15.0,100.3,155.9,32.0,74.1,8.4,0.95,87.3,8.5,Medium
FLD-000830,2023-06-14,2023,6,Wednesday,0,1,0,Mabini-J. Rizal,Maytunas Creek,14.6,380.3,0.628,0.764,29516,15,68.5,132.6,188.8,27.8,77.5,11.9,1.29,124.9,6.3,Medium
FLD-000831,2025-07-18,2025,7,Friday,0,1,1,Hagdan Bato Libis,Drainage,16.4,497.2,0.648,0.741,26718,18,54.8,123.6,276.2,28.2,85.0,17.8,1.48,156.7,10.4,High
FLD-000832,2021-11-02,2021,11,Tuesday,0,1,0,Wack-Wack Greenhills East,Drainage,28.0,1191.4,0.815,0.669,18123,7,6.2,49.5,278.1,31.3,62.1,0.2,1.01,2.7,6.2,Low
FLD-000833,2021-02-18,2021,2,Thursday,0,0,0,Pag-Asa,Drainage,20.1,634.8,0.658,0.641,23149,14,40.0,60.9,191.6,32.1,70.4,2.9,0.75,154.0,3.7,Low
FLD-000834,2021-06-10,2021,6,Thursday,0,1,0,Pag-Asa,Drainage,19.1,674.9,0.622,0.713,23452,11,93.6,116.7,328.9,30.1,89.9,27.9,1.54,170.0,7.0,Medium
FLD-000835,2021-01-01,2021,1,Friday,0,0,0,Highway Hills,Maytunas Creek,30.6,911.3,0.711,0.754,42778,9,43.9,61.7,159.9,31.6,74.2,10.7,0.92,39.7,4.8,Medium
FLD-000836,2023-06-14,2023,6,Wednesday,0,1,2,Harapin ang Bukas,Drainage,16.8,542.7,0.609,0.771,20789,12,51.1,93.0,170.0,30.7,75.2,26.8,1.31,233.7,9.5,High
FLD-000837,2022-09-15,2022,9,Thursday,0,1,0,Pag-Asa,Drainage,18.5,690.0,0.541,0.684,22744,9,18.6,120.4,260.6,27.4,79.3,12.1,1.06,4.9,5.9,Low
FLD-000838,2021-05-03,2021,5,Monday,0,1,1,Namayan,Pasig River,8.9,163.2,0.476,0.822,32753,18,99.3,231.4,358.8,26.1,81.4,15.6,1.49,284.8,11.4,High
FLD-000839,2023-02-04,2023,2,Saturday,1,0,0,Daang Bakal,Maytunas Creek,11.9,319.6,0.6,0.785,32279,18,7.8,77.5,236.7,31.5,62.4,13.9,1.0,3.0,2.4,Low
FLD-000840,2022-07-09,2022,7,Saturday,1,1,1,Barangka Ibaba,Pasig River,6.9,46.6,0.444,0.875,42686,14,14.0,85.0,165.2,30.5,85.2,17.0,1.2,71.1,6.6,Medium
FLD-000841,2022-01-07,2022,1,Friday,0,0,1,Harapin ang Bukas,Drainage,16.7,558.1,0.606,0.752,23043,13,81.4,235.2,356.1,30.5,71.5,19.7,0.98,174.9,13.7,High
FLD-000842,2022-11-27,2022,11,Sunday,1,1,0,Barangka Itaas,Pasig River,10.0,247.0,0.515,0.818,34252,19,11.2,105.2,132.2,29.8,67.9,16.1,0.45,79.9,7.5,High
FLD-000843,2024-05-24,2024,5,Friday,0,1,1,Barangka Ilaya,Pasig River,8.2,179.6,0.451,0.821,37088,20,30.3,36.8,207.2,30.0,81.0,11.0,0.72,115.9,5.3,Medium
FLD-000844,2024-01-24,2024,1,Wednesday,0,0,2,San Jose,Drainage,21.0,710.4,0.626,0.664,26338,18,69.1,106.7,195.2,29.8,65.7,27.1,0.89,185.5,11.8,Medium
FLD-000845,2024-05-15,2024,5,Wednesday,0,1,0,Daang Bakal,Maytunas Creek,11.9,363.8,0.569,0.782,32581,18,8.8,62.3,221.7,31.4,79.4,9.5,1.55,69.1,6.0,Medium
FLD-000846,2023-04-12,2023,4,Wednesday,0,0,0,Hagdan Bato Itaas,Drainage,22.6,792.1,0.665,0.683,29484,6,0.5,16.8,38.0,30.3,75.5,0,1.14,95.7,0.9,Low
FLD-000847,2023-09-29,2023,9,Friday,0,1,0,Malamig,Tributary,21.5,638.4,0.645,0.651,30173,13,3.0,42.0,142.0,31.3,71.8,16.4,1.05,3.6,4.5,Low
FLD-000848,2023-02-08,2023,2,Wednesday,0,0,1,Namayan,Pasig River,8.0,172.0,0.503,0.77,29430,17,285.7,313.2,362.0,26.3,100,10.8,0.96,545.8,21.5,High
FLD-000849,2025-07-03,2025,7,Thursday,0,1,0,New Zañiga,Buhangin Creek,8.4,137.2,0.574,0.718,35330,22,3.2,52.5,125.0,28.7,81.7,20.3,1.89,163.2,6.9,Medium
FLD-000850,2023-11-25,2023,11,Saturday,1,1,0,Hulo,Pasig River,6.4,106.8,0.411,0.892,38775,16,40.0,257.4,483.2,26.0,80.3,1.5,1.01,206.8,12.9,High
FLD-000851,2021-06-24,2021,6,Thursday,0,1,0,Mabini-J. Rizal,Maytunas Creek,14.3,467.7,0.62,0.726,28160,19,28.7,51.7,233.0,28.1,74.8,12.8,1.31,61.9,4.2,Medium
FLD-000852,2021-09-01,2021,9,Wednesday,0,1,1,Old Zañiga,Buhangin Creek,7.5,180.0,0.5,0.76,35927,14,190.5,227.9,354.7,27.4,95.3,24.7,1.42,501.9,10.7,High
FLD-000853,2023-01-29,2023,1,Sunday,1,0,1,Namayan,Pasig River,7.6,113.0,0.508,0.811,33221,20,24.8,26.7,43.6,31.3,59.5,15.8,0.82,83.4,5.5,Medium
FLD-000854,2022-11-30,2022,11,Wednesday,0,1,2,Daang Bakal,Maytunas Creek,12.0,414.4,0.559,0.778,28853,16,162.4,263.7,349.3,27.1,87.6,17.2,1.35,348.8,17.7,High
FLD-000855,2021-08-26,2021,8,Thursday,0,1,0,Plainview,Estero,18.1,494.3,0.675,0.695,28957,13,6.4,105.8,206.2,26.8,65.1,1.5,1.34,4.8,2.1,Low
FLD-000856,2023-08-10,2023,8,Thursday,0,1,0,Harapin ang Bukas,Drainage,17.9,540.1,0.548,0.759,21348,19,9.8,52.6,92.2,31.4,63.3,27.3,1.17,65.8,5.0,Medium
FLD-000857,2022-04-24,2022,4,Sunday,1,0,0,Hulo,Pasig River,5.7,66.3,0.426,0.816,36421,18,5.5,42.5,121.3,31.0,64.2,8.1,0.98,12.6,2.8,Low
FLD-000858,2021-10-25,2021,10,Monday,0,1,0,Highway Hills,Maytunas Creek,30.3,902.8,0.793,0.819,45137,7,26.0,80.8,112.4,30.3,78.9,13.9,1.37,0,5.2,Low
FLD-000859,2021-10-31,2021,10,Sunday,1,1,0,Pleasant Hills,Ermitaño Creek,23.5,950.7,0.681,0.687,29227,11,57.3,161.6,228.5,27.3,81.0,5.8,0.85,1.6,7.0,Low
FLD-000860,2023-11-24,2023,11,Friday,0,1,0,Daang Bakal,Maytunas Creek,10.8,392.4,0.543,0.802,35150,20,36.3,326.0,389.0,26.9,76.6,12.9,1.71,78.0,15.4,High
FLD-000861,2024-11-07,2024,11,Thursday,0,1,0,Barangka Itaas,Pasig River,9.1,214.5,0.493,0.861,37511,23,27.0,113.1,575.6,31.1,84.1,11.9,1.25,110.4,5.0,Medium
FLD-000862,2025-12-22,2025,12,Monday,0,0,1,Old Zañiga,Buhangin Creek,7.3,149.7,0.483,0.827,35287,20,41.7,61.0,185.2,32.2,71.2,12.0,1.1,168.4,8.3,High
FLD-000863,2023-05-01,2023,5,Monday,0,1,0,Highway Hills,Maytunas Creek,29.3,920.7,0.701,0.797,44342,9,3.4,20.9,117.0,33.8,80.6,2.8,0.75,8.9,3.6,Low
FLD-000864,2023-06-15,2023,6,Thursday,0,1,1,Namayan,Pasig River,8.6,163.4,0.455,0.816,26501,16,110.1,324.2,446.4,27.6,81.4,13.5,1.42,260.8,17.0,High
FLD-000865,2021-01-09,2021,1,Saturday,1,0,0,Malamig,Tributary,19.4,582.0,0.736,0.718,25480,9,4.7,27.0,72.7,33.2,64.2,13.7,1.1,88.9,8.7,Low
FLD-000866,2023-01-31,2023,1,Tuesday,0,0,0,Buayang Bato,Buayang Bato Creek,13.9,295.3,0.59,0.8,36914,17,52.8,98.0,158.4,29.0,76.3,4.8,0.77,78.8,7.9,Medium
FLD-000867,2023-10-23,2023,10,Monday,0,1,0,Malamig,Tributary,19.4,588.2,0.729,0.72,29188,11,42.7,177.3,210.6,28.4,76.9,10.1,0.93,57.1,8.4,Medium
FLD-000868,2026-04-27,2026,4,Monday,0,0,0,Barangka Ilaya,Pasig River,7.9,161.7,0.517,0.818,33612,18,3.0,20.9,46.4,30.5,56.7,5.9,0.99,149.7,9.4,Medium
FLD-000869,2023-04-18,2023,4,Tuesday,0,0,0,Barangka Itaas,Pasig River,10.6,251.9,0.582,0.856,34648,18,2.1,51.1,127.0,31.9,63.1,2.8,0.83,0.2,5.8,Low
FLD-000870,2026-04-04,2026,4,Saturday,1,0,0,Pleasant Hills,Ermitaño Creek,24.1,989.9,0.716,0.726,28833,6,26.3,90.3,140.6,30.5,62.1,1.7,0.86,4.4,4.8,Low
FLD-000871,2021-09-14,2021,9,Tuesday,0,1,0,Addition Hills,Maytunas Creek,25.0,1023.1,0.646,0.742,49338,8,44.3,168.8,181.4,27.3,79.7,15.3,1.15,85.4,8.0,Medium
FLD-000872,2022-10-22,2022,10,Saturday,1,1,1,Hulo,Pasig River,7.3,96.0,0.468,0.851,40018,21,107.3,153.2,379.4,29.0,79.5,11.1,1.82,208.2,7.9,High
FLD-000873,2025-04-06,2025,4,Sunday,1,0,0,San Jose,Drainage,22.0,722.0,0.642,0.712,27384,11,4.4,41.8,203.7,30.8,73.1,13.7,1.13,57.2,5.5,Medium
FLD-000874,2026-03-17,2026,3,Tuesday,0,0,1,Vergara,Drainage,23.6,767.2,0.665,0.631,24957,11,108.1,155.6,290.3,31.7,81.5,10.9,1.03,164.8,9.5,High
FLD-000875,2023-07-04,2023,7,Tuesday,0,1,2,Daang Bakal,Maytunas Creek,12.7,375.4,0.589,0.741,32921,13,149.3,209.2,259.1,26.2,81.5,40.4,1.2,370.5,16.8,High
FLD-000876,2021-12-29,2021,12,Wednesday,0,0,0,Harapin ang Bukas,Drainage,16.9,558.9,0.535,0.71,23926,15,15.2,39.1,191.1,33.0,71.5,5.1,1.19,110.9,3.2,Low
FLD-000877,2026-06-16,2026,6,Tuesday,0,1,2,Hagdan Bato Libis,Drainage,14.8,533.7,0.621,0.748,29848,15,50.7,77.7,124.1,26.5,83.2,37.4,1.24,81.3,7.2,High
FLD-000878,2023-10-17,2023,10,Tuesday,0,1,1,Barangka Drive,Pasig River,8.2,231.3,0.529,0.871,32167,14,22.0,55.1,128.3,29.9,66.4,12.7,0.73,106.6,5.6,Medium
FLD-000879,2022-06-02,2022,6,Thursday,0,1,1,Hulo,Pasig River,5.9,109.6,0.427,0.894,40576,22,78.7,137.1,257.9,28.6,73.7,15.5,1.1,345.1,11.6,High
FLD-000880,2021-05-08,2021,5,Saturday,1,1,0,Pleasant Hills,Ermitaño Creek,25.3,1039.7,0.715,0.696,25306,5,46.3,74.7,129.4,29.0,81.8,9.1,1.23,1.7,4.1,Low
FLD-000881,2024-08-02,2024,8,Friday,0,1,0,Addition Hills,Maytunas Creek,25.3,1002.5,0.641,0.774,46322,8,64.2,123.3,235.2,27.1,71.3,16.2,1.34,125.3,10.0,Medium
FLD-000882,2024-05-26,2024,5,Sunday,1,1,0,Barangka Ibaba,Pasig River,8.3,37.4,0.404,0.876,39461,16,6.5,30.8,175.5,29.3,67.5,16.1,1.4,107.4,4.0,High
FLD-000883,2023-02-28,2023,2,Tuesday,0,0,0,Buayang Bato,Buayang Bato Creek,14.6,289.6,0.581,0.738,32622,19,5.0,55.7,192.0,33.7,61.9,7.2,1.52,184.1,3.6,High
FLD-000884,2022-03-24,2022,3,Thursday,0,0,0,Mauway,Maytunas Creek,23.8,808.2,0.687,0.732,40278,14,1.9,44.9,73.7,31.8,71.0,18.5,0.93,0,3.3,Low
FLD-000885,2023-07-30,2023,7,Sunday,1,1,1,Old Zañiga,Buhangin Creek,8.4,154.5,0.456,0.847,36721,18,10.0,190.9,273.8,34.7,74.3,19.3,1.15,182.4,11.5,High
FLD-000886,2025-12-21,2025,12,Sunday,1,0,2,Vergara,Drainage,25.2,807.0,0.779,0.629,24543,5,48.3,142.8,269.7,31.5,68.8,35.4,0.97,168.4,4.8,Low
FLD-000887,2021-11-14,2021,11,Sunday,1,1,0,Barangka Itaas,Pasig River,11.5,238.7,0.526,0.851,35326,20,27.2,100.2,212.1,30.5,77.2,6.7,1.36,174.5,9.2,Medium
FLD-000888,2026-02-11,2026,2,Wednesday,0,0,1,Hagdan Bato Libis,Drainage,17.2,412.1,0.597,0.708,30292,13,24.5,41.8,132.3,30.1,70.0,14.0,1.57,3.1,3.8,Low
FLD-000889,2025-03-02,2025,3,Sunday,1,0,0,Harapin ang Bukas,Drainage,17.7,501.1,0.596,0.743,21040,18,1.3,156.5,238.1,33.1,73.6,8.2,1.34,163.2,9.6,Low
FLD-000890,2023-06-16,2023,6,Friday,0,1,3,Barangka Ilaya,Pasig River,8.1,165.7,0.447,0.857,34675,18,215.0,265.9,422.6,24.4,91.3,24.6,0.53,475.6,19.0,High
FLD-000891,2023-04-17,2023,4,Monday,0,0,1,New Zañiga,Buhangin Creek,6.8,96.7,0.465,0.777,39625,17,27.0,43.3,57.8,29.9,62.5,9.6,1.73,157.5,7.7,High
FLD-000892,2025-03-28,2025,3,Friday,0,0,0,Barangka Ibaba,Pasig River,7.5,74.3,0.418,0.923,44396,25,5.3,107.3,162.1,31.2,64.9,12.2,1.82,168.2,11.7,Medium
FLD-000893,2024-08-26,2024,8,Monday,0,1,0,Addition Hills,Maytunas Creek,24.3,1024.4,0.68,0.734,43664,11,59.9,92.9,225.6,27.4,93.1,0.2,0.89,113.1,3.1,Medium
FLD-000894,2022-10-31,2022,10,Monday,0,1,0,Highway Hills,Maytunas Creek,29.4,925.0,0.774,0.783,44571,5,33.9,57.0,98.2,28.0,68.3,3.2,0.92,4.7,2.2,Low
FLD-000895,2023-02-22,2023,2,Wednesday,0,0,0,Highway Hills,Maytunas Creek,31.2,901.7,0.75,0.741,45206,8,0.5,31.7,107.0,32.9,73.6,5.2,0.59,7.3,5.4,Low
FLD-000896,2021-03-29,2021,3,Monday,0,0,0,Daang Bakal,Maytunas Creek,12.2,290.3,0.581,0.758,33640,22,39.4,87.7,148.9,31.6,74.8,0,0.96,95.6,6.2,Medium
FLD-000897,2025-01-27,2025,1,Monday,0,0,0,Vergara,Drainage,23.7,799.5,0.704,0.587,23850,12,4.5,16.9,70.3,29.7,64.6,6.5,1.66,0.2,3.1,Low
FLD-000898,2023-10-09,2023,10,Monday,0,1,0,Poblacion,Buhangin Creek,4.5,127.6,0.42,0.864,44227,19,8.8,132.6,550.6,32.6,68.7,18.0,0.99,101.8,7.1,High
FLD-000899,2024-03-28,2024,3,Thursday,0,0,2,Barangka Itaas,Pasig River,10.2,265.5,0.6,0.779,34640,17,143.0,176.6,232.4,28.6,79.2,33.8,0.47,282.7,11.2,High
FLD-000900,2022-02-13,2022,2,Sunday,1,0,1,Daang Bakal,Maytunas Creek,11.6,362.9,0.607,0.702,32076,16,37.8,65.7,89.7,30.8,75.0,26.1,1.12,160.1,5.3,Medium
FLD-000901,2026-06-12,2026,6,Friday,0,1,1,Wack-Wack Greenhills East,Drainage,27.5,1223.5,0.856,0.629,19959,6,41.0,74.9,222.5,29.8,88.6,14.2,1.65,12.7,6.9,Low
FLD-000902,2025-09-25,2025,9,Thursday,0,1,0,Highway Hills,Maytunas Creek,30.8,877.3,0.752,0.79,41741,6,109.2,212.8,373.7,27.3,80.6,0.9,0.93,127.6,7.8,High
FLD-000903,2024-01-10,2024,1,Wednesday,0,0,3,Highway Hills,Maytunas Creek,30.7,902.7,0.716,0.811,40108,9,72.6,132.6,186.1,31.5,52.6,36.5,1.07,210.9,10.2,High
FLD-000904,2024-03-04,2024,3,Monday,0,0,0,Daang Bakal,Maytunas Creek,12.0,334.1,0.613,0.737,30419,16,3.8,151.1,187.4,30.7,62.5,8.8,1.28,117.9,6.9,High
FLD-000905,2024-10-03,2024,10,Thursday,0,1,0,Harapin ang Bukas,Drainage,17.4,545.0,0.597,0.709,25628,9,12.1,34.1,347.0,30.3,72.9,4.6,1.5,92.3,4.7,Medium
FLD-000906,2021-01-26,2021,1,Tuesday,0,0,0,Burol,Drainage,20.4,683.0,0.649,0.662,23700,11,66.5,137.5,299.5,31.2,73.0,12.0,1.14,81.9,4.7,High
FLD-000907,2023-09-20,2023,9,Wednesday,0,1,0,Old Zañiga,Buhangin Creek,6.3,131.1,0.462,0.826,33000,17,5.0,170.9,326.3,31.2,78.9,8.2,0.84,166.0,13.5,Medium
FLD-000908,2021-10-19,2021,10,Tuesday,0,1,2,Buayang Bato,Buayang Bato Creek,15.1,283.2,0.603,0.768,32049,13,180.2,250.0,369.2,27.8,100,37.8,0.78,330.6,17.4,High
FLD-000909,2025-05-27,2025,5,Tuesday,0,1,0,Namayan,Pasig River,8.5,156.9,0.487,0.83,34276,13,13.3,214.4,442.7,29.4,65.0,7.9,1.14,149.2,11.2,Medium
FLD-000910,2024-05-23,2024,5,Thursday,0,1,0,Highway Hills,Maytunas Creek,29.3,906.7,0.804,0.783,44939,3,6.6,24.6,121.3,31.2,76.2,16.2,1.91,6.0,1.3,Low
FLD-000911,2023-05-10,2023,5,Wednesday,0,1,0,Mauway,Maytunas Creek,22.1,880.4,0.628,0.69,38438,14,2.0,59.9,158.4,30.6,70.9,13.4,1.01,3.5,3.1,Low
FLD-000912,2025-02-08,2025,2,Saturday,1,0,0,Wack-Wack Greenhills East,Drainage,28.9,1217.9,0.833,0.637,22606,10,26.4,41.3,114.6,32.8,60.4,3.7,0.79,19.3,4.0,Low
FLD-000913,2025-05-25,2025,5,Sunday,1,1,0,Pag-Asa,Drainage,19.2,694.7,0.654,0.714,27263,16,15.6,228.1,246.9,28.6,74.6,9.1,1.34,59.3,10.2,Medium
FLD-000914,2024-06-09,2024,6,Sunday,1,1,1,Barangka Drive,Pasig River,9.2,207.5,0.512,0.815,32651,17,211.5,262.3,373.1,24.1,97.2,18.6,1.2,503.7,19.2,High
FLD-000915,2021-04-03,2021,4,Saturday,1,0,0,Buayang Bato,Buayang Bato Creek,13.0,272.9,0.536,0.779,33801,18,9.8,58.6,191.1,28.9,66.2,2.5,0.5,180.5,8.7,Medium
FLD-000916,2025-04-21,2025,4,Monday,0,0,1,Vergara,Drainage,24.5,890.5,0.703,0.677,24938,10,73.5,114.9,184.4,28.1,78.5,8.7,0.67,73.9,9.0,Low
FLD-000917,2022-11-30,2022,11,Wednesday,0,1,0,Hulo,Pasig River,7.6,70.5,0.452,0.853,37479,21,44.6,121.0,280.7,27.3,76.4,18.2,1.03,237.0,11.8,High
FLD-000918,2025-04-27,2025,4,Sunday,1,0,0,Pleasant Hills,Ermitaño Creek,25.6,976.2,0.662,0.701,26747,11,0.8,38.9,102.4,30.8,58.6,14.0,1.29,4.4,2.8,Low
FLD-000919,2024-10-23,2024,10,Wednesday,0,1,0,Mabini-J. Rizal,Maytunas Creek,14.2,423.4,0.545,0.791,31605,21,2.1,8.6,120.6,28.2,67.0,3.1,0.87,9.4,3.6,Medium
FLD-000920,2021-08-27,2021,8,Friday,0,1,0,Buayang Bato,Buayang Bato Creek,13.4,309.7,0.538,0.807,35433,20,42.7,45.9,200.8,27.7,75.4,6.7,1.57,123.0,6.3,Medium
FLD-000921,2023-01-18,2023,1,Wednesday,0,0,0,Pleasant Hills,Ermitaño Creek,24.8,983.3,0.74,0.655,25388,4,9.0,68.4,124.6,32.4,50.2,4.1,1.06,11.1,6.9,Low
FLD-000922,2025-10-26,2025,10,Sunday,1,1,0,Hagdan Bato Libis,Drainage,15.9,503.4,0.626,0.754,28116,13,1.9,29.7,83.3,28.8,79.8,6.9,1.06,12.4,1.5,Low
FLD-000923,2024-06-16,2024,6,Sunday,1,1,0,Barangka Drive,Pasig River,10.2,170.0,0.556,0.864,35444,10,22.2,52.6,76.5,29.9,67.4,11.9,1.5,130.4,6.6,Medium
FLD-000924,2022-01-15,2022,1,Saturday,1,0,0,Poblacion,Buhangin Creek,6.1,68.7,0.405,0.821,45233,22,2.2,23.2,92.5,31.3,63.5,3.1,0.99,53.8,4.5,High
FLD-000925,2026-06-09,2026,6,Tuesday,0,1,0,Buayang Bato,Buayang Bato Creek,14.6,281.3,0.559,0.747,29287,17,92.4,118.1,262.0,27.7,87.6,8.7,1.43,250.9,9.0,Medium
FLD-000926,2021-04-02,2021,4,Friday,0,0,2,Highway Hills,Maytunas Creek,29.9,930.9,0.729,0.769,43978,8,28.7,60.3,114.3,29.4,69.7,21.0,0.42,101.2,7.4,High
FLD-000927,2024-11-21,2024,11,Thursday,0,1,1,Plainview,Estero,18.6,446.3,0.606,0.727,30107,17,34.6,63.4,191.9,28.6,70.5,13.8,1.23,151.6,4.5,Medium
FLD-000928,2022-07-19,2022,7,Tuesday,0,1,0,Hulo,Pasig River,6.1,48.8,0.391,0.844,38479,17,3.9,24.0,153.8,31.3,61.2,13.3,0.7,11.6,4.9,Low
FLD-000929,2025-06-10,2025,6,Tuesday,0,1,0,Namayan,Pasig River,8.1,167.8,0.487,0.766,32653,16,14.5,62.9,181.6,27.3,75.1,4.6,0.93,189.0,5.5,Medium
FLD-000930,2022-04-03,2022,4,Sunday,1,0,0,Daang Bakal,Maytunas Creek,11.0,337.1,0.605,0.746,32302,16,6.2,30.1,69.4,31.5,63.9,2.2,0.49,117.5,4.5,Medium
FLD-000931,2025-02-01,2025,2,Saturday,1,0,0,Barangka Ibaba,Pasig River,7.3,51.9,0.385,0.896,39132,21,10.6,30.5,148.2,34.8,70.7,1.7,1.09,130.2,7.8,Medium
FLD-000932,2021-09-28,2021,9,Tuesday,0,1,1,Burol,Drainage,21.6,678.4,0.673,0.682,23805,8,42.6,58.4,247.0,30.0,76.0,16.4,1.11,11.8,3.5,Low
FLD-000933,2024-11-22,2024,11,Friday,0,1,0,Buayang Bato,Buayang Bato Creek,13.6,300.0,0.615,0.813,34037,14,45.1,171.4,565.7,28.7,70.9,30.9,0.97,140.2,9.1,High
FLD-000934,2022-01-16,2022,1,Sunday,1,0,1,Pag-Asa,Drainage,20.0,643.8,0.625,0.728,21796,10,17.2,125.5,266.8,31.3,63.7,12.7,0.54,7.5,6.3,Low
FLD-000935,2024-03-24,2024,3,Sunday,1,0,0,Plainview,Estero,18.0,496.6,0.656,0.783,29565,12,4.1,57.3,70.3,31.4,68.5,22.3,1.6,93.6,7.0,Medium
FLD-000936,2025-11-17,2025,11,Monday,0,1,2,Malamig,Tributary,19.3,589.0,0.629,0.702,28524,12,117.5,174.5,343.6,28.3,80.3,22.4,0.46,243.8,12.5,High
FLD-000937,2025-04-06,2025,4,Sunday,1,0,0,Barangka Ilaya,Pasig River,7.1,151.1,0.452,0.885,34743,19,57.4,106.1,119.0,28.9,74.2,6.5,0.82,168.4,7.7,Medium
FLD-000938,2023-03-19,2023,3,Sunday,1,0,0,Barangka Ibaba,Pasig River,6.4,94.9,0.474,0.838,42288,20,3.1,18.8,171.2,31.1,62.0,2.2,1.11,77.6,7.3,Medium
FLD-000939,2024-11-07,2024,11,Thursday,0,1,0,Highway Hills,Maytunas Creek,29.4,890.1,0.798,0.784,43226,6,2.2,45.2,217.6,29.1,72.6,1.1,1.47,4.1,6.6,Low
FLD-000940,2022-05-13,2022,5,Friday,0,1,2,Barangka Ibaba,Pasig River,7.8,49.9,0.436,0.899,40864,21,18.9,46.7,235.4,28.0,80.2,26.9,0.58,142.9,7.7,Medium
FLD-000941,2026-04-26,2026,4,Sunday,1,0,1,Namayan,Pasig River,8.3,132.7,0.445,0.753,35856,21,36.7,62.8,128.1,31.8,69.5,22.4,0.73,181.0,6.4,High
FLD-000942,2023-08-24,2023,8,Thursday,0,1,0,Plainview,Estero,17.7,514.8,0.66,0.694,33713,16,12.8,352.1,425.8,30.0,82.0,1.1,1.0,107.3,17.4,High
FLD-000943,2023-08-01,2023,8,Tuesday,0,1,0,Mabini-J. Rizal,Maytunas Creek,14.8,405.3,0.597,0.796,30938,14,15.2,48.5,255.0,32.4,79.1,12.9,0.89,123.6,5.9,Medium
FLD-000944,2023-07-29,2023,7,Saturday,1,1,0,Addition Hills,Maytunas Creek,25.8,1030.5,0.693,0.669,44215,10,7.6,122.4,243.9,29.2,72.2,2.3,1.05,20.9,6.7,Low
FLD-000945,2024-11-04,2024,11,Monday,0,1,0,Hulo,Pasig River,6.9,106.0,0.461,0.837,39595,20,105.5,224.7,289.3,29.6,81.7,2.9,1.1,250.7,12.3,High
FLD-000946,2024-10-13,2024,10,Sunday,1,1,0,Hagdan Bato Libis,Drainage,16.3,474.3,0.643,0.63,28547,17,48.6,84.0,146.4,28.9,67.0,11.2,1.06,139.8,8.4,High
FLD-000947,2023-04-19,2023,4,Wednesday,0,0,0,Hagdan Bato Libis,Drainage,16.4,467.2,0.606,0.723,27619,17,46.4,88.3,140.9,29.5,70.7,5.5,0.99,75.9,7.8,High
FLD-000948,2024-01-28,2024,1,Sunday,1,0,0,Plainview,Estero,17.3,505.8,0.597,0.753,30913,17,4.1,13.9,50.4,31.1,64.1,8.9,1.25,152.3,6.7,Medium
FLD-000949,2021-12-07,2021,12,Tuesday,0,0,2,Daang Bakal,Maytunas Creek,11.8,349.4,0.596,0.812,32972,13,26.6,42.9,216.6,28.7,64.6,22.7,0.81,131.4,4.5,Medium
FLD-000950,2021-03-20,2021,3,Saturday,1,0,0,Malamig,Tributary,19.2,589.2,0.639,0.666,27382,12,48.4,163.2,304.0,30.6,78.4,6.7,0.99,183.3,6.7,High
FLD-000951,2023-01-04,2023,1,Wednesday,0,0,0,Bagong Silang,Drainage,17.7,588.2,0.582,0.714,24259,14,68.6,178.8,213.8,29.5,74.1,14.7,1.05,200.4,10.1,High
FLD-000952,2025-12-17,2025,12,Wednesday,0,0,0,Hagdan Bato Itaas,Drainage,21.2,736.3,0.738,0.678,28259,12,52.7,109.2,175.5,30.0,79.3,7.6,1.56,165.5,6.1,Low
FLD-000953,2023-07-11,2023,7,Tuesday,0,1,0,Old Zañiga,Buhangin Creek,7.4,116.3,0.501,0.735,33262,21,9.2,32.5,217.5,30.5,76.1,8.6,1.47,8.8,3.0,Low
FLD-000954,2024-08-12,2024,8,Monday,0,1,0,Hulo,Pasig River,5.9,86.9,0.438,0.855,39067,20,1.7,102.2,217.2,29.2,63.0,0.9,1.09,160.7,10.5,Medium
FLD-000955,2026-04-25,2026,4,Saturday,1,0,1,San Jose,Drainage,21.8,733.3,0.714,0.687,26176,5,67.8,115.4,155.9,29.1,62.5,12.6,1.12,205.7,9.4,Medium
FLD-000956,2023-02-16,2023,2,Thursday,0,0,1,San Jose,Drainage,21.6,677.2,0.676,0.639,25000,15,10.6,34.6,69.9,33.0,63.5,10.1,1.03,136.9,5.3,Low
FLD-000957,2022-04-02,2022,4,Saturday,1,0,1,Poblacion,Buhangin Creek,5.5,106.5,0.492,0.851,44467,18,105.3,121.1,161.8,29.9,74.4,20.3,1.27,313.4,10.5,High
FLD-000958,2025-06-01,2025,6,Sunday,1,1,0,Buayang Bato,Buayang Bato Creek,12.9,320.9,0.625,0.771,32006,17,10.3,58.2,104.9,24.6,72.6,10.8,1.41,119.7,6.1,Medium
FLD-000959,2025-04-25,2025,4,Friday,0,0,0,Vergara,Drainage,24.2,808.3,0.697,0.64,26494,16,58.1,74.9,133.9,32.7,77.8,5.0,0.57,6.4,3.6,Low
FLD-000960,2025-12-23,2025,12,Tuesday,0,0,0,Buayang Bato,Buayang Bato Creek,13.5,302.9,0.586,0.763,31157,14,2.7,61.1,112.5,30.6,71.7,11.2,1.58,1.7,6.7,Low
FLD-000961,2023-07-01,2023,7,Saturday,1,1,1,Bagong Silang,Drainage,18.6,642.8,0.649,0.747,26762,15,122.9,166.7,330.7,25.4,80.1,10.8,1.16,331.8,10.7,High
FLD-000962,2023-02-11,2023,2,Saturday,1,0,0,Vergara,Drainage,24.0,851.4,0.72,0.626,26878,9,6.7,26.0,75.2,29.6,62.9,2.3,0.5,8.1,1.5,Low
FLD-000963,2025-06-09,2025,6,Monday,0,1,0,Burol,Drainage,20.2,715.6,0.636,0.687,18272,12,20.5,34.6,157.7,28.4,83.4,18.3,1.01,5.3,4.2,Low
FLD-000964,2023-08-02,2023,8,Wednesday,0,1,0,Mabini-J. Rizal,Maytunas Creek,15.4,493.7,0.611,0.754,29220,17,2.0,68.4,223.0,30.8,77.8,19.4,1.11,5.8,4.1,Low
FLD-000965,2023-03-04,2023,3,Saturday,1,0,0,Hagdan Bato Itaas,Drainage,22.3,744.7,0.743,0.677,29846,7,0.8,27.3,214.2,32.6,62.9,6.0,1.08,1.9,0.7,Low
FLD-000966,2023-05-09,2023,5,Tuesday,0,1,0,Barangka Itaas,Pasig River,9.9,209.5,0.437,0.817,34751,24,49.8,110.2,146.8,31.4,83.3,5.5,1.48,202.4,7.5,Medium
FLD-000967,2026-03-20,2026,3,Friday,0,0,0,Daang Bakal,Maytunas Creek,12.4,346.6,0.615,0.773,32187,18,26.4,144.8,150.0,29.2,52.7,9.2,0.76,6.8,7.7,Low
FLD-000968,2021-08-04,2021,8,Wednesday,0,1,0,Hagdan Bato Libis,Drainage,15.3,500.3,0.606,0.739,30544,17,0.3,110.4,284.1,31.4,83.0,5.6,1.27,86.5,6.3,Medium
FLD-000969,2022-11-16,2022,11,Wednesday,0,1,1,Hagdan Bato Libis,Drainage,16.6,492.6,0.625,0.737,32060,16,44.3,57.9,184.0,29.3,82.1,24.0,1.57,76.8,8.3,High
FLD-000970,2021-04-16,2021,4,Friday,0,0,1,Old Zañiga,Buhangin Creek,6.6,136.8,0.476,0.824,34679,30,34.3,97.0,158.7,30.1,74.6,21.6,0.96,155.9,6.7,High
FLD-000971,2024-12-18,2024,12,Wednesday,0,0,1,Malamig,Tributary,21.0,608.5,0.622,0.73,30501,18,195.6,248.4,260.3,27.2,89.9,20.6,0.99,403.1,11.6,High
FLD-000972,2023-04-12,2023,4,Wednesday,0,0,0,New Zañiga,Buhangin Creek,6.6,123.4,0.519,0.778,36178,21,10.5,38.5,98.9,29.1,64.7,25.4,1.32,159.1,6.8,Medium
FLD-000973,2021-10-05,2021,10,Tuesday,0,1,0,Bagong Silang,Drainage,17.1,611.9,0.658,0.648,26069,4,28.5,76.7,126.3,30.6,68.3,30.5,1.31,14.5,3.1,Low
FLD-000974,2022-10-02,2022,10,Sunday,1,1,0,Harapin ang Bukas,Drainage,16.6,546.1,0.591,0.806,23355,11,1.7,21.7,133.0,27.9,78.7,4.0,1.27,1.1,1.9,Low
FLD-000975,2024-10-27,2024,10,Sunday,1,1,1,Harapin ang Bukas,Drainage,18.0,570.3,0.605,0.758,18742,15,21.0,60.6,187.3,27.3,82.2,25.1,0.76,72.0,4.2,High
FLD-000976,2025-02-07,2025,2,Friday,0,0,0,Burol,Drainage,22.0,732.2,0.674,0.615,19833,13,71.8,120.7,216.4,31.9,70.9,1.4,1.85,122.7,8.1,Medium
FLD-000977,2023-10-14,2023,10,Saturday,1,1,0,Buayang Bato,Buayang Bato Creek,12.9,313.2,0.536,0.751,31973,18,2.9,95.3,254.5,27.6,69.3,9.6,1.84,18.6,6.3,Low
FLD-000978,2021-12-23,2021,12,Thursday,0,0,1,Harapin ang Bukas,Drainage,16.8,590.3,0.599,0.716,21894,11,53.0,101.5,224.6,33.1,71.1,14.0,1.37,17.9,10.9,Low
FLD-000979,2025-12-19,2025,12,Friday,0,0,0,Buayang Bato,Buayang Bato Creek,14.4,298.9,0.546,0.729,33433,19,10.5,30.3,34.8,32.6,63.6,14.5,1.1,3.4,4.5,Low
FLD-000980,2026-03-28,2026,3,Saturday,1,0,1,Barangka Itaas,Pasig River,10.2,225.5,0.535,0.801,32187,18,67.5,106.5,150.5,28.6,71.4,21.3,1.4,240.0,11.7,High
FLD-000981,2025-02-27,2025,2,Thursday,0,0,0,Harapin ang Bukas,Drainage,19.3,531.1,0.589,0.717,25365,17,4.4,24.3,164.1,31.4,66.4,20.2,1.02,3.8,6.2,Low
FLD-000982,2025-03-15,2025,3,Saturday,1,0,1,Pag-Asa,Drainage,19.6,660.9,0.61,0.767,22099,19,28.2,177.3,274.9,31.5,69.6,22.9,0.96,183.4,9.9,Medium
FLD-000983,2024-12-08,2024,12,Sunday,1,0,0,Harapin ang Bukas,Drainage,16.1,527.3,0.611,0.716,20351,16,13.2,55.1,145.5,32.0,63.0,13.2,1.05,56.3,4.6,Medium
FLD-000984,2026-01-06,2026,1,Tuesday,0,0,0,Namayan,Pasig River,8.6,145.1,0.499,0.795,37312,19,49.9,85.5,311.5,31.1,78.1,12.7,1.42,146.7,6.3,High
FLD-000985,2021-09-17,2021,9,Friday,0,1,2,Mabini-J. Rizal,Maytunas Creek,15.7,443.2,0.624,0.715,32425,19,145.2,199.5,259.4,25.8,97.4,35.1,1.16,427.4,14.9,High
FLD-000986,2024-10-30,2024,10,Wednesday,0,1,0,San Jose,Drainage,22.9,681.3,0.659,0.71,29596,14,2.9,29.3,141.8,29.5,74.6,4.5,0.83,0,1.6,Low
FLD-000987,2022-08-16,2022,8,Tuesday,0,1,1,Hagdan Bato Itaas,Drainage,22.2,759.2,0.666,0.691,28103,9,16.4,74.6,190.2,27.0,69.9,9.1,0.58,3.0,4.6,Low
FLD-000988,2021-09-11,2021,9,Saturday,1,1,0,Namayan,Pasig River,9.5,152.5,0.458,0.817,34899,18,12.4,168.5,302.9,28.6,68.0,7.9,1.41,96.9,9.4,Medium
FLD-000989,2023-05-03,2023,5,Wednesday,0,1,1,Barangka Drive,Pasig River,8.7,162.4,0.508,0.865,35590,17,40.1,80.2,262.3,30.7,78.7,9.1,1.0,132.5,7.5,Medium
FLD-000990,2025-05-13,2025,5,Tuesday,0,1,1,Plainview,Estero,17.3,504.7,0.577,0.682,31685,15,53.5,95.2,219.6,28.6,67.4,11.1,1.52,163.6,7.3,High
FLD-000991,2023-11-04,2023,11,Saturday,1,1,1,Hagdan Bato Libis,Drainage,16.7,535.3,0.652,0.747,29593,14,50.8,81.3,120.1,28.9,85.0,11.7,1.11,127.6,3.8,High
FLD-000992,2021-02-08,2021,2,Monday,0,0,0,Namayan,Pasig River,7.4,115.8,0.462,0.797,32246,18,40.7,50.2,73.9,27.7,67.8,3.8,1.22,133.7,6.9,Medium
FLD-000993,2023-12-02,2023,12,Saturday,1,0,0,Hulo,Pasig River,6.6,58.0,0.403,0.883,38346,23,38.5,58.4,199.5,28.3,72.2,3.6,1.28,118.8,2.5,High
FLD-000994,2021-05-20,2021,5,Thursday,0,1,0,Harapin ang Bukas,Drainage,16.5,533.2,0.514,0.748,22462,19,1.0,77.1,261.2,28.6,76.0,5.6,1.13,111.7,8.7,Medium
FLD-000995,2025-05-06,2025,5,Tuesday,0,1,0,Wack-Wack Greenhills East,Drainage,27.0,1183.1,0.75,0.689,22609,9,11.5,57.6,176.8,29.9,79.3,17.7,0.94,43.8,4.7,Low
FLD-000996,2021-03-10,2021,3,Wednesday,0,0,0,Addition Hills,Maytunas Creek,25.2,975.5,0.691,0.74,45670,13,1.7,32.8,182.8,30.1,68.9,18.1,0.79,32.3,0.5,Low
FLD-000997,2026-01-01,2026,1,Thursday,0,0,3,Vergara,Drainage,24.3,807.8,0.743,0.645,22506,9,139.7,144.3,255.0,28.4,75.8,36.2,1.36,279.1,10.4,High
FLD-000998,2023-05-26,2023,5,Friday,0,1,1,Bagong Silang,Drainage,17.9,583.9,0.659,0.733,22261,13,62.1,126.7,548.6,29.6,79.3,10.2,1.76,185.8,10.0,High
FLD-000999,2025-03-24,2025,3,Monday,0,0,2,New Zañiga,Buhangin Creek,7.9,143.6,0.562,0.786,38789,14,17.4,68.6,101.5,31.2,73.4,17.3,0.8,76.2,6.1,Medium
FLD-001000,2024-06-27,2024,6,Thursday,0,1,1,Addition Hills,Maytunas Creek,24.3,1002.3,0.747,0.785,43457,9,94.3,143.2,204.0,27.5,85.9,40.0,0.69,139.3,6.7,Medium
FLD-001001,2022-01-20,2022,1,Thursday,0,0,0,Namayan,Pasig River,7.9,166.0,0.492,0.793,32065,20,2.1,82.4,112.1,29.4,58.8,4.1,1.14,67.6,5.2,Medium
FLD-001002,2021-04-27,2021,4,Tuesday,0,0,1,Old Zañiga,Buhangin Creek,6.2,107.2,0.537,0.805,35266,19,19.0,39.9,123.8,32.3,71.0,20.8,1.1,147.2,8.2,Low
FLD-001003,2023-03-27,2023,3,Monday,0,0,1,Hagdan Bato Itaas,Drainage,21.2,761.9,0.632,0.646,30586,11,68.2,171.6,266.0,27.2,76.4,19.0,1.31,149.5,5.4,High
FLD-001004,2021-04-02,2021,4,Friday,0,0,1,Wack-Wack Greenhills East,Drainage,27.4,1207.6,0.827,0.597,17761,9,88.4,171.7,227.2,31.8,77.5,6.0,0.74,142.4,6.9,High
FLD-001005,2022-05-11,2022,5,Wednesday,0,1,0,Mauway,Maytunas Creek,22.9,868.0,0.622,0.699,36412,12,12.6,46.1,133.4,26.9,68.0,2.1,1.14,66.8,3.9,Low
FLD-001006,2026-04-23,2026,4,Thursday,0,0,0,Hulo,Pasig River,5.8,122.3,0.383,0.87,41584,22,27.8,77.2,179.1,32.2,77.2,4.1,1.24,80.4,7.2,Medium
FLD-001007,2022-03-14,2022,3,Monday,0,0,2,Barangka Drive,Pasig River,7.4,178.4,0.499,0.791,32275,22,44.9,110.4,160.0,32.0,64.9,21.8,0.86,219.8,10.6,Medium
FLD-001008,2026-01-07,2026,1,Wednesday,0,0,1,Barangka Ilaya,Pasig River,8.2,141.2,0.482,0.865,37105,17,38.2,55.6,109.8,29.7,69.9,11.8,0.83,27.9,4.0,Low
FLD-001009,2022-08-19,2022,8,Friday,0,1,0,Pleasant Hills,Ermitaño Creek,25.4,982.8,0.594,0.66,23827,9,8.0,39.1,76.6,30.9,69.4,21.4,1.8,98.1,5.9,Medium
FLD-001010,2022-03-26,2022,3,Saturday,1,0,1,Mabini-J. Rizal,Maytunas Creek,14.6,437.5,0.622,0.772,28687,16,84.3,141.7,205.7,29.2,70.1,8.1,1.19,226.5,7.2,High
FLD-001011,2022-10-14,2022,10,Friday,0,1,0,San Jose,Drainage,21.7,749.0,0.696,0.657,33396,14,137.5,179.6,252.7,28.4,88.6,27.6,1.1,156.6,8.2,High
FLD-001012,2021-09-02,2021,9,Thursday,0,1,0,Mabini-J. Rizal,Maytunas Creek,14.4,452.7,0.569,0.727,30345,20,19.9,106.2,366.4,30.2,77.5,10.9,1.23,51.3,5.2,Medium
FLD-001013,2021-12-10,2021,12,Friday,0,0,3,Bagong Silang,Drainage,17.4,571.0,0.624,0.703,26591,12,102.5,134.6,172.3,28.4,73.6,22.4,0.71,287.6,10.2,High
FLD-001014,2025-12-14,2025,12,Sunday,1,0,0,Harapin ang Bukas,Drainage,16.8,580.2,0.621,0.719,22575,9,16.3,69.1,159.0,29.0,66.2,15.2,0.96,0.0,2.4,Low
FLD-001015,2021-04-14,2021,4,Wednesday,0,0,0,Hagdan Bato Libis,Drainage,17.2,545.4,0.625,0.777,32008,11,8.0,78.8,173.3,31.4,66.4,5.0,0.81,86.2,5.6,Medium
FLD-001016,2023-08-01,2023,8,Tuesday,0,1,0,Addition Hills,Maytunas Creek,24.5,987.7,0.667,0.702,45525,11,4.5,26.1,96.6,32.2,71.9,7.7,1.43,3.6,5.0,Low
FLD-001017,2024-01-16,2024,1,Tuesday,0,0,0,Mauway,Maytunas Creek,22.5,833.1,0.629,0.703,36829,10,60.2,93.7,115.3,28.5,68.3,16.2,1.4,176.9,5.9,High
FLD-001018,2022-05-10,2022,5,Tuesday,0,1,0,Buayang Bato,Buayang Bato Creek,13.5,306.1,0.616,0.782,33768,17,10.4,28.3,409.4,29.6,70.3,1.4,1.22,73.6,4.6,Medium
FLD-001019,2021-02-10,2021,2,Wednesday,0,0,1,Buayang Bato,Buayang Bato Creek,13.3,294.1,0.58,0.773,33797,18,71.1,110.0,173.1,28.8,67.5,13.3,0.76,258.5,9.7,High
FLD-001020,2022-06-16,2022,6,Thursday,0,1,0,Malamig,Tributary,19.8,604.1,0.719,0.692,32721,9,2.7,44.4,121.1,27.5,71.2,15.4,1.21,4.1,4.8,Low
FLD-001021,2021-12-01,2021,12,Wednesday,0,0,0,Hulo,Pasig River,5.7,87.1,0.393,0.857,40523,18,12.5,35.1,57.5,29.0,53.1,7.1,0.6,135.5,2.4,High
FLD-001022,2022-04-15,2022,4,Friday,0,0,0,Addition Hills,Maytunas Creek,24.4,1015.3,0.685,0.768,48741,4,83.1,230.5,263.3,31.5,70.5,25.7,1.12,138.3,8.8,Medium
FLD-001023,2021-05-12,2021,5,Wednesday,0,1,0,Barangka Drive,Pasig River,9.0,205.9,0.437,0.851,30942,19,28.0,42.2,96.3,29.1,73.2,20.7,1.16,101.6,2.7,High
FLD-001024,2022-03-12,2022,3,Saturday,1,0,0,Old Zañiga,Buhangin Creek,7.1,198.2,0.496,0.795,33977,17,6.6,85.9,146.0,32.8,63.4,11.8,0.98,92.3,7.6,Medium
FLD-001025,2021-01-22,2021,1,Friday,0,0,0,Vergara,Drainage,23.9,814.4,0.768,0.657,28703,13,6.2,36.9,113.3,32.3,58.2,1.0,1.18,0.5,0.6,Low
FLD-001026,2025-12-23,2025,12,Tuesday,0,0,0,Addition Hills,Maytunas Creek,25.9,977.4,0.679,0.758,42286,4,7.7,91.9,114.2,32.7,68.9,12.4,1.33,36.8,3.6,Low
FLD-001027,2025-03-20,2025,3,Thursday,0,0,1,Harapin ang Bukas,Drainage,16.1,539.5,0.579,0.734,26784,13,38.4,64.7,156.6,30.3,76.7,12.6,0.73,157.3,6.1,High
FLD-001028,2023-05-28,2023,5,Sunday,1,1,1,Bagong Silang,Drainage,19.0,638.2,0.614,0.734,28159,15,94.5,165.6,463.3,26.5,96.0,17.3,1.63,265.9,12.7,High
FLD-001029,2023-06-12,2023,6,Monday,0,1,0,Namayan,Pasig River,8.3,177.6,0.456,0.774,34196,16,7.6,105.8,226.0,27.8,67.1,0,1.39,49.0,7.9,Medium
FLD-001030,2022-07-19,2022,7,Tuesday,0,1,0,San Jose,Drainage,22.3,715.4,0.692,0.598,25973,9,9.4,51.7,135.5,30.0,75.2,8.5,1.88,7.2,2.7,Low
FLD-001031,2024-02-06,2024,2,Tuesday,0,0,1,Plainview,Estero,18.6,490.5,0.658,0.757,32136,11,0.9,85.4,106.3,33.8,66.8,13.6,1.95,134.9,7.0,Medium
FLD-001032,2021-01-06,2021,1,Wednesday,0,0,2,Wack-Wack Greenhills East,Drainage,29.1,1195.7,0.769,0.638,17780,6,241.0,334.6,438.9,25.0,99.8,21.4,1.64,405.2,18.6,High
FLD-001033,2025-09-24,2025,9,Wednesday,0,1,0,Daang Bakal,Maytunas Creek,12.2,319.2,0.542,0.731,27688,17,67.7,226.9,310.1,28.0,81.9,4.0,1.48,219.9,11.5,High
FLD-001034,2025-11-09,2025,11,Sunday,1,1,0,Mauway,Maytunas Creek,23.8,871.1,0.671,0.702,34621,9,4.8,79.3,133.0,31.2,77.6,15.7,0.89,8.8,2.5,Low
FLD-001035,2025-02-27,2025,2,Thursday,0,0,2,Barangka Drive,Pasig River,8.9,200.9,0.53,0.836,36163,18,184.7,256.1,315.8,25.3,81.1,20.3,1.08,421.2,16.5,High
FLD-001036,2025-12-22,2025,12,Monday,0,0,1,Namayan,Pasig River,9.5,147.1,0.487,0.807,30700,21,47.6,119.6,158.4,31.9,68.5,13.1,1.46,188.8,8.6,High
FLD-001037,2023-02-26,2023,2,Sunday,1,0,0,Barangka Ilaya,Pasig River,7.2,138.9,0.435,0.829,35538,21,1.7,63.4,187.1,32.5,62.4,16.1,0.79,173.7,4.5,Medium
FLD-001038,2023-10-28,2023,10,Saturday,1,1,0,Harapin ang Bukas,Drainage,16.1,600.7,0.543,0.797,23829,18,8.1,70.7,206.4,30.1,79.8,12.8,1.66,160.0,4.4,Medium
FLD-001039,2025-06-22,2025,6,Sunday,1,1,0,Hulo,Pasig River,5.2,99.3,0.425,0.87,38938,21,4.3,12.3,66.5,31.8,77.9,3.7,0.96,183.1,7.8,Medium
FLD-001040,2023-12-09,2023,12,Saturday,1,0,2,Namayan,Pasig River,8.6,137.4,0.549,0.845,31949,22,10.1,33.1,176.4,29.9,62.3,21.1,0.7,205.7,9.0,High
FLD-001041,2023-06-25,2023,6,Sunday,1,1,0,Barangka Ibaba,Pasig River,6.6,114.4,0.406,0.84,41229,22,1.3,76.5,209.2,29.1,69.1,21.4,0.78,126.9,8.0,Medium
FLD-001042,2023-04-25,2023,4,Tuesday,0,0,1,Plainview,Estero,18.1,525.7,0.578,0.75,33780,17,59.5,130.5,172.3,34.3,66.2,17.8,1.46,153.1,9.2,High
FLD-001043,2022-12-19,2022,12,Monday,0,0,2,Barangka Itaas,Pasig River,10.1,260.2,0.484,0.827,35358,19,58.1,209.9,229.5,29.3,78.2,22.0,1.1,231.7,11.5,High
FLD-001044,2024-12-03,2024,12,Tuesday,0,0,0,Barangka Itaas,Pasig River,10.8,257.8,0.516,0.823,36199,17,48.1,74.6,157.1,30.1,76.5,11.8,1.26,118.3,9.0,Medium
FLD-001045,2025-06-02,2025,6,Monday,0,1,1,Barangka Ilaya,Pasig River,8.0,153.5,0.517,0.812,36257,21,292.7,339.5,455.8,24.8,99.4,21.2,0.87,551.4,20.4,High
FLD-001046,2024-05-10,2024,5,Friday,0,1,1,Vergara,Drainage,24.6,817.6,0.704,0.668,24587,8,62.4,103.6,207.0,29.3,84.4,14.6,1.0,164.9,8.3,Medium
FLD-001047,2026-01-29,2026,1,Thursday,0,0,1,Buayang Bato,Buayang Bato Creek,13.2,314.7,0.576,0.804,29667,20,38.2,113.3,245.3,30.5,78.0,14.8,0.84,83.5,3.8,High
FLD-001048,2021-06-27,2021,6,Sunday,1,1,0,Barangka Itaas,Pasig River,11.3,235.0,0.532,0.795,36146,18,7.7,71.0,268.6,30.6,72.9,12.9,1.04,63.7,5.3,Medium
FLD-001049,2024-12-30,2024,12,Monday,0,0,0,Barangka Ilaya,Pasig River,7.3,117.3,0.508,0.805,36505,17,0.2,89.6,132.2,29.3,63.2,23.7,1.09,137.2,5.8,Medium
FLD-001050,2025-11-24,2025,11,Monday,0,1,0,Mauway,Maytunas Creek,24.4,870.7,0.68,0.704,40876,5,0.4,74.5,104.4,30.8,81.6,16.5,1.54,0.6,6.6,Low
FLD-001051,2024-05-08,2024,5,Wednesday,0,1,0,Wack-Wack Greenhills East,Drainage,28.8,1233.6,0.795,0.633,17238,6,0.6,80.0,188.2,31.9,71.5,5.4,1.43,45.3,5.9,Low
FLD-001052,2021-03-12,2021,3,Friday,0,0,0,Barangka Itaas,Pasig River,10.3,228.0,0.588,0.83,31640,13,4.9,44.6,62.4,34.4,68.9,23.0,0.94,52.8,1.6,Low
FLD-001053,2026-05-21,2026,5,Thursday,0,1,0,Pag-Asa,Drainage,19.4,658.2,0.596,0.681,28164,15,1.5,34.7,141.4,30.3,72.5,1.2,1.24,5.1,2.9,Low
FLD-001054,2022-08-23,2022,8,Tuesday,0,1,1,Addition Hills,Maytunas Creek,25.9,1036.8,0.653,0.689,46065,13,58.6,180.0,203.7,29.3,72.3,21.7,1.27,164.8,9.8,High
FLD-001055,2023-06-14,2023,6,Wednesday,0,1,1,Plainview,Estero,17.4,503.4,0.629,0.712,31286,17,45.5,111.2,169.2,29.2,84.5,10.5,1.36,147.8,8.4,Medium
FLD-001056,2025-08-13,2025,8,Wednesday,0,1,0,San Jose,Drainage,22.4,715.5,0.715,0.672,22560,13,12.5,133.5,240.7,28.9,79.2,9.2,0.71,119.6,5.8,Medium
FLD-001057,2025-05-04,2025,5,Sunday,1,1,0,Daang Bakal,Maytunas Creek,12.9,395.2,0.604,0.794,30906,14,5.3,18.5,35.0,28.0,82.7,11.5,1.95,131.5,8.1,Medium
FLD-001058,2021-01-12,2021,1,Tuesday,0,0,0,Vergara,Drainage,24.2,764.2,0.697,0.663,24821,11,9.4,22.9,91.2,30.4,65.8,9.2,1.17,5.6,1.2,Low
FLD-001059,2022-12-23,2022,12,Friday,0,0,0,Namayan,Pasig River,7.3,164.8,0.533,0.809,30680,16,11.1,26.3,53.8,31.5,68.3,10.2,0.92,151.1,4.8,Low
FLD-001060,2024-02-05,2024,2,Monday,0,0,0,Mabini-J. Rizal,Maytunas Creek,14.5,457.2,0.517,0.716,29917,13,2.2,37.8,62.2,34.8,62.1,4.5,1.24,130.2,6.5,Medium
FLD-001061,2022-01-24,2022,1,Monday,0,0,2,Highway Hills,Maytunas Creek,29.6,880.1,0.706,0.738,43934,10,67.8,111.9,195.4,32.1,69.4,20.1,1.67,172.9,7.9,Medium
FLD-001062,2023-01-09,2023,1,Monday,0,0,0,Barangka Itaas,Pasig River,9.2,256.7,0.519,0.804,33304,13,39.2,88.3,176.2,29.6,76.2,7.7,0.51,76.1,9.5,High
FLD-001063,2025-07-31,2025,7,Thursday,0,1,0,Barangka Ilaya,Pasig River,7.5,130.4,0.51,0.779,38548,13,7.2,138.5,242.0,30.1,80.5,2.4,1.31,103.0,11.2,High
FLD-001064,2024-08-14,2024,8,Wednesday,0,1,0,Hagdan Bato Libis,Drainage,16.3,490.2,0.597,0.756,28989,13,39.7,126.0,276.8,28.4,76.1,16.5,1.01,102.6,7.1,Medium
FLD-001065,2022-06-27,2022,6,Monday,0,1,0,Hagdan Bato Libis,Drainage,14.3,501.4,0.612,0.755,35113,19,32.5,69.7,128.9,29.6,77.3,12.2,1.17,119.2,7.0,Medium
FLD-001066,2023-12-10,2023,12,Sunday,1,0,0,Hagdan Bato Libis,Drainage,15.1,518.7,0.61,0.752,27761,16,4.3,48.3,169.5,29.5,67.1,4.9,0.75,0.5,4.4,Low
FLD-001067,2025-07-16,2025,7,Wednesday,0,1,1,Barangka Drive,Pasig River,9.5,210.3,0.45,0.819,36011,17,59.1,307.4,381.9,26.0,76.1,17.4,1.67,225.9,16.6,High
FLD-001068,2025-10-19,2025,10,Sunday,1,1,0,Hulo,Pasig River,6.2,128.4,0.389,0.879,38344,21,25.0,80.8,115.9,28.7,70.2,7.2,1.0,98.4,7.3,Medium
FLD-001069,2021-05-07,2021,5,Friday,0,1,2,Highway Hills,Maytunas Creek,29.9,928.9,0.741,0.787,43703,12,109.1,217.7,425.6,27.4,78.6,18.6,1.19,163.4,13.1,High
FLD-001070,2025-09-25,2025,9,Thursday,0,1,3,Burol,Drainage,20.7,735.2,0.61,0.648,20885,15,124.6,265.9,399.2,29.0,90.3,31.9,1.32,289.8,18.2,High
FLD-001071,2023-09-12,2023,9,Tuesday,0,1,0,Daang Bakal,Maytunas Creek,11.4,406.9,0.546,0.772,28689,20,1.4,76.2,154.6,26.9,68.5,5.8,0.98,125.1,4.6,Low
FLD-001072,2025-10-28,2025,10,Tuesday,0,1,0,Barangka Ilaya,Pasig River,9.0,116.0,0.51,0.844,39950,20,16.0,41.2,118.9,28.9,76.7,18.1,0.94,97.0,6.8,Medium
FLD-001073,2021-02-02,2021,2,Tuesday,0,0,2,Burol,Drainage,20.9,691.3,0.689,0.723,23174,12,76.1,85.2,123.2,29.3,74.5,34.8,0.63,156.8,10.9,High
FLD-001074,2024-09-17,2024,9,Tuesday,0,1,1,Hagdan Bato Itaas,Drainage,21.5,745.9,0.699,0.661,23866,10,40.7,134.9,164.4,30.2,83.4,19.8,1.71,107.7,6.8,High
FLD-001075,2022-04-02,2022,4,Saturday,1,0,1,Pleasant Hills,Ermitaño Creek,24.4,1002.4,0.649,0.719,27518,7,39.6,215.1,240.9,30.0,69.6,23.6,1.28,130.6,9.2,Medium
FLD-001076,2023-03-28,2023,3,Tuesday,0,0,0,Namayan,Pasig River,9.5,155.1,0.468,0.778,30200,15,2.2,15.5,89.7,34.2,63.2,7.1,1.56,122.7,5.7,Medium
FLD-001077,2021-06-15,2021,6,Tuesday,0,1,0,Pag-Asa,Drainage,20.6,659.1,0.615,0.739,24937,15,16.0,48.3,188.9,30.4,73.1,7.2,1.19,107.8,3.2,Medium
FLD-001078,2021-07-23,2021,7,Friday,0,1,0,Vergara,Drainage,24.5,780.8,0.701,0.646,21571,12,111.9,191.6,278.3,27.8,89.7,18.8,0.92,216.3,10.5,High
FLD-001079,2021-04-19,2021,4,Monday,0,0,0,Hulo,Pasig River,6.5,100.1,0.408,0.902,38967,21,42.6,98.7,195.4,31.9,70.1,3.0,1.26,180.0,5.8,Medium
FLD-001080,2025-01-19,2025,1,Sunday,1,0,0,Daang Bakal,Maytunas Creek,11.5,362.3,0.643,0.759,28379,16,23.2,68.6,165.2,31.5,68.5,7.9,1.57,112.6,7.2,Medium
FLD-001081,2024-10-05,2024,10,Saturday,1,1,0,Wack-Wack Greenhills East,Drainage,28.3,1177.5,0.796,0.659,20145,3,41.4,76.0,424.3,26.2,74.3,17.3,0.81,127.7,5.5,Low
FLD-001082,2025-06-04,2025,6,Wednesday,0,1,0,Hagdan Bato Libis,Drainage,15.5,514.0,0.657,0.733,28341,14,41.1,127.4,227.7,29.0,82.2,3.6,1.46,132.4,6.3,Medium
FLD-001083,2023-05-07,2023,5,Sunday,1,1,0,Old Zañiga,Buhangin Creek,7.0,157.2,0.523,0.786,33715,19,15.6,66.5,219.8,28.4,76.7,5.2,1.04,6.2,6.7,Low
FLD-001084,2025-09-09,2025,9,Tuesday,0,1,1,Daang Bakal,Maytunas Creek,11.6,392.0,0.595,0.79,29841,15,5.3,40.7,104.0,30.1,70.2,10.4,1.84,66.5,3.4,Medium
FLD-001085,2023-04-29,2023,4,Saturday,1,0,0,Highway Hills,Maytunas Creek,29.9,948.6,0.762,0.747,43934,6,30.1,72.7,130.8,29.3,60.3,10.1,1.51,4.9,6.8,Low
FLD-001086,2024-01-16,2024,1,Tuesday,0,0,0,Burol,Drainage,20.4,701.1,0.616,0.661,21743,19,24.4,119.2,263.2,31.7,64.7,5.1,1.34,39.0,4.5,Medium
FLD-001087,2025-01-10,2025,1,Friday,0,0,2,Pag-Asa,Drainage,18.9,642.7,0.633,0.75,22553,17,41.5,110.8,248.8,29.6,73.5,20.1,0.55,104.7,9.1,Medium
FLD-001088,2021-07-23,2021,7,Friday,0,1,0,Barangka Drive,Pasig River,9.5,247.2,0.579,0.849,33902,15,3.0,57.0,256.9,28.6,72.5,29.9,1.48,125.3,3.0,Low
FLD-001089,2024-02-21,2024,2,Wednesday,0,0,0,San Jose,Drainage,23.1,650.0,0.686,0.675,23330,15,25.6,62.1,180.8,30.6,61.8,8.7,0.81,2.5,1.9,Low
FLD-001090,2026-02-17,2026,2,Tuesday,0,0,1,Hagdan Bato Libis,Drainage,17.0,493.3,0.678,0.743,31908,13,53.3,140.5,241.5,33.2,73.3,6.9,0.8,177.2,12.2,Medium
FLD-001091,2025-03-21,2025,3,Friday,0,0,0,Pleasant Hills,Ermitaño Creek,25.7,1009.9,0.712,0.679,27622,9,57.2,80.3,178.4,29.3,66.3,14.3,1.14,75.0,8.2,Low
FLD-001092,2023-07-07,2023,7,Friday,0,1,1,Highway Hills,Maytunas Creek,29.5,902.8,0.763,0.803,47426,9,11.5,24.0,125.0,28.1,79.5,15.3,1.43,2.2,4.3,Low
FLD-001093,2022-10-26,2022,10,Wednesday,0,1,0,San Jose,Drainage,21.5,693.4,0.629,0.703,28492,16,10.8,125.6,286.6,27.7,71.9,11.8,1.78,61.9,6.1,Medium
FLD-001094,2024-04-27,2024,4,Saturday,1,0,0,Malamig,Tributary,19.6,596.4,0.597,0.693,29904,13,17.1,74.9,165.1,30.7,64.5,4.7,1.02,129.2,5.7,Medium
FLD-001095,2022-08-16,2022,8,Tuesday,0,1,0,Barangka Drive,Pasig River,9.8,250.0,0.496,0.81,32818,20,20.5,123.2,267.1,29.5,81.0,0,1.18,93.2,9.7,Medium
FLD-001096,2024-01-28,2024,1,Sunday,1,0,1,Wack-Wack Greenhills East,Drainage,28.7,1144.3,0.856,0.703,19779,6,52.4,118.6,257.8,32.2,66.3,22.8,0.52,20.9,9.4,Medium
FLD-001097,2025-12-20,2025,12,Saturday,1,0,0,Bagong Silang,Drainage,18.1,560.6,0.665,0.737,25244,13,4.4,111.5,246.4,33.9,70.8,10.3,0.68,82.7,8.0,Low
FLD-001098,2022-06-04,2022,6,Saturday,1,1,0,Bagong Silang,Drainage,17.4,591.4,0.722,0.715,23819,16,18.5,46.6,104.8,29.0,66.7,3.8,1.07,38.5,2.8,Low
FLD-001099,2024-11-27,2024,11,Wednesday,0,1,0,Vergara,Drainage,24.2,737.1,0.745,0.655,25972,12,18.1,31.4,80.5,30.1,81.2,5.3,0.71,36.6,0.5,Low
FLD-001100,2022-02-21,2022,2,Monday,0,0,0,Old Zañiga,Buhangin Creek,7.9,161.6,0.507,0.785,35786,25,2.0,96.7,127.3,31.3,63.0,8.5,1.21,88.0,7.5,Medium
FLD-001101,2023-10-24,2023,10,Tuesday,0,1,2,Harapin ang Bukas,Drainage,17.4,599.8,0.557,0.789,20316,15,95.5,141.2,285.2,27.1,90.7,21.9,1.38,252.3,13.7,High
FLD-001102,2024-09-12,2024,9,Thursday,0,1,2,San Jose,Drainage,22.8,741.2,0.662,0.698,28294,11,101.8,130.3,398.6,27.7,80.7,22.1,1.01,274.9,13.4,High
FLD-001103,2023-06-06,2023,6,Tuesday,0,1,0,Hagdan Bato Itaas,Drainage,23.4,749.2,0.744,0.74,25116,16,11.6,17.2,33.1,28.9,72.4,15.7,1.06,115.7,2.2,Low
FLD-001104,2026-01-15,2026,1,Thursday,0,0,0,Barangka Itaas,Pasig River,11.7,239.4,0.505,0.829,34601,19,23.9,39.7,67.1,33.1,73.3,6.5,0.65,1.9,1.2,Low
FLD-001105,2025-03-09,2025,3,Sunday,1,0,0,Mabini-J. Rizal,Maytunas Creek,15.4,435.5,0.573,0.744,33488,22,21.5,47.6,149.0,32.7,69.5,29.3,1.13,114.3,7.7,Low
FLD-001106,2026-04-30,2026,4,Thursday,0,0,0,Hagdan Bato Itaas,Drainage,21.8,753.4,0.74,0.687,23501,11,3.1,36.3,232.0,27.9,58.9,22.0,1.02,60.4,3.3,High
FLD-001107,2021-06-08,2021,6,Tuesday,0,1,0,San Jose,Drainage,22.8,679.1,0.678,0.654,27458,9,23.0,104.1,185.0,31.6,72.2,32.0,1.0,8.9,7.8,Low
FLD-001108,2026-06-28,2026,6,Sunday,1,1,0,Old Zañiga,Buhangin Creek,7.1,158.3,0.464,0.774,34270,21,5.9,81.6,151.8,29.9,86.9,7.0,1.42,100.3,6.8,High
FLD-001109,2025-12-28,2025,12,Sunday,1,0,1,Buayang Bato,Buayang Bato Creek,14.5,318.9,0.55,0.753,32714,19,66.4,117.1,125.0,28.0,69.5,11.2,0.96,211.2,7.6,High
FLD-001110,2025-10-17,2025,10,Friday,0,1,0,Daang Bakal,Maytunas Creek,11.9,338.6,0.594,0.781,32024,20,2.6,131.8,309.2,31.3,74.0,0,0.88,3.7,7.9,Low
FLD-001111,2024-12-13,2024,12,Friday,0,0,0,Hagdan Bato Itaas,Drainage,21.6,749.2,0.712,0.726,25782,8,14.4,92.2,176.3,32.7,65.7,6.9,0.79,82.5,7.8,Low
FLD-001112,2025-06-04,2025,6,Wednesday,0,1,0,Namayan,Pasig River,7.3,210.0,0.476,0.791,31939,17,1.5,325.1,347.9,27.4,74.0,5.5,1.14,181.3,13.9,High
FLD-001113,2024-05-25,2024,5,Saturday,1,1,1,Poblacion,Buhangin Creek,5.9,103.1,0.482,0.867,43962,18,16.4,76.2,204.1,30.7,68.6,15.4,1.51,149.6,6.2,Medium
FLD-001114,2025-02-20,2025,2,Thursday,0,0,0,Buayang Bato,Buayang Bato Creek,14.0,312.8,0.535,0.722,32818,19,3.7,49.9,109.9,32.3,70.7,4.8,1.29,86.5,7.7,Low
FLD-001115,2023-04-11,2023,4,Tuesday,0,0,3,Malamig,Tributary,20.3,567.5,0.708,0.784,28185,17,86.8,151.0,192.8,27.7,69.1,27.5,1.29,218.3,12.2,High
FLD-001116,2024-12-08,2024,12,Sunday,1,0,2,Poblacion,Buhangin Creek,6.4,79.7,0.427,0.808,42368,18,119.5,179.9,517.6,28.7,79.5,24.4,1.03,430.3,15.5,High
FLD-001117,2023-08-02,2023,8,Wednesday,0,1,1,Vergara,Drainage,23.9,818.2,0.714,0.637,27198,15,95.9,154.6,180.2,28.8,92.6,38.4,1.07,158.1,9.2,Medium
FLD-001118,2024-10-04,2024,10,Friday,0,1,3,New Zañiga,Buhangin Creek,8.1,142.7,0.518,0.806,35807,18,166.5,203.6,317.8,24.0,91.1,33.7,0.91,454.0,15.4,High
FLD-001119,2022-06-11,2022,6,Saturday,1,1,0,New Zañiga,Buhangin Creek,6.3,178.2,0.55,0.809,37097,19,48.5,87.8,131.5,29.6,76.0,8.6,1.1,117.3,4.5,Medium
FLD-001120,2025-12-05,2025,12,Friday,0,0,0,Plainview,Estero,17.8,498.4,0.638,0.762,29906,14,1.9,77.5,205.6,29.5,70.7,9.0,1.6,8.9,7.6,Low
FLD-001121,2025-06-25,2025,6,Wednesday,0,1,1,Bagong Silang,Drainage,18.5,590.2,0.597,0.739,25700,13,34.0,40.5,351.3,29.9,84.2,10.2,1.05,132.0,8.1,High
FLD-001122,2022-02-03,2022,2,Thursday,0,0,0,Mabini-J. Rizal,Maytunas Creek,15.6,428.4,0.602,0.758,30722,15,46.5,177.9,357.2,32.8,84.1,10.0,1.24,186.2,8.9,Medium
FLD-001123,2022-04-13,2022,4,Wednesday,0,0,1,Bagong Silang,Drainage,18.6,590.9,0.666,0.773,29253,14,23.6,61.5,122.6,32.4,64.3,12.3,0.94,138.7,7.0,Low
FLD-001124,2022-04-20,2022,4,Wednesday,0,0,0,Highway Hills,Maytunas Creek,29.8,941.2,0.854,0.781,44056,7,86.0,125.9,205.7,29.4,73.6,20.8,1.17,67.2,6.2,High
FLD-001125,2022-11-27,2022,11,Sunday,1,1,0,San Jose,Drainage,22.9,679.1,0.695,0.678,26352,17,1.7,21.4,74.9,30.7,65.8,14.5,0.81,7.6,5.7,Low
FLD-001126,2024-04-15,2024,4,Monday,0,0,0,San Jose,Drainage,21.5,720.5,0.681,0.653,25652,12,2.2,44.8,72.3,31.5,65.6,10.5,1.22,39.5,3.2,Low
FLD-001127,2025-11-14,2025,11,Friday,0,1,0,Daang Bakal,Maytunas Creek,11.8,336.1,0.608,0.813,25325,17,7.8,63.1,88.4,29.0,68.0,4.6,0.82,46.4,4.1,Low
FLD-001128,2022-04-07,2022,4,Thursday,0,0,2,Highway Hills,Maytunas Creek,30.2,876.3,0.741,0.82,40694,8,90.8,191.2,262.4,30.0,82.3,25.5,1.03,176.8,11.3,Medium
FLD-001129,2021-12-14,2021,12,Tuesday,0,0,0,Burol,Drainage,21.5,694.7,0.631,0.681,23725,14,8.4,13.2,50.3,33.3,67.9,7.7,0.99,6.1,1.7,Low
FLD-001130,2021-08-21,2021,8,Saturday,1,1,2,Malamig,Tributary,19.8,628.7,0.619,0.71,27856,11,181.6,254.1,446.0,24.7,93.9,17.2,1.65,324.4,14.1,High
FLD-001131,2026-01-06,2026,1,Tuesday,0,0,0,Barangka Ibaba,Pasig River,6.9,102.1,0.442,0.894,38967,19,10.8,26.1,49.9,34.4,69.0,6.8,1.65,3.9,2.4,Low
FLD-001132,2022-03-30,2022,3,Wednesday,0,0,0,Poblacion,Buhangin Creek,5.2,118.6,0.474,0.832,41648,19,6.1,27.5,84.6,32.2,57.4,18.0,0.79,118.9,7.5,Medium
FLD-001133,2024-03-13,2024,3,Wednesday,0,0,0,Barangka Ilaya,Pasig River,7.5,166.0,0.489,0.851,34324,15,21.7,50.0,92.3,32.6,74.2,18.7,1.41,130.1,6.4,Medium
FLD-001134,2021-12-17,2021,12,Friday,0,0,0,Hagdan Bato Libis,Drainage,15.6,490.9,0.524,0.77,30571,17,124.6,157.0,199.5,27.9,84.6,1.6,1.06,300.5,7.7,High
FLD-001135,2023-01-07,2023,1,Saturday,1,0,0,Barangka Ilaya,Pasig River,6.7,163.8,0.498,0.888,35967,17,26.3,34.5,107.9,32.2,71.2,0,0.84,127.2,5.8,Medium
FLD-001136,2021-05-01,2021,5,Saturday,1,1,0,Burol,Drainage,21.2,688.1,0.658,0.667,26532,9,1.4,97.3,144.3,32.8,85.6,5.8,1.59,63.5,6.1,Medium
FLD-001137,2022-08-16,2022,8,Tuesday,0,1,2,Burol,Drainage,19.7,693.3,0.701,0.689,22203,17,67.6,115.1,186.1,25.7,83.0,23.0,1.18,155.2,10.8,High
FLD-001138,2023-05-14,2023,5,Sunday,1,1,0,Namayan,Pasig River,6.7,116.2,0.493,0.891,29177,20,126.8,170.4,211.6,27.2,91.9,17.6,1.68,224.0,13.6,High
FLD-001139,2025-11-01,2025,11,Saturday,1,1,0,Namayan,Pasig River,7.8,180.5,0.491,0.786,34511,21,3.1,14.0,133.3,31.1,76.1,11.1,1.46,168.7,7.7,Medium
FLD-001140,2022-02-06,2022,2,Sunday,1,0,0,Plainview,Estero,16.6,522.1,0.603,0.735,30292,9,0.7,50.3,155.9,29.5,59.7,0.9,1.28,129.1,7.9,Medium
FLD-001141,2022-05-28,2022,5,Saturday,1,1,0,Hagdan Bato Itaas,Drainage,21.9,716.2,0.701,0.676,28590,14,14.9,71.7,225.9,30.7,82.7,12.7,1.04,55.6,4.7,Low
FLD-001142,2025-01-21,2025,1,Tuesday,0,0,0,Barangka Ilaya,Pasig River,8.1,171.6,0.454,0.844,35570,21,34.3,86.3,113.4,29.7,71.1,6.9,1.21,126.8,9.9,Medium
FLD-001143,2026-04-21,2026,4,Tuesday,0,0,0,Highway Hills,Maytunas Creek,30.1,920.3,0.719,0.806,42586,9,10.5,54.0,245.5,31.2,74.4,4.9,1.29,0,5.1,Medium
FLD-001144,2024-06-29,2024,6,Saturday,1,1,2,Hagdan Bato Libis,Drainage,16.7,509.1,0.609,0.767,34123,18,12.5,128.0,414.0,27.9,81.9,30.3,0.86,95.1,8.7,High
FLD-001145,2025-05-16,2025,5,Friday,0,1,0,Hagdan Bato Libis,Drainage,15.3,526.7,0.568,0.746,27446,16,1.5,45.3,110.8,30.5,68.9,6.5,0.38,5.3,5.0,Low
FLD-001146,2023-05-16,2023,5,Tuesday,0,1,0,Burol,Drainage,21.1,695.5,0.704,0.733,24259,8,33.1,65.4,92.8,31.3,79.3,0,0.71,50.9,4.6,Medium
FLD-001147,2026-01-10,2026,1,Saturday,1,0,0,Pleasant Hills,Ermitaño Creek,25.1,981.6,0.775,0.723,24309,11,63.4,114.1,188.1,28.4,70.8,23.2,0.98,0.3,7.3,Low
FLD-001148,2024-06-26,2024,6,Wednesday,0,1,3,Wack-Wack Greenhills East,Drainage,27.5,1203.4,0.746,0.69,15696,6,99.9,165.7,239.5,29.4,74.7,29.5,1.22,240.4,12.4,Medium
FLD-001149,2026-05-04,2026,5,Monday,0,1,1,Hagdan Bato Libis,Drainage,17.3,504.5,0.602,0.715,31990,8,66.9,156.3,242.7,27.0,84.6,20.4,1.09,250.1,10.4,High
FLD-001150,2023-07-13,2023,7,Thursday,0,1,1,Mabini-J. Rizal,Maytunas Creek,14.4,450.8,0.638,0.752,32099,15,143.0,291.5,402.6,25.6,82.1,10.4,1.38,266.2,15.2,High
FLD-001151,2025-11-25,2025,11,Tuesday,0,1,0,Buayang Bato,Buayang Bato Creek,14.6,264.6,0.606,0.784,32881,17,39.9,237.5,303.4,27.9,88.3,7.2,1.07,105.5,8.5,Medium
FLD-001152,2021-06-24,2021,6,Thursday,0,1,2,Buayang Bato,Buayang Bato Creek,15.0,286.0,0.6,0.79,32927,10,115.1,159.5,327.3,28.6,82.6,15.4,1.16,272.0,14.4,High
FLD-001153,2022-02-28,2022,2,Monday,0,0,0,Barangka Drive,Pasig River,9.2,188.7,0.526,0.894,33974,19,36.7,145.6,288.9,28.9,66.0,7.6,0.76,128.4,6.6,High
FLD-001154,2025-11-15,2025,11,Saturday,1,1,1,Hagdan Bato Itaas,Drainage,20.5,747.5,0.678,0.646,28385,15,47.2,127.8,157.6,31.1,76.2,14.0,1.17,130.1,7.7,Medium
FLD-001155,2025-04-11,2025,4,Friday,0,0,0,Wack-Wack Greenhills East,Drainage,27.8,1197.4,0.832,0.672,21463,4,2.2,45.4,65.7,31.8,67.1,9.2,1.48,6.4,5.5,Low
FLD-001156,2023-05-13,2023,5,Saturday,1,1,0,Wack-Wack Greenhills East,Drainage,29.1,1205.3,0.85,0.642,19956,4,7.1,138.9,237.5,29.7,75.7,3.7,1.16,0.0,6.7,Low
FLD-001157,2023-02-25,2023,2,Saturday,1,0,0,Pleasant Hills,Ermitaño Creek,25.3,1034.3,0.705,0.685,25057,8,3.1,75.6,169.8,32.1,70.8,8.3,1.34,65.5,5.1,Low
FLD-001158,2024-12-20,2024,12,Friday,0,0,0,Harapin ang Bukas,Drainage,17.9,538.6,0.55,0.784,22840,16,0.4,66.5,144.5,32.8,73.0,9.2,1.0,154.1,4.7,Medium
FLD-001159,2021-09-21,2021,9,Tuesday,0,1,0,Daang Bakal,Maytunas Creek,11.6,334.7,0.545,0.808,31948,18,2.3,31.6,90.7,31.6,74.5,8.8,0.93,0.4,5.5,Low
FLD-001160,2023-03-03,2023,3,Friday,0,0,0,Poblacion,Buhangin Creek,6.7,126.1,0.412,0.814,38224,22,1.8,168.4,237.1,30.6,65.1,22.4,1.71,125.0,11.0,High
FLD-001161,2024-07-22,2024,7,Monday,0,1,1,Burol,Drainage,21.3,685.5,0.706,0.651,24314,11,171.3,259.9,351.2,27.0,87.0,14.2,0.74,235.9,16.3,High
FLD-001162,2022-03-31,2022,3,Thursday,0,0,0,New Zañiga,Buhangin Creek,5.9,143.2,0.572,0.827,36729,18,16.6,39.4,119.2,33.9,64.4,24.5,0.45,102.8,1.5,Medium
FLD-001163,2023-05-17,2023,5,Wednesday,0,1,1,Buayang Bato,Buayang Bato Creek,15.2,271.4,0.574,0.742,34802,16,164.6,247.7,300.1,25.3,82.0,13.0,1.69,298.9,11.2,High
FLD-001164,2023-02-19,2023,2,Sunday,1,0,1,Poblacion,Buhangin Creek,6.5,89.4,0.432,0.809,41448,22,96.8,209.7,391.3,28.6,77.2,13.1,0.71,308.9,14.7,High
FLD-001165,2024-10-23,2024,10,Wednesday,0,1,0,Pleasant Hills,Ermitaño Creek,25.8,973.6,0.701,0.713,29379,8,8.2,55.4,179.0,27.9,81.9,14.0,1.69,15.6,5.7,Low
FLD-001166,2024-01-26,2024,1,Friday,0,0,0,New Zañiga,Buhangin Creek,6.4,191.9,0.506,0.779,39276,18,24.0,55.6,171.8,31.3,72.0,8.1,1.25,7.5,4.3,Low
FLD-001167,2022-10-02,2022,10,Sunday,1,1,3,Bagong Silang,Drainage,17.7,600.8,0.62,0.737,25247,13,115.3,125.3,228.4,26.9,78.4,31.9,1.12,314.8,12.6,High
FLD-001168,2024-12-29,2024,12,Sunday,1,0,0,Mauway,Maytunas Creek,22.7,878.7,0.616,0.746,37511,7,1.7,19.4,114.6,31.5,67.5,17.0,0.63,0.0,3.3,Low
FLD-001169,2023-11-13,2023,11,Monday,0,1,3,Bagong Silang,Drainage,17.9,601.9,0.65,0.706,22036,4,198.3,246.0,279.6,27.6,87.7,43.0,1.46,345.1,16.2,High
FLD-001170,2023-04-12,2023,4,Wednesday,0,0,0,Poblacion,Buhangin Creek,6.9,117.0,0.436,0.931,39691,26,7.2,42.3,98.1,29.8,62.7,14.4,0.55,35.0,2.5,Medium
FLD-001171,2021-09-13,2021,9,Monday,0,1,0,Daang Bakal,Maytunas Creek,12.0,405.2,0.584,0.784,32895,13,46.4,72.9,221.5,32.4,85.5,12.4,1.11,114.1,5.5,Medium
FLD-001172,2022-02-14,2022,2,Monday,0,0,0,Vergara,Drainage,23.2,771.9,0.671,0.711,26495,15,0.8,32.7,40.3,29.1,70.8,19.7,1.44,6.6,3.2,Low
FLD-001173,2021-08-18,2021,8,Wednesday,0,1,1,Barangka Ilaya,Pasig River,8.3,157.9,0.513,0.874,34773,17,66.7,303.4,455.5,26.9,80.0,9.4,0.96,231.6,16.8,High
FLD-001174,2025-02-28,2025,2,Friday,0,0,0,San Jose,Drainage,21.7,703.5,0.695,0.625,27597,10,0.3,28.8,181.2,30.3,58.8,4.1,0.93,12.1,0.5,Low
FLD-001175,2024-12-16,2024,12,Monday,0,0,0,Highway Hills,Maytunas Creek,29.8,897.1,0.716,0.764,41260,4,9.3,53.7,129.5,29.7,65.6,0,1.27,0.5,1.1,Low
FLD-001176,2022-01-22,2022,1,Saturday,1,0,0,San Jose,Drainage,21.1,696.1,0.733,0.696,30458,12,1.7,27.0,192.0,30.5,62.6,1.0,0.98,10.3,2.1,Low
FLD-001177,2022-11-22,2022,11,Tuesday,0,1,0,Barangka Ibaba,Pasig River,6.4,89.5,0.486,0.881,41233,21,7.2,58.8,127.1,28.0,82.9,0.1,1.66,157.8,6.3,Medium
FLD-001178,2025-05-30,2025,5,Friday,0,1,1,Namayan,Pasig River,8.1,130.9,0.482,0.86,33362,17,120.9,151.3,196.4,25.9,91.3,21.7,1.6,318.0,10.7,High
FLD-001179,2024-02-16,2024,2,Friday,0,0,0,Plainview,Estero,18.0,509.6,0.706,0.704,29436,11,4.0,215.7,280.3,31.3,52.9,8.2,0.84,133.2,12.9,Medium
FLD-001180,2025-10-23,2025,10,Thursday,0,1,0,Old Zañiga,Buhangin Creek,7.0,123.8,0.505,0.825,35980,22,2.0,10.5,27.9,28.5,75.6,14.2,1.02,59.4,3.6,Medium
FLD-001181,2025-05-30,2025,5,Friday,0,1,2,Highway Hills,Maytunas Creek,30.3,904.2,0.714,0.733,46977,6,85.8,126.3,209.5,27.9,79.2,21.1,1.09,188.4,11.0,Medium
FLD-001182,2023-06-29,2023,6,Thursday,0,1,1,Pleasant Hills,Ermitaño Creek,24.6,1029.2,0.61,0.752,24354,10,125.2,180.4,362.8,24.7,87.9,43.4,0.99,293.2,13.0,High
FLD-001183,2023-09-11,2023,9,Monday,0,1,0,Mabini-J. Rizal,Maytunas Creek,14.8,474.9,0.658,0.762,31375,16,5.0,105.9,156.0,29.5,83.8,17.0,0.61,136.0,8.0,Medium
FLD-001184,2026-02-05,2026,2,Thursday,0,0,0,Bagong Silang,Drainage,17.8,595.6,0.622,0.705,27154,9,5.5,61.5,128.7,32.1,59.3,6.7,0.55,6.8,4.5,Low
FLD-001185,2023-01-18,2023,1,Wednesday,0,0,0,Addition Hills,Maytunas Creek,23.2,958.9,0.66,0.753,49948,12,5.2,15.8,55.3,34.4,70.5,12.6,1.07,1.1,1.1,Low
FLD-001186,2021-08-14,2021,8,Saturday,1,1,2,Namayan,Pasig River,7.3,139.0,0.568,0.823,34918,17,63.9,101.0,176.0,26.6,71.9,13.7,1.31,299.0,6.5,High
FLD-001187,2022-03-10,2022,3,Thursday,0,0,1,Namayan,Pasig River,7.8,159.0,0.497,0.785,32835,21,163.9,223.3,319.7,24.8,87.7,11.4,1.12,380.9,17.8,High
FLD-001188,2021-10-02,2021,10,Saturday,1,1,0,Barangka Itaas,Pasig River,9.6,248.4,0.49,0.833,32813,20,2.7,49.7,156.6,28.5,77.4,13.6,1.49,2.5,4.7,Low
FLD-001189,2022-09-22,2022,9,Thursday,0,1,3,Mauway,Maytunas Creek,23.3,828.8,0.603,0.676,39334,12,39.7,234.9,338.4,27.3,81.1,53.3,1.04,183.8,13.7,Medium
FLD-001190,2024-08-24,2024,8,Saturday,1,1,0,Pag-Asa,Drainage,20.3,624.8,0.691,0.681,28504,12,5.4,96.9,264.0,28.3,72.1,7.5,1.05,89.9,4.4,Low
FLD-001191,2022-04-02,2022,4,Saturday,1,0,0,Wack-Wack Greenhills East,Drainage,27.6,1182.4,0.848,0.63,13262,9,12.3,23.0,85.6,30.9,68.9,5.7,0.98,13.4,1.2,Low
FLD-001192,2024-07-24,2024,7,Wednesday,0,1,0,Addition Hills,Maytunas Creek,25.9,1005.2,0.73,0.679,50461,13,5.7,12.9,17.5,30.4,77.2,0,1.19,1.2,6.3,Low
FLD-001193,2022-05-12,2022,5,Thursday,0,1,1,New Zañiga,Buhangin Creek,7.0,137.5,0.562,0.758,37806,20,43.7,127.0,287.8,27.4,80.2,19.6,0.74,195.2,9.1,Medium
FLD-001194,2021-03-19,2021,3,Friday,0,0,1,Malamig,Tributary,20.1,599.4,0.659,0.73,27431,10,13.1,23.6,50.0,32.4,70.6,29.7,0.88,14.8,3.2,Low
FLD-001195,2025-02-03,2025,2,Monday,0,0,0,Barangka Itaas,Pasig River,10.1,217.4,0.484,0.853,33577,21,6.4,104.3,184.1,31.6,54.2,6.9,0.95,159.8,9.1,Medium
FLD-001196,2021-05-14,2021,5,Friday,0,1,1,Hagdan Bato Itaas,Drainage,21.0,761.4,0.691,0.653,24336,10,14.8,55.6,180.8,29.4,72.4,12.8,1.25,0.2,2.0,Low
FLD-001197,2023-12-08,2023,12,Friday,0,0,1,Hulo,Pasig River,7.4,110.0,0.426,0.843,39334,21,13.9,71.4,111.5,30.3,69.2,12.7,1.09,104.2,7.2,Medium
FLD-001198,2021-11-20,2021,11,Saturday,1,1,0,Barangka Ilaya,Pasig River,8.9,164.6,0.545,0.885,36770,15,2.8,125.4,229.9,31.5,68.5,3.5,1.47,136.2,7.5,Medium
FLD-001199,2023-09-24,2023,9,Sunday,1,1,0,Burol,Drainage,20.5,702.1,0.665,0.699,25025,12,15.5,168.1,293.1,29.9,78.5,0,0.42,11.4,7.9,Low
FLD-001200,2022-10-19,2022,10,Wednesday,0,1,2,Vergara,Drainage,24.0,750.9,0.699,0.662,26628,9,211.3,350.5,559.9,24.9,98.6,17.2,1.62,282.4,19.1,High
FLD-001201,2024-04-18,2024,4,Thursday,0,0,0,Wack-Wack Greenhills East,Drainage,28.9,1175.8,0.875,0.628,18506,2,0.9,12.6,83.1,34.5,64.1,1.6,1.11,2.3,0.5,Low
FLD-001202,2021-06-15,2021,6,Tuesday,0,1,1,Hagdan Bato Libis,Drainage,15.8,492.4,0.485,0.719,28312,14,31.4,55.2,96.3,28.1,74.0,16.0,1.13,111.4,5.5,High
FLD-001203,2021-08-29,2021,8,Sunday,1,1,0,Harapin ang Bukas,Drainage,16.9,528.0,0.583,0.781,19373,13,17.2,136.8,274.3,30.2,72.7,14.5,1.44,138.1,10.1,Medium
FLD-001204,2022-10-23,2022,10,Sunday,1,1,0,Burol,Drainage,23.0,711.9,0.752,0.634,22843,9,9.5,24.1,144.9,30.7,66.4,6.4,0.93,14.1,2.0,Low
FLD-001205,2021-04-27,2021,4,Tuesday,0,0,2,Malamig,Tributary,20.8,634.1,0.65,0.684,28435,11,66.4,90.2,152.2,29.7,73.5,21.4,1.07,145.4,7.5,Medium
FLD-001206,2022-03-02,2022,3,Wednesday,0,0,0,Barangka Ilaya,Pasig River,9.3,166.2,0.51,0.85,38201,21,43.4,154.6,200.5,30.8,64.0,2.3,1.22,104.8,10.3,Medium
FLD-001207,2022-01-25,2022,1,Tuesday,0,0,0,Harapin ang Bukas,Drainage,15.7,583.1,0.615,0.741,24010,8,23.7,43.2,58.6,32.8,67.5,3.1,0.56,2.9,3.4,Low
FLD-001208,2024-08-08,2024,8,Thursday,0,1,0,Malamig,Tributary,18.5,608.2,0.647,0.701,29561,13,18.6,46.6,329.0,31.8,78.8,2.6,1.02,50.4,6.3,Medium
FLD-001209,2025-08-07,2025,8,Thursday,0,1,1,Hagdan Bato Libis,Drainage,16.4,482.4,0.601,0.764,28912,11,29.6,76.0,146.3,28.0,74.3,18.6,1.32,109.7,7.4,Medium
FLD-001210,2022-09-02,2022,9,Friday,0,1,1,Malamig,Tributary,20.2,594.2,0.635,0.696,28648,14,140.4,243.1,429.5,27.8,93.3,27.0,1.06,235.9,13.7,High
FLD-001211,2022-01-04,2022,1,Tuesday,0,0,0,Plainview,Estero,19.0,491.9,0.633,0.702,30699,13,49.9,145.2,175.1,32.7,70.8,8.1,0.8,74.5,7.9,High
FLD-001212,2024-12-23,2024,12,Monday,0,0,1,San Jose,Drainage,22.1,720.1,0.724,0.658,32333,14,161.3,242.7,305.8,27.0,80.7,24.6,1.11,262.1,10.5,High
FLD-001213,2021-09-10,2021,9,Friday,0,1,2,Harapin ang Bukas,Drainage,17.4,587.0,0.619,0.706,21957,14,77.0,119.3,144.0,29.4,77.5,15.5,1.56,301.9,11.5,High
FLD-001214,2024-03-14,2024,3,Thursday,0,0,0,Barangka Itaas,Pasig River,11.3,279.7,0.521,0.832,36484,18,24.1,46.3,106.4,28.5,64.7,11.0,1.14,114.6,6.0,Medium
FLD-001215,2022-09-03,2022,9,Saturday,1,1,0,Highway Hills,Maytunas Creek,30.2,892.4,0.761,0.748,42707,11,6.7,74.1,139.6,30.9,74.0,3.9,1.16,27.4,5.5,Low
FLD-001216,2023-02-11,2023,2,Saturday,1,0,0,Mabini-J. Rizal,Maytunas Creek,15.4,466.8,0.584,0.732,28528,11,29.5,38.7,99.7,32.1,74.6,3.5,0.93,7.1,2.5,Low
FLD-001217,2022-11-17,2022,11,Thursday,0,1,0,Mabini-J. Rizal,Maytunas Creek,15.4,476.7,0.526,0.752,31209,19,10.9,42.8,260.6,29.9,79.8,5.9,1.04,4.0,0.7,Low
FLD-001218,2025-01-26,2025,1,Sunday,1,0,0,Daang Bakal,Maytunas Creek,10.9,343.3,0.581,0.745,29309,16,24.5,58.3,169.9,32.0,75.8,11.8,0.82,56.2,4.7,Low
FLD-001219,2024-07-07,2024,7,Sunday,1,1,0,Old Zañiga,Buhangin Creek,6.8,167.7,0.546,0.8,35499,18,10.7,85.1,209.4,28.0,86.6,14.4,1.64,21.0,5.9,High
FLD-001220,2023-08-17,2023,8,Thursday,0,1,0,San Jose,Drainage,21.9,651.9,0.7,0.678,29936,7,38.8,61.7,239.7,27.7,72.5,7.2,1.05,73.8,10.0,Low
FLD-001221,2025-09-09,2025,9,Tuesday,0,1,1,Poblacion,Buhangin Creek,5.8,77.0,0.419,0.825,45819,26,25.7,166.1,299.4,27.6,66.5,8.8,1.54,140.9,6.0,High
FLD-001222,2025-04-02,2025,4,Wednesday,0,0,2,Highway Hills,Maytunas Creek,32.2,855.8,0.762,0.768,44637,8,107.8,123.1,230.9,31.0,75.8,42.1,0.77,219.0,9.3,High
FLD-001223,2022-06-15,2022,6,Wednesday,0,1,1,Hagdan Bato Itaas,Drainage,22.8,732.1,0.7,0.681,27572,9,24.2,90.6,201.6,28.9,73.3,15.3,1.1,87.3,7.6,Medium
FLD-001224,2021-03-10,2021,3,Wednesday,0,0,0,Buayang Bato,Buayang Bato Creek,14.3,300.4,0.573,0.808,29905,17,11.1,94.0,228.1,30.3,66.0,2.0,1.57,76.8,3.9,Medium
FLD-001225,2024-10-13,2024,10,Sunday,1,1,0,Harapin ang Bukas,Drainage,17.1,575.6,0.564,0.735,21651,13,44.2,154.6,289.8,27.3,83.8,12.3,0.92,148.9,10.7,Medium
FLD-001226,2021-05-16,2021,5,Sunday,1,1,0,Harapin ang Bukas,Drainage,17.1,562.8,0.585,0.741,20773,15,4.6,62.1,160.8,32.4,62.5,5.4,1.89,73.7,4.9,Medium
FLD-001227,2025-04-29,2025,4,Tuesday,0,0,0,Barangka Itaas,Pasig River,9.3,295.0,0.45,0.821,36018,16,7.1,90.7,147.4,32.1,62.4,10.5,1.27,3.0,7.0,Low
FLD-001228,2024-06-22,2024,6,Saturday,1,1,0,Old Zañiga,Buhangin Creek,7.6,170.2,0.512,0.78,32680,17,2.0,13.0,69.8,30.6,75.4,14.1,1.53,42.3,2.9,Medium
FLD-001229,2024-03-31,2024,3,Sunday,1,0,0,Mauway,Maytunas Creek,23.0,837.7,0.646,0.685,40392,12,1.4,27.0,254.1,31.1,59.5,2.5,1.34,1.2,4.1,Low
FLD-001230,2023-11-18,2023,11,Saturday,1,1,0,Hulo,Pasig River,5.0,109.6,0.435,0.806,40040,17,90.6,177.2,349.0,26.8,90.0,0,1.48,227.0,11.5,High
FLD-001231,2024-03-09,2024,3,Saturday,1,0,1,Highway Hills,Maytunas Creek,29.7,905.5,0.751,0.743,44618,6,61.4,116.4,167.1,30.3,80.6,16.3,0.8,171.4,7.4,Medium
FLD-001232,2023-05-19,2023,5,Friday,0,1,0,Barangka Itaas,Pasig River,9.2,284.3,0.549,0.818,36984,12,16.1,42.3,205.9,28.1,83.4,11.8,1.08,119.2,7.6,Medium
FLD-001233,2022-06-27,2022,6,Monday,0,1,1,Barangka Itaas,Pasig River,9.8,259.5,0.555,0.826,36005,13,42.5,60.2,105.9,26.5,60.4,15.9,1.18,158.0,3.7,Medium
FLD-001234,2022-11-05,2022,11,Saturday,1,1,2,San Jose,Drainage,21.6,699.1,0.716,0.7,25665,10,60.1,127.9,156.3,23.6,61.0,22.4,1.78,203.4,11.9,Medium
FLD-001235,2024-02-16,2024,2,Friday,0,0,0,Mabini-J. Rizal,Maytunas Creek,15.0,487.0,0.598,0.754,31254,17,14.4,36.0,96.8,32.3,65.0,1.9,0.94,52.4,5.6,Medium
FLD-001236,2022-12-27,2022,12,Tuesday,0,0,1,Mabini-J. Rizal,Maytunas Creek,15.1,451.1,0.514,0.773,28539,16,28.3,58.5,179.8,30.3,57.8,28.9,1.09,149.8,6.4,High
FLD-001237,2023-05-02,2023,5,Tuesday,0,1,1,Pleasant Hills,Ermitaño Creek,24.2,1022.2,0.749,0.67,25788,9,39.2,49.1,151.5,33.4,81.5,12.0,1.18,114.7,4.6,Medium
FLD-001238,2023-02-27,2023,2,Monday,0,0,2,Pleasant Hills,Ermitaño Creek,24.1,951.0,0.667,0.711,25830,9,207.1,268.2,338.4,26.2,83.7,38.7,1.86,333.8,18.4,High
FLD-001239,2021-08-26,2021,8,Thursday,0,1,0,Barangka Itaas,Pasig River,9.9,269.7,0.56,0.829,36891,14,2.9,40.1,112.6,27.2,66.3,2.2,1.37,8.4,4.4,Low
FLD-001240,2023-04-10,2023,4,Monday,0,0,0,Mauway,Maytunas Creek,22.1,815.5,0.686,0.705,40716,12,87.6,124.7,322.6,31.4,83.0,7.8,1.22,242.6,9.8,High
FLD-001241,2023-01-08,2023,1,Sunday,1,0,1,Namayan,Pasig River,8.8,116.9,0.55,0.836,32349,18,99.1,124.7,192.8,30.7,76.2,26.4,0.83,260.7,8.2,High
FLD-001242,2026-01-20,2026,1,Tuesday,0,0,1,Daang Bakal,Maytunas Creek,13.2,365.0,0.523,0.749,30075,16,115.3,149.0,328.0,26.3,77.0,25.8,0.92,260.6,11.4,High
FLD-001243,2024-07-16,2024,7,Tuesday,0,1,0,Wack-Wack Greenhills East,Drainage,27.7,1188.3,0.852,0.592,19132,13,14.2,80.9,201.1,31.2,75.1,3.5,0.72,0.0,2.6,Low
FLD-001244,2025-03-22,2025,3,Saturday,1,0,1,Namayan,Pasig River,8.9,127.0,0.512,0.827,34221,18,19.9,138.9,209.9,30.8,65.9,11.4,0.97,80.3,11.1,Medium
FLD-001245,2023-04-22,2023,4,Saturday,1,0,2,Addition Hills,Maytunas Creek,26.1,938.1,0.667,0.766,45354,17,110.5,165.3,189.8,29.1,83.8,40.9,0.84,248.7,11.5,High
FLD-001246,2026-01-01,2026,1,Thursday,0,0,0,Mauway,Maytunas Creek,22.9,841.1,0.69,0.718,40799,9,32.6,77.5,130.5,27.6,62.0,21.8,1.07,17.8,3.8,Low
FLD-001247,2026-01-04,2026,1,Sunday,1,0,2,Bagong Silang,Drainage,17.7,594.2,0.6,0.656,26864,8,88.3,152.6,409.5,30.5,67.9,20.0,0.83,277.1,9.8,Medium
FLD-001248,2021-01-22,2021,1,Friday,0,0,0,Mauway,Maytunas Creek,22.4,905.1,0.697,0.698,36591,8,2.1,109.0,141.3,33.4,64.3,6.7,1.46,81.5,4.8,Low
FLD-001249,2022-08-22,2022,8,Monday,0,1,1,Pleasant Hills,Ermitaño Creek,25.0,982.6,0.718,0.694,29768,4,67.6,114.3,158.7,26.6,75.8,41.1,0.39,181.1,4.8,Medium
FLD-001250,2023-02-04,2023,2,Saturday,1,0,0,New Zañiga,Buhangin Creek,7.4,114.1,0.463,0.838,37730,20,30.9,51.7,85.3,30.1,59.8,3.1,0.82,150.7,5.4,Medium
FLD-001251,2023-11-15,2023,11,Wednesday,0,1,0,Barangka Ibaba,Pasig River,6.4,78.4,0.488,0.866,41114,16,29.3,63.9,133.4,29.7,74.3,6.6,1.41,144.7,3.5,Medium
FLD-001252,2023-04-15,2023,4,Saturday,1,0,0,Barangka Ibaba,Pasig River,6.0,51.2,0.454,0.822,43007,16,0.5,16.1,125.4,34.5,69.9,9.5,1.25,189.7,5.7,Medium
FLD-001253,2024-09-17,2024,9,Tuesday,0,1,0,Wack-Wack Greenhills East,Drainage,28.8,1190.0,0.829,0.637,17342,8,40.7,256.2,282.7,28.7,78.1,7.9,1.81,52.8,9.9,Low
FLD-001254,2021-03-23,2021,3,Tuesday,0,0,2,Highway Hills,Maytunas Creek,30.1,928.4,0.713,0.83,46622,7,26.3,61.2,142.2,31.9,69.5,28.4,1.44,178.2,5.2,High
FLD-001255,2021-08-06,2021,8,Friday,0,1,1,Bagong Silang,Drainage,18.9,603.0,0.595,0.722,23409,13,122.0,296.0,417.4,26.9,86.1,9.0,1.34,232.6,14.4,High
FLD-001256,2023-02-21,2023,2,Tuesday,0,0,1,New Zañiga,Buhangin Creek,6.5,148.0,0.501,0.785,38370,21,19.2,52.7,74.5,27.6,66.0,8.4,1.35,200.2,8.6,Medium
FLD-001257,2024-03-18,2024,3,Monday,0,0,1,Mauway,Maytunas Creek,23.2,849.5,0.613,0.696,38055,10,27.5,47.1,89.0,30.8,65.2,15.0,0.63,88.4,8.1,Low
FLD-001258,2025-01-04,2025,1,Saturday,1,0,1,Hagdan Bato Libis,Drainage,17.0,443.7,0.596,0.757,31245,13,39.1,63.8,112.3,30.9,77.7,8.3,1.38,167.6,6.8,Low
FLD-001259,2024-12-12,2024,12,Thursday,0,0,1,Bagong Silang,Drainage,19.1,574.0,0.656,0.663,22609,14,31.6,55.9,87.2,33.8,69.4,9.1,0.82,118.0,4.3,High
FLD-001260,2022-04-02,2022,4,Saturday,1,0,0,Buayang Bato,Buayang Bato Creek,14.2,287.0,0.595,0.718,36107,20,79.4,110.0,351.8,31.8,68.5,3.8,1.09,202.9,6.8,Medium
FLD-001261,2024-01-06,2024,1,Saturday,1,0,0,Barangka Itaas,Pasig River,9.8,219.2,0.58,0.845,32991,15,38.9,50.2,113.6,30.9,74.5,2.4,0.55,181.6,5.5,High
FLD-001262,2021-09-08,2021,9,Wednesday,0,1,1,Pleasant Hills,Ermitaño Creek,25.2,955.8,0.687,0.732,26127,10,59.7,156.0,238.4,28.0,78.6,21.7,1.07,162.5,7.0,High
FLD-001263,2026-04-11,2026,4,Saturday,1,0,0,Barangka Itaas,Pasig River,10.9,237.7,0.545,0.836,34719,19,62.4,152.1,420.1,31.0,63.4,12.7,1.04,165.5,11.4,High
FLD-001264,2024-04-29,2024,4,Monday,0,0,0,Daang Bakal,Maytunas Creek,11.4,343.3,0.663,0.78,31147,12,3.7,22.3,163.3,30.5,65.6,0,0.72,59.7,2.3,Medium
FLD-001265,2021-02-02,2021,2,Tuesday,0,0,0,Poblacion,Buhangin Creek,6.3,121.7,0.393,0.834,38695,20,1.1,7.5,35.1,32.5,58.0,19.0,0.83,15.8,1.0,Low
FLD-001266,2024-09-23,2024,9,Monday,0,1,1,Old Zañiga,Buhangin Creek,7.0,134.8,0.601,0.767,35963,17,54.3,183.7,332.5,26.9,73.8,10.7,0.97,165.0,11.1,Medium
FLD-001267,2025-01-31,2025,1,Friday,0,0,0,Harapin ang Bukas,Drainage,17.0,565.0,0.608,0.757,25441,10,34.9,41.3,103.7,29.0,70.6,11.1,0.73,13.2,3.9,Low
FLD-001268,2023-05-11,2023,5,Thursday,0,1,0,Hagdan Bato Libis,Drainage,17.7,560.4,0.621,0.738,30893,20,1.1,73.1,208.9,28.4,79.9,9.0,0.9,52.1,6.8,Medium
FLD-001269,2024-03-08,2024,3,Friday,0,0,0,Bagong Silang,Drainage,17.0,581.3,0.593,0.638,27254,18,1.9,43.4,118.6,32.0,65.9,5.3,1.17,9.6,0.8,Low
FLD-001270,2022-04-21,2022,4,Thursday,0,0,0,Daang Bakal,Maytunas Creek,12.0,349.0,0.598,0.757,29721,11,2.6,139.7,172.4,34.2,56.9,15.8,1.08,67.6,8.5,Low
FLD-001271,2022-12-13,2022,12,Tuesday,0,0,0,Barangka Itaas,Pasig River,9.6,269.7,0.527,0.86,36918,17,5.9,137.6,167.4,31.5,66.3,6.0,1.18,129.9,8.9,High
FLD-001272,2021-09-24,2021,9,Friday,0,1,1,Harapin ang Bukas,Drainage,17.1,543.1,0.615,0.769,25804,13,122.3,176.7,383.9,25.9,87.0,15.6,0.91,186.6,11.6,High
FLD-001273,2021-01-06,2021,1,Wednesday,0,0,0,Malamig,Tributary,18.9,564.7,0.63,0.667,30548,18,23.4,46.6,66.9,29.7,62.3,6.2,0.83,4.8,4.6,Low
FLD-001274,2022-09-02,2022,9,Friday,0,1,1,Barangka Drive,Pasig River,8.4,222.4,0.457,0.797,32047,19,42.4,49.9,111.7,28.9,72.8,10.4,1.0,188.5,7.6,High
FLD-001275,2021-05-24,2021,5,Monday,0,1,2,Barangka Itaas,Pasig River,9.5,248.6,0.546,0.85,33180,16,70.9,136.3,297.3,28.6,81.6,24.7,1.88,260.8,13.2,High
FLD-001276,2021-06-12,2021,6,Saturday,1,1,0,San Jose,Drainage,21.8,666.9,0.693,0.661,30460,8,0.2,147.3,307.8,29.6,78.8,22.1,1.3,0.9,7.7,Low
FLD-001277,2021-01-30,2021,1,Saturday,1,0,0,Namayan,Pasig River,9.1,124.5,0.503,0.831,32022,16,0.7,55.7,109.9,29.8,63.5,10.8,0.97,99.5,5.6,Medium
FLD-001278,2021-08-19,2021,8,Thursday,0,1,0,Barangka Ilaya,Pasig River,6.9,167.4,0.489,0.917,34356,23,10.4,61.0,176.2,30.7,66.2,17.7,1.51,105.5,4.2,Low
FLD-001279,2025-06-12,2025,6,Thursday,0,1,2,New Zañiga,Buhangin Creek,6.6,209.8,0.443,0.736,36675,12,83.3,103.8,150.5,30.1,72.8,28.3,1.44,234.1,8.1,High
FLD-001280,2023-02-14,2023,2,Tuesday,0,0,0,Hagdan Bato Libis,Drainage,16.7,509.0,0.586,0.733,31498,16,3.0,9.7,143.2,28.0,64.1,8.5,1.09,63.9,2.6,Low
FLD-001281,2022-06-21,2022,6,Tuesday,0,1,3,San Jose,Drainage,22.2,698.0,0.719,0.645,25235,5,46.7,160.3,409.2,26.6,75.1,37.1,1.19,200.2,10.7,High
FLD-001282,2023-03-12,2023,3,Sunday,1,0,1,Highway Hills,Maytunas Creek,31.1,895.5,0.71,0.824,41855,8,59.1,67.1,76.6,29.3,77.7,17.7,1.8,7.7,5.1,Low
FLD-001283,2025-09-21,2025,9,Sunday,1,1,0,Poblacion,Buhangin Creek,5.1,123.8,0.504,0.827,43999,25,0.2,167.8,215.1,29.7,68.2,43.7,1.46,113.3,9.6,High
FLD-001284,2025-02-26,2025,2,Wednesday,0,0,0,Malamig,Tributary,20.2,566.3,0.663,0.67,27875,14,32.8,63.8,107.4,30.6,74.7,13.4,0.99,148.9,7.1,Low
FLD-001285,2021-04-04,2021,4,Sunday,1,0,0,Highway Hills,Maytunas Creek,30.1,870.3,0.714,0.795,45231,8,0.8,45.2,110.8,31.7,66.3,1.6,1.37,0.4,2.7,Low
FLD-001286,2024-10-14,2024,10,Monday,0,1,0,Harapin ang Bukas,Drainage,16.2,528.5,0.64,0.791,20245,16,7.6,28.7,107.6,31.3,78.7,6.1,1.42,18.1,3.6,Medium
FLD-001287,2023-07-04,2023,7,Tuesday,0,1,1,Barangka Drive,Pasig River,10.1,213.6,0.503,0.823,32339,17,136.1,163.9,197.5,26.3,90.7,12.8,1.56,344.7,14.9,High
FLD-001288,2021-09-05,2021,9,Sunday,1,1,0,Buayang Bato,Buayang Bato Creek,13.5,250.4,0.644,0.745,34584,14,1.3,73.9,229.5,28.9,73.9,17.1,1.42,3.5,3.6,Low
FLD-001289,2025-05-25,2025,5,Sunday,1,1,1,Mauway,Maytunas Creek,23.4,803.5,0.623,0.685,41354,9,40.3,145.2,426.2,28.5,73.5,8.2,1.46,133.8,10.3,High
FLD-001290,2022-09-13,2022,9,Tuesday,0,1,2,Pleasant Hills,Ermitaño Creek,25.7,1015.1,0.618,0.629,26156,6,68.6,150.1,337.7,28.1,79.4,20.2,1.73,161.8,11.7,High
FLD-001291,2025-07-22,2025,7,Tuesday,0,1,0,Old Zañiga,Buhangin Creek,5.8,148.9,0.554,0.793,34298,19,38.9,150.7,338.7,30.6,76.1,8.1,0.73,45.9,6.6,Medium
FLD-001292,2025-03-17,2025,3,Monday,0,0,1,Hagdan Bato Itaas,Drainage,23.0,787.3,0.739,0.68,27659,8,9.8,88.3,245.9,30.7,70.6,18.4,1.27,105.7,8.2,Low
FLD-001293,2025-10-09,2025,10,Thursday,0,1,1,Barangka Ibaba,Pasig River,7.0,46.1,0.375,0.884,42436,23,39.3,58.0,221.4,29.4,79.5,4.5,0.62,173.7,7.2,High
FLD-001294,2021-01-21,2021,1,Thursday,0,0,0,Hagdan Bato Libis,Drainage,16.2,535.5,0.613,0.767,28546,16,10.5,36.3,100.0,30.1,65.6,7.9,0.72,1.2,2.5,Low
FLD-001295,2021-01-28,2021,1,Thursday,0,0,0,Hagdan Bato Itaas,Drainage,21.4,738.7,0.724,0.704,24024,11,38.9,113.2,432.1,29.3,74.0,8.9,1.51,117.8,4.9,High
FLD-001296,2022-08-08,2022,8,Monday,0,1,1,Hagdan Bato Libis,Drainage,15.0,543.7,0.65,0.796,32845,13,40.4,78.8,167.8,27.8,73.0,11.7,0.82,108.7,8.3,High
FLD-001297,2026-03-16,2026,3,Monday,0,0,0,Bagong Silang,Drainage,17.9,563.9,0.596,0.659,23869,15,88.1,119.5,242.1,27.1,74.9,5.3,1.49,204.5,6.1,Medium
FLD-001298,2025-11-15,2025,11,Saturday,1,1,0,Addition Hills,Maytunas Creek,24.8,1005.0,0.665,0.799,48787,12,25.3,32.9,236.3,28.9,89.3,23.0,1.35,9.1,5.9,Low
FLD-001299,2023-06-29,2023,6,Thursday,0,1,0,Poblacion,Buhangin Creek,6.0,74.0,0.451,0.758,40569,15,29.1,204.6,268.7,29.2,79.3,6.7,1.81,130.8,11.5,High
FLD-001300,2023-07-01,2023,7,Saturday,1,1,0,Buayang Bato,Buayang Bato Creek,14.0,310.6,0.591,0.76,34717,18,3.5,52.0,81.5,28.2,67.7,10.0,1.63,63.7,6.1,Low
FLD-001301,2025-04-14,2025,4,Monday,0,0,1,Barangka Ilaya,Pasig River,7.9,138.7,0.53,0.83,39236,19,46.0,134.2,152.8,32.4,68.9,11.5,1.95,192.4,9.1,High
FLD-001302,2026-06-13,2026,6,Saturday,1,1,0,Pag-Asa,Drainage,19.7,648.7,0.648,0.741,24607,11,10.1,144.1,213.4,29.7,68.5,3.2,1.47,4.2,9.2,Low
FLD-001303,2026-05-15,2026,5,Friday,0,1,1,Barangka Ilaya,Pasig River,6.8,139.9,0.457,0.844,35208,24,87.6,100.5,123.0,25.8,88.0,29.1,0.91,219.5,6.9,High
FLD-001304,2024-09-12,2024,9,Thursday,0,1,0,Plainview,Estero,19.1,520.2,0.63,0.682,31190,15,76.9,183.4,352.8,26.8,82.0,9.3,1.08,226.5,11.5,Medium
FLD-001305,2021-02-28,2021,2,Sunday,1,0,0,Bagong Silang,Drainage,19.5,588.4,0.602,0.714,22278,12,8.3,44.5,79.6,31.5,66.3,19.7,1.87,132.5,3.8,Low
FLD-001306,2024-01-02,2024,1,Tuesday,0,0,0,Barangka Ilaya,Pasig River,7.5,157.2,0.474,0.817,36101,21,1.8,30.0,90.6,30.4,71.0,1.7,0.92,109.3,2.5,Medium
FLD-001307,2026-04-14,2026,4,Tuesday,0,0,2,Burol,Drainage,22.4,716.9,0.657,0.661,22522,12,103.5,138.5,234.2,27.4,72.2,25.4,1.2,301.1,12.3,High
FLD-001308,2021-10-08,2021,10,Friday,0,1,0,Barangka Itaas,Pasig River,9.6,305.5,0.555,0.852,34795,14,7.9,118.3,153.8,30.5,69.5,2.5,1.16,141.3,9.8,Medium
FLD-001309,2022-03-21,2022,3,Monday,0,0,0,Old Zañiga,Buhangin Creek,7.2,147.6,0.468,0.734,37599,22,15.0,44.9,90.3,31.5,71.3,4.3,0.67,11.0,6.3,Low
FLD-001310,2025-02-12,2025,2,Wednesday,0,0,0,Malamig,Tributary,20.9,585.2,0.715,0.672,27413,16,0.8,41.7,108.6,34.1,60.9,10.4,0.94,1.6,4.1,Low
FLD-001311,2023-04-01,2023,4,Saturday,1,0,0,Malamig,Tributary,19.7,582.3,0.729,0.678,29771,11,0.4,59.5,342.3,32.8,68.1,6.9,0.32,148.9,5.2,Medium
FLD-001312,2024-06-04,2024,6,Tuesday,0,1,0,Barangka Ilaya,Pasig River,9.1,174.3,0.418,0.815,37602,19,58.6,131.1,290.8,27.2,80.3,2.7,0.59,152.4,7.0,High
FLD-001313,2024-03-11,2024,3,Monday,0,0,0,Malamig,Tributary,19.6,569.1,0.721,0.671,29735,14,2.8,75.1,160.0,30.7,62.5,13.5,0.85,78.0,4.0,Low
FLD-001314,2026-04-10,2026,4,Friday,0,0,1,Mauway,Maytunas Creek,23.5,895.6,0.669,0.647,33437,14,79.0,126.1,186.0,28.9,82.1,5.3,0.85,170.4,8.7,High
FLD-001315,2026-03-10,2026,3,Tuesday,0,0,0,Vergara,Drainage,24.7,791.3,0.735,0.633,20897,6,34.6,112.8,218.7,31.0,64.5,11.4,1.31,109.3,6.7,Medium
FLD-001316,2021-05-01,2021,5,Saturday,1,1,2,Bagong Silang,Drainage,19.3,594.4,0.637,0.775,27917,12,96.7,127.2,172.3,28.9,83.4,25.8,0.96,203.6,12.5,High
FLD-001317,2025-04-03,2025,4,Thursday,0,0,0,Pag-Asa,Drainage,20.1,665.0,0.621,0.746,24855,12,3.4,51.3,253.5,30.8,76.3,0,1.45,1.7,1.2,Low
FLD-001318,2021-09-24,2021,9,Friday,0,1,0,Barangka Ibaba,Pasig River,8.3,46.2,0.454,0.857,39044,19,210.3,222.8,566.2,22.1,95.5,8.9,1.52,464.0,15.6,High
FLD-001319,2023-05-16,2023,5,Tuesday,0,1,1,Hulo,Pasig River,5.8,128.3,0.411,0.861,39189,19,86.2,121.5,189.9,29.4,77.1,11.5,0.88,296.5,9.4,High
FLD-001320,2022-08-26,2022,8,Friday,0,1,0,Barangka Itaas,Pasig River,10.3,269.4,0.573,0.827,36707,15,29.5,67.2,157.6,32.7,72.0,4.4,1.29,9.3,2.0,Low
FLD-001321,2024-04-24,2024,4,Wednesday,0,0,0,Mauway,Maytunas Creek,23.3,854.1,0.652,0.699,36893,14,73.9,123.8,183.1,29.8,75.5,19.7,0.9,64.3,7.6,High
FLD-001322,2024-10-19,2024,10,Saturday,1,1,1,Hagdan Bato Libis,Drainage,16.2,475.3,0.582,0.753,30312,13,24.9,156.0,243.2,28.7,70.7,15.7,0.91,171.6,10.5,Medium
FLD-001323,2025-07-15,2025,7,Tuesday,0,1,2,Harapin ang Bukas,Drainage,16.0,554.5,0.639,0.726,21850,13,85.5,90.9,176.3,27.3,78.2,15.3,0.83,200.9,9.5,Medium
FLD-001324,2021-04-26,2021,4,Monday,0,0,1,Mauway,Maytunas Creek,23.1,887.8,0.719,0.71,40466,12,49.2,59.6,157.1,29.6,76.3,12.4,0.98,137.1,4.1,Medium
FLD-001325,2024-08-22,2024,8,Thursday,0,1,1,Malamig,Tributary,20.8,610.9,0.579,0.678,28241,13,92.5,230.8,386.2,29.2,78.5,7.7,1.7,282.2,16.6,High
FLD-001326,2023-04-03,2023,4,Monday,0,0,0,Hagdan Bato Libis,Drainage,15.7,489.2,0.536,0.726,28417,12,83.5,228.6,279.2,28.4,67.9,6.6,1.51,209.2,10.2,High
FLD-001327,2024-12-12,2024,12,Thursday,0,0,0,Barangka Drive,Pasig River,9.9,213.7,0.46,0.834,37813,15,21.5,49.4,135.1,33.4,62.6,14.3,0.47,102.3,7.3,Medium
FLD-001328,2025-01-21,2025,1,Tuesday,0,0,1,Hagdan Bato Libis,Drainage,15.6,558.2,0.666,0.711,27431,17,28.5,102.5,132.8,31.2,68.0,25.2,0.91,94.2,5.2,High
FLD-001329,2024-03-23,2024,3,Saturday,1,0,0,Hulo,Pasig River,6.8,107.6,0.426,0.837,38116,25,0.2,99.5,171.2,31.3,65.9,14.7,0.81,160.1,7.0,High
FLD-001330,2025-12-13,2025,12,Saturday,1,0,0,Old Zañiga,Buhangin Creek,7.7,157.7,0.498,0.814,35795,23,3.0,102.3,134.2,30.4,63.7,23.1,0.97,98.2,4.6,High
FLD-001331,2022-06-07,2022,6,Tuesday,0,1,0,New Zañiga,Buhangin Creek,6.9,176.7,0.544,0.813,37490,18,7.3,55.0,183.4,29.6,67.7,6.8,1.11,202.1,4.3,Medium
FLD-001332,2024-11-30,2024,11,Saturday,1,1,0,Old Zañiga,Buhangin Creek,7.0,144.5,0.535,0.772,35474,23,23.2,70.9,234.6,27.2,83.9,7.7,1.49,68.6,6.7,Medium
FLD-001333,2025-11-17,2025,11,Monday,0,1,0,Old Zañiga,Buhangin Creek,6.8,203.3,0.481,0.787,35054,18,35.1,124.8,146.4,32.0,77.4,10.9,1.23,129.0,11.2,High
FLD-001334,2022-08-19,2022,8,Friday,0,1,2,Hagdan Bato Itaas,Drainage,22.7,740.2,0.721,0.694,26534,11,134.6,178.7,249.7,27.6,83.0,23.1,1.48,201.5,13.7,High
FLD-001335,2021-10-21,2021,10,Thursday,0,1,0,Poblacion,Buhangin Creek,5.0,68.7,0.414,0.817,44920,15,2.4,86.4,143.9,26.5,68.1,7.7,1.45,121.0,6.1,Medium
FLD-001336,2024-09-28,2024,9,Saturday,1,1,0,Mauway,Maytunas Creek,22.8,868.7,0.673,0.7,41025,11,7.7,54.0,120.9,27.8,74.9,23.4,0.97,119.8,2.1,Low
FLD-001337,2025-03-18,2025,3,Tuesday,0,0,0,Hagdan Bato Libis,Drainage,16.3,521.7,0.603,0.738,33380,14,83.0,125.8,262.5,32.2,75.5,14.4,0.88,204.6,5.2,High
FLD-001338,2023-08-07,2023,8,Monday,0,1,0,Barangka Ilaya,Pasig River,7.5,167.0,0.524,0.781,39747,18,7.8,34.8,137.0,32.5,72.9,11.5,1.23,43.2,4.5,Medium
FLD-001339,2023-08-12,2023,8,Saturday,1,1,0,Harapin ang Bukas,Drainage,16.6,577.4,0.574,0.718,22534,9,2.4,33.7,102.2,30.4,77.3,12.8,1.3,107.5,4.8,Medium
FLD-001340,2026-06-12,2026,6,Friday,0,1,0,San Jose,Drainage,22.4,760.4,0.649,0.635,27803,11,10.5,69.8,246.6,30.7,68.7,17.4,0.9,89.4,3.6,Low
FLD-001341,2024-03-02,2024,3,Saturday,1,0,0,Addition Hills,Maytunas Creek,24.1,989.6,0.663,0.694,45718,13,4.5,72.5,199.1,29.3,56.0,7.5,0.96,50.7,2.7,Low
FLD-001342,2024-04-11,2024,4,Thursday,0,0,2,Pleasant Hills,Ermitaño Creek,25.2,965.8,0.7,0.703,23707,11,63.4,87.4,189.7,27.2,78.8,33.1,0.66,235.3,8.5,Medium
FLD-001343,2022-10-31,2022,10,Monday,0,1,0,Poblacion,Buhangin Creek,5.6,139.8,0.498,0.843,43637,18,4.6,104.5,377.6,31.0,75.8,17.3,1.56,200.1,8.7,Medium
FLD-001344,2021-02-06,2021,2,Saturday,1,0,0,Old Zañiga,Buhangin Creek,7.9,150.9,0.418,0.743,33338,21,10.0,29.0,262.7,28.6,66.2,21.5,1.16,161.3,4.3,Medium
FLD-001345,2025-05-08,2025,5,Thursday,0,1,0,Mabini-J. Rizal,Maytunas Creek,15.8,431.3,0.602,0.721,31329,18,21.5,41.3,254.8,31.9,63.6,9.3,1.44,136.8,5.5,High
FLD-001346,2023-11-28,2023,11,Tuesday,0,1,2,Plainview,Estero,17.8,491.7,0.692,0.794,29736,14,104.0,127.3,346.7,30.0,83.5,19.2,1.23,245.0,8.9,High
FLD-001347,2022-01-05,2022,1,Wednesday,0,0,0,Highway Hills,Maytunas Creek,30.0,899.9,0.712,0.834,40597,7,13.1,34.1,208.8,30.3,52.3,11.9,1.06,45.8,3.1,Medium
FLD-001348,2022-10-01,2022,10,Saturday,1,1,1,Poblacion,Buhangin Creek,4.3,78.6,0.464,0.833,41204,23,107.1,198.1,305.2,27.1,80.1,19.4,1.13,296.5,17.2,High
FLD-001349,2026-06-21,2026,6,Sunday,1,1,0,Barangka Itaas,Pasig River,10.2,217.8,0.548,0.831,34045,16,32.0,66.0,182.0,30.6,81.3,6.4,1.35,129.7,7.8,Medium
FLD-001350,2025-03-10,2025,3,Monday,0,0,0,Barangka Itaas,Pasig River,9.8,230.5,0.478,0.812,34565,18,18.4,38.5,156.9,30.4,64.6,2.9,1.2,46.4,5.3,Medium
FLD-001351,2024-06-22,2024,6,Saturday,1,1,3,Wack-Wack Greenhills East,Drainage,26.9,1180.6,0.876,0.641,17759,12,159.2,180.2,219.4,26.0,91.1,31.6,1.02,269.9,11.8,High
FLD-001352,2024-02-20,2024,2,Tuesday,0,0,0,Bagong Silang,Drainage,17.5,600.5,0.629,0.666,27888,14,28.4,117.7,238.4,31.0,61.4,0.7,0.97,92.7,3.7,High
FLD-001353,2023-05-02,2023,5,Tuesday,0,1,0,Buayang Bato,Buayang Bato Creek,14.2,310.3,0.584,0.777,30344,14,5.3,22.0,140.6,29.1,68.8,1.7,1.61,13.0,2.1,Low
FLD-001354,2022-04-21,2022,4,Thursday,0,0,0,Harapin ang Bukas,Drainage,16.9,565.0,0.616,0.754,19591,14,32.9,51.7,111.4,30.2,72.7,8.3,1.21,120.7,2.7,Medium
FLD-001355,2021-03-19,2021,3,Friday,0,0,0,Old Zañiga,Buhangin Creek,6.3,109.3,0.471,0.722,31354,18,5.5,52.1,201.9,30.6,67.4,14.5,0.77,53.0,7.5,Medium
FLD-001356,2025-12-08,2025,12,Monday,0,0,0,Highway Hills,Maytunas Creek,31.2,894.6,0.744,0.82,44972,10,24.7,30.0,85.9,32.8,68.2,19.5,1.26,1.7,3.5,Low
FLD-001357,2022-03-26,2022,3,Saturday,1,0,0,Barangka Ibaba,Pasig River,7.6,83.4,0.476,0.878,40654,20,0.6,62.7,125.5,31.3,60.1,10.5,1.14,2.3,7.8,Low
FLD-001358,2021-10-04,2021,10,Monday,0,1,0,New Zañiga,Buhangin Creek,6.5,142.2,0.548,0.804,36942,17,28.8,58.5,128.0,28.2,81.5,0.9,1.04,161.8,8.4,High
FLD-001359,2025-02-20,2025,2,Thursday,0,0,1,Plainview,Estero,18.1,474.7,0.661,0.683,29553,7,64.2,71.4,134.7,28.8,66.2,16.8,1.4,253.4,6.4,High
FLD-001360,2022-04-26,2022,4,Tuesday,0,0,0,Pag-Asa,Drainage,20.1,622.8,0.539,0.72,28025,17,72.0,77.4,104.4,30.1,72.5,5.3,0.73,146.9,4.7,High
FLD-001361,2024-04-17,2024,4,Wednesday,0,0,3,Burol,Drainage,20.7,697.3,0.584,0.699,20001,9,189.0,357.4,431.7,28.2,91.6,29.4,0.95,455.0,22.3,High
FLD-001362,2026-02-02,2026,2,Monday,0,0,0,Mauway,Maytunas Creek,21.6,874.4,0.697,0.706,38316,9,6.7,52.5,98.0,30.5,64.5,10.2,1.37,52.4,3.3,Low
FLD-001363,2024-08-26,2024,8,Monday,0,1,1,Hulo,Pasig River,4.8,110.6,0.448,0.949,43485,18,51.9,91.5,196.0,27.7,75.3,16.6,0.88,153.4,10.2,High
FLD-001364,2024-04-19,2024,4,Friday,0,0,0,San Jose,Drainage,21.2,699.9,0.719,0.648,27876,9,6.8,79.1,323.6,31.2,64.7,8.2,0.6,21.1,6.2,Low
FLD-001365,2025-12-23,2025,12,Tuesday,0,0,0,Addition Hills,Maytunas Creek,24.8,968.6,0.683,0.7,46222,10,49.6,78.8,181.9,32.5,64.1,10.4,0.59,139.2,7.3,Medium
FLD-001366,2023-12-28,2023,12,Thursday,0,0,1,Daang Bakal,Maytunas Creek,11.5,387.4,0.549,0.767,30582,17,49.5,174.3,217.5,31.5,82.6,25.8,1.19,217.1,11.4,High
FLD-001367,2021-12-17,2021,12,Friday,0,0,0,Barangka Itaas,Pasig River,9.7,278.0,0.498,0.843,36476,20,5.6,44.8,214.6,32.7,62.0,11.3,1.09,147.2,5.3,Low
FLD-001368,2024-02-22,2024,2,Thursday,0,0,1,Pag-Asa,Drainage,20.4,696.5,0.615,0.742,26543,10,7.7,57.3,150.4,31.7,69.4,19.9,0.84,4.5,2.3,Low
FLD-001369,2022-03-08,2022,3,Tuesday,0,0,0,Pleasant Hills,Ermitaño Creek,24.8,978.5,0.696,0.712,20889,10,6.2,77.3,127.1,31.1,62.7,15.4,1.28,0,2.0,Medium
FLD-001370,2025-02-04,2025,2,Tuesday,0,0,0,Barangka Ilaya,Pasig River,6.9,167.0,0.462,0.84,37438,18,0.5,6.3,160.4,33.9,65.2,28.4,1.17,3.5,2.5,Low
FLD-001371,2025-08-05,2025,8,Tuesday,0,1,0,Malamig,Tributary,20.0,638.4,0.719,0.67,28014,14,2.2,21.2,33.4,31.9,63.8,8.2,0.9,59.3,0.7,Low
FLD-001372,2026-03-31,2026,3,Tuesday,0,0,0,Daang Bakal,Maytunas Creek,12.7,393.7,0.591,0.729,29733,19,2.1,54.4,88.0,30.8,62.8,2.3,0.84,95.1,5.0,Medium
FLD-001373,2024-08-04,2024,8,Sunday,1,1,0,New Zañiga,Buhangin Creek,7.7,144.3,0.503,0.797,38106,17,39.8,83.6,186.0,29.1,75.2,13.8,1.3,140.1,6.7,Medium
FLD-001374,2024-04-22,2024,4,Monday,0,0,1,Addition Hills,Maytunas Creek,24.8,1010.0,0.68,0.751,45220,7,21.8,79.1,209.6,35.0,61.1,8.7,1.2,107.8,8.1,Low
FLD-001375,2025-08-24,2025,8,Sunday,1,1,1,Bagong Silang,Drainage,18.7,587.0,0.681,0.72,30370,8,75.5,281.4,346.7,30.1,84.5,15.5,1.72,221.1,13.9,Medium
FLD-001376,2022-03-24,2022,3,Thursday,0,0,0,Highway Hills,Maytunas Creek,30.6,914.4,0.793,0.749,43096,8,33.6,51.1,212.2,30.6,57.6,16.3,0.85,50.0,1.5,Low
FLD-001377,2026-01-17,2026,1,Saturday,1,0,0,Bagong Silang,Drainage,18.3,615.5,0.636,0.698,27730,14,53.7,72.3,172.9,30.7,65.5,7.2,0.37,63.9,3.9,High
FLD-001378,2022-11-17,2022,11,Thursday,0,1,3,Plainview,Estero,18.1,462.6,0.654,0.692,32337,16,127.2,261.0,605.4,26.8,78.5,27.8,1.39,303.9,14.3,High
FLD-001379,2024-03-02,2024,3,Saturday,1,0,0,Hagdan Bato Libis,Drainage,16.8,506.8,0.637,0.778,32372,16,192.7,280.9,426.7,27.8,80.7,7.3,1.14,351.9,15.9,High
FLD-001380,2022-01-02,2022,1,Sunday,1,0,1,Hagdan Bato Libis,Drainage,16.7,536.7,0.55,0.729,27473,11,41.6,120.6,146.4,29.4,58.4,21.1,0.8,120.8,8.9,Medium
FLD-001381,2023-09-18,2023,9,Monday,0,1,1,Vergara,Drainage,24.3,804.1,0.735,0.692,22105,5,4.3,34.1,82.8,30.7,67.6,15.6,0.78,14.4,5.4,Low
FLD-001382,2024-06-26,2024,6,Wednesday,0,1,0,Bagong Silang,Drainage,18.3,584.0,0.603,0.685,24874,14,50.6,89.7,135.8,27.2,82.6,15.1,1.06,123.1,4.8,Medium
FLD-001383,2026-02-03,2026,2,Tuesday,0,0,1,Plainview,Estero,18.5,537.1,0.62,0.677,29834,9,83.0,118.5,320.9,33.5,71.9,29.4,0.46,193.4,9.5,High
FLD-001384,2024-06-08,2024,6,Saturday,1,1,0,Addition Hills,Maytunas Creek,25.0,981.7,0.692,0.674,44716,3,45.9,165.0,192.0,26.1,73.4,14.6,0.82,96.4,9.2,Medium
FLD-001385,2021-05-14,2021,5,Friday,0,1,0,Poblacion,Buhangin Creek,6.6,150.3,0.49,0.814,40589,22,7.5,94.8,122.9,28.8,76.0,15.7,1.52,77.1,8.3,High
FLD-001386,2026-06-18,2026,6,Thursday,0,1,1,San Jose,Drainage,21.0,735.1,0.712,0.666,29993,11,50.9,196.3,263.4,29.6,91.7,19.1,1.17,201.7,14.5,Medium
FLD-001387,2025-10-29,2025,10,Wednesday,0,1,1,Addition Hills,Maytunas Creek,26.5,1008.3,0.678,0.76,51104,8,60.1,106.7,186.4,27.0,87.9,12.1,1.17,218.7,8.6,Medium
FLD-001388,2021-01-13,2021,1,Wednesday,0,0,0,Mauway,Maytunas Creek,22.3,844.2,0.652,0.659,32631,10,26.6,61.3,190.9,31.3,79.7,24.7,1.13,123.3,7.8,Low
FLD-001389,2025-09-08,2025,9,Monday,0,1,1,Pleasant Hills,Ermitaño Creek,24.8,1022.9,0.734,0.65,28518,5,43.4,109.3,278.2,27.5,86.3,9.3,0.2,89.2,7.5,Medium
FLD-001390,2025-07-07,2025,7,Monday,0,1,2,Wack-Wack Greenhills East,Drainage,28.4,1189.4,0.797,0.617,12000,9,41.8,105.7,296.5,30.5,73.7,56.8,1.43,0.9,5.0,Low
FLD-001391,2023-12-25,2023,12,Monday,0,0,1,Vergara,Drainage,23.4,756.3,0.72,0.632,24794,11,60.2,69.1,97.2,32.9,67.7,12.7,0.93,121.0,5.8,Medium
FLD-001392,2024-08-15,2024,8,Thursday,0,1,0,Burol,Drainage,19.1,648.0,0.694,0.7,19045,21,13.7,66.3,184.1,29.2,70.0,8.9,1.12,11.8,2.7,Low
FLD-001393,2025-06-26,2025,6,Thursday,0,1,1,Mauway,Maytunas Creek,22.4,785.7,0.665,0.677,39402,12,45.7,142.7,247.2,27.4,91.6,8.6,1.37,154.5,7.3,Medium
FLD-001394,2022-02-03,2022,2,Thursday,0,0,1,Hulo,Pasig River,5.4,96.0,0.387,0.892,39695,24,37.2,123.4,167.8,34.1,72.1,9.1,1.07,121.2,11.6,High
FLD-001395,2022-06-07,2022,6,Tuesday,0,1,1,Wack-Wack Greenhills East,Drainage,28.8,1224.4,0.82,0.708,17828,5,54.7,135.2,180.5,28.1,88.1,27.9,0.65,52.2,9.3,High
FLD-001396,2023-06-29,2023,6,Thursday,0,1,0,Malamig,Tributary,19.5,609.3,0.644,0.733,25392,8,0.5,262.7,608.2,29.1,69.9,2.8,1.49,78.3,9.5,Low
FLD-001397,2023-02-20,2023,2,Monday,0,0,0,New Zañiga,Buhangin Creek,7.1,121.2,0.468,0.779,36941,17,8.0,38.2,91.9,31.9,69.9,7.9,0.73,6.1,4.5,Low
FLD-001398,2023-03-15,2023,3,Wednesday,0,0,0,Hulo,Pasig River,6.2,82.5,0.425,0.851,38472,27,6.2,43.5,112.8,32.6,57.8,20.3,1.14,101.0,5.3,Medium
FLD-001399,2023-02-04,2023,2,Saturday,1,0,0,Poblacion,Buhangin Creek,6.6,185.4,0.381,0.824,41051,18,65.7,110.0,158.7,31.7,71.6,2.0,1.4,134.0,10.9,High
FLD-001400,2022-07-05,2022,7,Tuesday,0,1,2,Hulo,Pasig River,6.3,85.9,0.434,0.894,39572,24,22.2,107.0,239.3,29.2,59.3,39.2,1.22,239.0,13.2,High
FLD-001401,2022-06-12,2022,6,Sunday,1,1,0,Barangka Drive,Pasig River,9.6,209.3,0.45,0.811,34782,20,24.2,88.8,148.5,28.8,75.7,6.3,1.37,42.6,6.8,Medium
FLD-001402,2021-04-07,2021,4,Wednesday,0,0,1,Buayang Bato,Buayang Bato Creek,15.0,296.9,0.603,0.794,35517,18,91.2,144.6,361.8,29.7,74.7,20.4,0.49,242.4,9.0,High
FLD-001403,2026-02-27,2026,2,Friday,0,0,0,Barangka Ilaya,Pasig River,9.1,189.7,0.451,0.848,37810,22,2.2,20.4,105.6,30.4,65.9,14.1,0.75,104.8,4.7,Low
FLD-001404,2021-11-10,2021,11,Wednesday,0,1,0,Daang Bakal,Maytunas Creek,10.5,345.5,0.533,0.747,29906,20,9.8,28.2,138.1,30.0,81.7,8.8,1.27,93.7,7.1,Medium
FLD-001405,2025-01-29,2025,1,Wednesday,0,0,0,Vergara,Drainage,24.3,828.5,0.706,0.668,24815,11,7.2,133.3,183.8,32.6,67.5,15.7,1.19,10.3,8.5,Low
FLD-001406,2021-03-29,2021,3,Monday,0,0,0,San Jose,Drainage,21.3,673.8,0.68,0.706,28638,16,3.0,54.3,145.4,28.8,70.0,0,1.45,169.4,1.7,Medium
FLD-001407,2021-04-05,2021,4,Monday,0,0,0,Barangka Drive,Pasig River,9.4,223.9,0.483,0.783,31101,20,17.4,93.1,279.5,33.5,61.8,15.5,0.81,61.6,10.7,Medium
FLD-001408,2022-09-05,2022,9,Monday,0,1,1,Barangka Itaas,Pasig River,10.2,259.2,0.524,0.758,33102,18,63.3,143.8,194.4,29.7,82.4,26.5,1.46,248.8,16.1,High
FLD-001409,2022-07-26,2022,7,Tuesday,0,1,1,Plainview,Estero,18.7,489.4,0.685,0.707,26068,11,6.1,107.9,150.1,28.0,67.7,27.6,0.81,34.2,6.5,Medium
FLD-001410,2025-01-06,2025,1,Monday,0,0,0,Bagong Silang,Drainage,17.4,573.9,0.569,0.677,24643,16,6.1,22.4,77.8,32.2,68.9,1.1,0.92,15.6,3.2,Low
FLD-001411,2025-06-14,2025,6,Saturday,1,1,0,Hulo,Pasig River,6.0,117.3,0.42,0.887,41116,17,20.5,39.1,112.4,29.5,76.4,14.8,1.57,84.5,6.5,Medium
FLD-001412,2022-10-30,2022,10,Sunday,1,1,3,Daang Bakal,Maytunas Creek,11.9,369.7,0.641,0.781,32542,19,116.2,256.0,358.6,26.7,95.8,48.4,1.58,354.2,17.0,High
FLD-001413,2022-12-08,2022,12,Thursday,0,0,1,Barangka Drive,Pasig River,9.2,272.2,0.418,0.852,33600,21,85.5,114.3,230.5,26.6,66.3,8.2,1.47,283.4,11.9,High
FLD-001414,2024-09-30,2024,9,Monday,0,1,0,New Zañiga,Buhangin Creek,8.2,138.0,0.496,0.811,36280,19,4.8,131.6,246.9,29.4,61.1,7.8,1.44,124.3,7.3,High
FLD-001415,2021-05-18,2021,5,Tuesday,0,1,0,Barangka Ibaba,Pasig River,6.0,92.5,0.437,0.921,44581,19,49.0,150.3,169.8,28.4,75.0,4.0,1.53,174.1,10.9,High
FLD-001416,2025-12-07,2025,12,Sunday,1,0,2,Hagdan Bato Libis,Drainage,16.8,488.1,0.635,0.736,34420,16,124.6,131.9,174.9,28.7,80.6,20.4,0.75,329.7,10.9,High
FLD-001417,2024-05-15,2024,5,Wednesday,0,1,0,Mabini-J. Rizal,Maytunas Creek,15.9,491.6,0.594,0.749,32585,15,1.9,9.6,106.7,28.3,75.2,7.9,1.12,8.6,0.6,Low
FLD-001418,2022-02-23,2022,2,Wednesday,0,0,0,Barangka Ilaya,Pasig River,8.2,166.5,0.51,0.813,34680,18,50.3,189.8,670.9,29.3,64.1,21.8,0.76,116.9,9.7,High
FLD-001419,2022-06-22,2022,6,Wednesday,0,1,0,Bagong Silang,Drainage,17.4,592.8,0.658,0.753,24064,15,4.0,78.6,349.7,30.6,70.6,6.7,1.71,49.9,3.5,Medium
FLD-001420,2023-10-10,2023,10,Tuesday,0,1,3,Malamig,Tributary,19.1,587.6,0.691,0.664,27230,13,220.5,229.8,283.8,24.0,100,22.2,1.27,421.3,17.8,High
FLD-001421,2024-11-28,2024,11,Thursday,0,1,0,Malamig,Tributary,20.0,614.3,0.645,0.647,30243,17,16.3,81.1,106.3,31.5,72.1,17.9,1.02,147.6,6.5,Medium
FLD-001422,2022-11-07,2022,11,Monday,0,1,0,Hagdan Bato Libis,Drainage,16.7,495.4,0.592,0.799,27447,14,65.8,113.6,162.0,28.4,85.4,8.5,1.1,19.0,7.0,Low
FLD-001423,2023-10-19,2023,10,Thursday,0,1,2,San Jose,Drainage,22.2,704.4,0.674,0.699,27009,5,101.0,162.2,390.8,27.8,75.7,14.9,1.3,218.3,11.6,High
FLD-001424,2025-06-22,2025,6,Sunday,1,1,0,Buayang Bato,Buayang Bato Creek,13.2,293.5,0.568,0.738,36211,15,14.4,27.3,89.7,29.2,78.5,13.4,1.37,120.3,2.3,Medium
FLD-001425,2025-04-18,2025,4,Friday,0,0,0,Pleasant Hills,Ermitaño Creek,25.8,976.3,0.673,0.7,27298,10,5.9,83.8,288.9,31.0,68.0,7.7,1.29,6.5,3.3,Low
FLD-001426,2022-11-05,2022,11,Saturday,1,1,0,Poblacion,Buhangin Creek,6.9,94.8,0.441,0.836,43027,25,2.5,8.0,277.6,28.2,73.8,4.5,1.57,101.1,5.0,High
FLD-001427,2021-01-11,2021,1,Monday,0,0,0,Old Zañiga,Buhangin Creek,6.4,150.7,0.537,0.777,36676,20,47.8,91.1,199.4,31.6,62.4,3.1,0.79,149.7,5.2,Low
FLD-001428,2025-12-29,2025,12,Monday,0,0,0,Pleasant Hills,Ermitaño Creek,23.6,1014.2,0.693,0.694,28913,9,11.5,16.3,45.3,30.4,72.3,9.8,0.91,0.5,3.4,Low
FLD-001429,2021-03-21,2021,3,Sunday,1,0,0,Barangka Ibaba,Pasig River,6.0,94.9,0.42,0.899,38897,18,6.5,52.6,115.0,30.0,60.5,13.5,0.92,125.0,7.1,High
FLD-001430,2024-02-03,2024,2,Saturday,1,0,1,Barangka Ilaya,Pasig River,8.2,175.9,0.49,0.872,38016,20,144.1,163.2,298.9,27.8,74.8,16.1,0.56,291.5,11.8,High
FLD-001431,2026-06-17,2026,6,Wednesday,0,1,0,Barangka Ilaya,Pasig River,8.9,124.1,0.426,0.855,35068,22,18.4,34.8,129.3,29.6,65.4,11.6,1.14,59.9,7.7,Medium
FLD-001432,2024-04-26,2024,4,Friday,0,0,0,Barangka Itaas,Pasig River,10.6,254.0,0.506,0.84,33028,13,2.6,80.4,226.5,30.7,76.5,8.1,1.66,123.1,4.9,Medium
FLD-001433,2022-12-07,2022,12,Wednesday,0,0,0,Hagdan Bato Libis,Drainage,16.0,472.1,0.618,0.734,29823,13,7.6,39.1,156.4,30.8,68.9,6.1,0.76,101.4,5.3,Low
FLD-001434,2025-07-06,2025,7,Sunday,1,1,1,Buayang Bato,Buayang Bato Creek,12.7,274.0,0.558,0.742,33000,18,26.4,243.6,304.7,28.8,73.3,13.2,0.93,87.1,15.8,High
FLD-001435,2024-04-25,2024,4,Thursday,0,0,0,Malamig,Tributary,20.1,635.1,0.656,0.717,26885,13,7.0,58.3,176.6,30.1,62.6,0.3,0.91,3.0,3.3,Low
FLD-001436,2021-07-05,2021,7,Monday,0,1,0,Hagdan Bato Libis,Drainage,16.5,505.9,0.613,0.724,32695,19,22.6,72.4,157.0,28.1,71.2,4.9,1.29,59.8,4.6,Medium
FLD-001437,2025-05-21,2025,5,Wednesday,0,1,0,Highway Hills,Maytunas Creek,31.8,910.8,0.756,0.783,46845,8,1.5,34.1,134.9,29.4,66.7,3.6,1.06,0.4,1.4,Low
FLD-001438,2021-08-19,2021,8,Thursday,0,1,0,Poblacion,Buhangin Creek,6.5,106.3,0.402,0.81,45090,23,9.2,17.1,38.7,32.8,72.9,13.5,0.96,5.0,4.1,Low
FLD-001439,2022-02-04,2022,2,Friday,0,0,0,Addition Hills,Maytunas Creek,25.5,997.1,0.666,0.735,44384,9,52.7,87.4,264.9,29.8,72.5,14.3,1.41,5.5,4.1,Low
FLD-001440,2024-10-06,2024,10,Sunday,1,1,1,Namayan,Pasig River,6.8,174.3,0.538,0.819,34316,15,89.9,146.4,200.4,27.6,84.8,14.3,1.14,257.3,9.5,High
FLD-001441,2022-04-05,2022,4,Tuesday,0,0,0,Pleasant Hills,Ermitaño Creek,24.9,999.3,0.692,0.689,24879,10,13.0,132.4,205.9,32.6,67.3,13.6,0.61,76.4,8.9,High
FLD-001442,2023-05-24,2023,5,Wednesday,0,1,1,Mauway,Maytunas Creek,25.1,838.8,0.663,0.707,38662,9,64.6,92.4,254.5,28.9,70.7,13.7,1.05,107.0,8.3,High
FLD-001443,2026-03-11,2026,3,Wednesday,0,0,0,Barangka Ibaba,Pasig River,7.4,98.6,0.478,0.843,42019,19,8.9,33.6,140.7,31.2,69.3,0,1.31,81.4,5.7,Low
FLD-001444,2023-04-24,2023,4,Monday,0,0,1,Hulo,Pasig River,6.1,116.8,0.439,0.839,36718,21,109.3,171.1,248.3,27.4,80.1,14.3,0.77,288.9,13.2,High
FLD-001445,2025-08-17,2025,8,Sunday,1,1,0,Harapin ang Bukas,Drainage,16.8,573.7,0.558,0.742,23644,16,10.6,62.9,89.9,28.0,69.0,9.5,1.37,5.5,6.0,Low
FLD-001446,2023-02-24,2023,2,Friday,0,0,2,Plainview,Estero,16.9,518.2,0.68,0.722,31595,13,103.2,130.4,164.0,31.3,67.2,16.9,1.25,227.2,12.0,High
FLD-001447,2025-10-20,2025,10,Monday,0,1,0,Barangka Itaas,Pasig River,9.8,220.6,0.496,0.86,36449,20,121.9,250.4,430.8,28.9,95.8,11.8,1.56,275.6,13.7,High
FLD-001448,2024-09-14,2024,9,Saturday,1,1,0,Daang Bakal,Maytunas Creek,11.3,336.3,0.578,0.782,29950,13,5.9,59.4,343.3,28.7,77.4,1.8,1.11,139.5,7.9,Medium
FLD-001449,2021-01-12,2021,1,Tuesday,0,0,0,San Jose,Drainage,22.5,635.7,0.735,0.725,28350,13,97.2,115.8,173.9,30.2,77.1,7.3,0.8,171.4,7.9,High
FLD-001450,2024-01-14,2024,1,Sunday,1,0,1,Hulo,Pasig River,8.0,103.6,0.429,0.876,42615,20,61.1,94.1,158.9,31.8,81.8,19.0,1.04,202.8,9.6,High
FLD-001451,2022-08-02,2022,8,Tuesday,0,1,0,Old Zañiga,Buhangin Creek,6.7,149.7,0.496,0.743,31835,18,9.3,70.6,236.1,30.3,78.1,10.1,0.6,7.8,3.4,Low
FLD-001452,2024-11-01,2024,11,Friday,0,1,2,Barangka Ibaba,Pasig River,6.0,102.6,0.424,0.89,35775,21,186.3,215.6,353.4,25.4,93.4,43.9,0.84,453.2,18.6,High
FLD-001453,2022-02-17,2022,2,Thursday,0,0,0,Poblacion,Buhangin Creek,6.6,72.2,0.453,0.846,40042,26,13.8,73.5,123.0,29.2,60.8,15.7,1.23,164.2,5.1,Medium
FLD-001454,2023-06-25,2023,6,Sunday,1,1,0,Addition Hills,Maytunas Creek,24.1,1009.4,0.693,0.737,45634,10,28.3,81.3,123.1,26.6,65.0,13.5,0.89,11.0,6.4,Low
FLD-001455,2023-12-22,2023,12,Friday,0,0,1,Mabini-J. Rizal,Maytunas Creek,15.4,461.9,0.612,0.776,29379,14,44.8,49.7,136.8,29.3,57.6,20.2,1.24,43.8,6.7,Medium
FLD-001456,2023-10-12,2023,10,Thursday,0,1,0,Plainview,Estero,18.6,512.6,0.596,0.719,32263,17,58.7,142.7,245.7,26.6,81.0,7.2,1.01,144.5,11.3,Medium
FLD-001457,2024-03-05,2024,3,Tuesday,0,0,1,Vergara,Drainage,23.9,835.8,0.734,0.638,27194,8,76.9,133.3,208.7,30.1,77.4,18.3,1.43,165.6,6.6,Medium
FLD-001458,2021-03-17,2021,3,Wednesday,0,0,0,Hagdan Bato Libis,Drainage,16.1,492.2,0.612,0.774,29526,17,3.5,46.7,99.4,30.7,63.0,11.4,1.48,58.1,3.2,Low
FLD-001459,2022-07-04,2022,7,Monday,0,1,2,Pleasant Hills,Ermitaño Creek,24.5,995.9,0.71,0.681,25929,7,73.3,238.6,313.5,29.7,78.7,27.7,0.74,174.4,13.1,High
FLD-001460,2024-02-19,2024,2,Monday,0,0,1,Addition Hills,Maytunas Creek,24.9,1040.9,0.606,0.721,46646,7,82.3,226.7,297.5,26.7,78.1,15.4,0.96,144.3,13.3,High
FLD-001461,2023-03-09,2023,3,Thursday,0,0,1,Namayan,Pasig River,7.6,143.7,0.52,0.852,35036,19,95.6,111.6,129.8,29.6,81.7,15.9,1.48,257.2,10.5,High
FLD-001462,2023-05-19,2023,5,Friday,0,1,0,Malamig,Tributary,19.9,573.4,0.634,0.686,31338,17,27.9,134.6,166.5,29.1,66.7,3.5,1.21,76.4,7.0,Medium
FLD-001463,2021-03-14,2021,3,Sunday,1,0,0,Poblacion,Buhangin Creek,6.6,107.6,0.469,0.819,42090,20,33.4,63.7,73.6,30.9,63.8,10.4,1.07,151.8,9.7,Medium
FLD-001464,2024-08-14,2024,8,Wednesday,0,1,0,Pag-Asa,Drainage,19.8,688.4,0.58,0.742,16965,11,0.1,63.3,156.1,29.4,71.8,3.0,1.39,8.6,3.8,Low
FLD-001465,2023-02-14,2023,2,Tuesday,0,0,0,Poblacion,Buhangin Creek,5.9,66.0,0.446,0.818,38322,23,41.7,91.0,164.2,31.0,65.9,26.0,1.12,116.8,3.5,High
FLD-001466,2025-12-04,2025,12,Thursday,0,0,0,Bagong Silang,Drainage,18.5,601.1,0.564,0.698,23562,16,7.1,29.9,107.6,29.3,63.3,3.8,0.73,98.6,3.3,Medium
FLD-001467,2022-06-07,2022,6,Tuesday,0,1,1,Mauway,Maytunas Creek,22.9,829.2,0.678,0.725,37333,14,92.2,165.9,211.1,28.6,85.3,17.1,1.11,174.9,13.1,High
FLD-001468,2025-02-15,2025,2,Saturday,1,0,1,Namayan,Pasig River,8.2,136.3,0.525,0.801,32733,23,124.6,173.0,212.3,27.2,81.8,12.2,0.85,235.3,9.0,High
FLD-001469,2022-04-05,2022,4,Tuesday,0,0,0,Hagdan Bato Itaas,Drainage,21.5,765.5,0.715,0.703,30951,14,1.3,26.8,195.1,28.7,60.8,9.3,0.78,2.5,2.4,Low
FLD-001470,2023-10-12,2023,10,Thursday,0,1,3,Hulo,Pasig River,6.6,121.9,0.462,0.883,38864,21,187.6,275.2,384.5,22.6,92.8,23.8,0.99,490.5,19.9,High
FLD-001471,2022-11-23,2022,11,Wednesday,0,1,0,Poblacion,Buhangin Creek,6.4,91.6,0.457,0.843,38708,20,37.0,70.7,111.0,29.6,73.2,5.6,1.59,233.7,6.7,Medium
FLD-001472,2022-07-07,2022,7,Thursday,0,1,2,Hagdan Bato Itaas,Drainage,22.2,793.0,0.704,0.671,25138,13,43.7,96.0,252.7,29.5,75.3,33.2,0.77,122.9,10.1,Medium
FLD-001473,2025-06-30,2025,6,Monday,0,1,0,Addition Hills,Maytunas Creek,25.1,992.5,0.673,0.739,46305,10,3.2,138.4,170.6,31.0,76.1,15.0,1.16,0,7.3,Low
FLD-001474,2022-05-11,2022,5,Wednesday,0,1,0,Burol,Drainage,21.1,693.3,0.643,0.702,25039,12,135.4,163.2,217.4,26.5,90.8,7.6,0.91,236.4,11.0,High
FLD-001475,2025-04-24,2025,4,Thursday,0,0,0,Hulo,Pasig River,6.0,102.2,0.395,0.862,39661,19,48.2,64.3,188.7,28.6,65.5,15.8,1.09,132.0,4.2,High
FLD-001476,2026-03-12,2026,3,Thursday,0,0,0,Namayan,Pasig River,7.9,125.1,0.539,0.844,37348,17,45.2,92.8,151.9,33.6,68.2,0,0.89,142.7,9.3,High
FLD-001477,2025-01-25,2025,1,Saturday,1,0,0,Old Zañiga,Buhangin Creek,6.2,149.7,0.526,0.847,31838,21,30.5,170.3,242.5,31.8,65.6,19.6,1.23,167.9,8.6,High
FLD-001478,2023-05-02,2023,5,Tuesday,0,1,1,Pag-Asa,Drainage,20.4,646.9,0.736,0.688,25502,8,136.1,183.2,258.9,28.5,85.5,6.9,1.92,286.7,15.5,High
FLD-001479,2024-02-05,2024,2,Monday,0,0,0,New Zañiga,Buhangin Creek,6.3,145.9,0.511,0.779,40342,23,49.3,89.8,219.2,32.1,76.7,3.4,0.82,181.9,7.2,High
FLD-001480,2023-09-06,2023,9,Wednesday,0,1,2,Poblacion,Buhangin Creek,6.4,102.5,0.449,0.811,43370,19,76.0,119.5,224.0,28.4,82.3,21.7,1.53,166.6,10.1,High
FLD-001481,2022-01-30,2022,1,Sunday,1,0,0,New Zañiga,Buhangin Creek,7.3,180.9,0.532,0.747,32596,16,13.3,23.0,146.0,33.2,70.0,10.0,1.19,120.0,3.8,Medium
FLD-001482,2023-10-28,2023,10,Saturday,1,1,0,Daang Bakal,Maytunas Creek,11.3,349.1,0.495,0.77,32699,24,1.1,304.9,338.1,28.6,70.2,21.9,1.04,102.6,12.5,Medium
FLD-001483,2023-11-26,2023,11,Sunday,1,1,1,Vergara,Drainage,23.6,780.8,0.778,0.613,25709,12,20.5,160.0,281.8,32.1,78.5,15.3,0.78,14.1,8.1,Low
FLD-001484,2024-11-02,2024,11,Saturday,1,1,2,Daang Bakal,Maytunas Creek,11.1,398.7,0.574,0.796,30522,16,109.9,183.8,381.5,26.5,89.1,24.4,1.12,286.6,13.4,High
FLD-001485,2022-11-17,2022,11,Thursday,0,1,2,Hulo,Pasig River,6.3,152.4,0.442,0.86,40789,19,86.1,167.3,291.3,27.1,78.6,28.3,1.53,235.4,11.2,High
FLD-001486,2022-05-27,2022,5,Friday,0,1,1,Plainview,Estero,18.6,475.9,0.609,0.73,28102,16,29.0,47.1,226.8,31.3,63.8,22.3,1.31,215.4,5.2,Medium
FLD-001487,2023-12-28,2023,12,Thursday,0,0,0,Plainview,Estero,17.6,443.9,0.607,0.696,26683,16,7.0,56.1,143.1,32.6,62.2,3.2,0.98,96.3,4.0,Medium
FLD-001488,2024-08-04,2024,8,Sunday,1,1,2,Vergara,Drainage,25.0,789.2,0.75,0.593,22712,8,178.0,193.3,286.0,25.2,92.5,22.8,0.88,285.1,13.6,High
FLD-001489,2026-05-01,2026,5,Friday,0,1,0,Plainview,Estero,17.3,490.3,0.618,0.758,26690,14,2.4,50.9,122.2,31.9,77.2,3.3,1.5,118.5,4.2,Medium
FLD-001490,2022-12-09,2022,12,Friday,0,0,0,Mabini-J. Rizal,Maytunas Creek,14.0,432.7,0.539,0.712,30850,13,52.7,70.6,233.7,29.3,69.9,1.7,1.01,8.6,4.0,Low
FLD-001491,2023-05-29,2023,5,Monday,0,1,0,Mauway,Maytunas Creek,23.6,882.3,0.631,0.729,35354,14,7.9,14.9,138.5,26.5,83.0,28.1,0.51,4.0,1.6,Low
FLD-001492,2022-08-03,2022,8,Wednesday,0,1,0,Hagdan Bato Itaas,Drainage,22.5,719.3,0.812,0.733,27719,3,27.8,83.5,189.9,29.8,81.4,17.6,1.01,30.0,7.1,Medium
FLD-001493,2026-05-14,2026,5,Thursday,0,1,1,Hulo,Pasig River,6.4,148.4,0.475,0.883,38821,22,65.6,131.3,242.8,28.4,82.6,12.0,1.21,200.9,9.3,High
FLD-001494,2025-03-04,2025,3,Tuesday,0,0,0,Burol,Drainage,20.3,739.1,0.691,0.617,20751,9,44.1,105.8,159.2,31.4,72.3,2.4,0.77,9.0,5.9,Low
FLD-001495,2022-04-18,2022,4,Monday,0,0,2,Hulo,Pasig River,6.6,88.8,0.435,0.833,40022,23,163.6,192.7,328.9,27.5,75.0,19.8,1.33,411.0,14.7,High
FLD-001496,2021-01-17,2021,1,Sunday,1,0,0,Plainview,Estero,18.1,500.9,0.629,0.751,26185,10,10.0,72.3,247.9,32.5,67.8,20.8,0.86,49.7,4.8,Low
FLD-001497,2024-12-09,2024,12,Monday,0,0,0,Highway Hills,Maytunas Creek,30.9,878.5,0.776,0.818,45569,4,11.4,48.2,193.9,29.7,66.2,5.0,1.0,70.7,4.0,Low
FLD-001498,2025-12-17,2025,12,Wednesday,0,0,0,Daang Bakal,Maytunas Creek,13.0,372.0,0.63,0.823,31447,17,15.4,71.8,162.7,30.7,61.6,2.4,1.08,1.0,4.3,Low
FLD-001499,2026-06-11,2026,6,Thursday,0,1,1,Bagong Silang,Drainage,17.8,582.2,0.602,0.738,26298,12,47.0,99.7,151.9,29.0,81.3,7.6,1.38,106.6,7.5,Medium
FLD-001500,2022-10-09,2022,10,Sunday,1,1,2,Barangka Drive,Pasig River,7.9,230.2,0.451,0.828,31971,19,81.3,105.0,262.1,27.6,79.0,27.6,1.09,365.0,10.6,High
FLD-001501,2022-12-29,2022,12,Thursday,0,0,0,Old Zañiga,Buhangin Creek,6.9,139.7,0.541,0.779,37209,21,58.5,109.3,201.5,28.7,72.6,19.3,1.03,129.9,9.1,High
FLD-001502,2022-02-24,2022,2,Thursday,0,0,0,Vergara,Drainage,23.5,794.3,0.709,0.648,22773,13,11.9,171.9,318.3,31.6,69.3,3.0,1.18,80.4,10.4,Medium
FLD-001503,2024-10-02,2024,10,Wednesday,0,1,2,Vergara,Drainage,23.0,804.2,0.677,0.618,28090,11,39.8,47.5,125.0,28.9,76.1,16.2,0.59,175.3,5.1,Low
FLD-001504,2021-05-11,2021,5,Tuesday,0,1,0,Bagong Silang,Drainage,18.4,609.6,0.644,0.674,25879,11,21.2,81.2,318.0,29.4,66.0,0,1.15,10.4,2.6,Low
FLD-001505,2022-05-03,2022,5,Tuesday,0,1,0,Malamig,Tributary,20.5,618.7,0.703,0.635,29035,10,2.8,44.5,120.3,29.8,69.3,8.2,1.16,110.1,8.1,Low
FLD-001506,2023-02-19,2023,2,Sunday,1,0,0,San Jose,Drainage,22.2,716.5,0.743,0.663,26515,7,5.2,60.8,112.9,32.5,71.8,2.2,0.84,7.1,3.9,Low
FLD-001507,2022-08-30,2022,8,Tuesday,0,1,0,Malamig,Tributary,20.8,598.6,0.676,0.74,26247,9,67.8,207.3,354.8,30.1,77.9,0,1.05,156.8,11.5,Medium
FLD-001508,2026-05-25,2026,5,Monday,0,1,2,Buayang Bato,Buayang Bato Creek,13.0,318.5,0.6,0.763,37362,13,173.4,282.5,318.1,27.4,92.2,30.9,1.51,352.3,18.1,High
FLD-001509,2023-07-04,2023,7,Tuesday,0,1,2,Highway Hills,Maytunas Creek,31.0,917.7,0.696,0.775,46192,7,79.7,98.5,357.2,29.1,95.7,19.8,1.05,200.7,7.4,High
FLD-001510,2024-02-16,2024,2,Friday,0,0,1,Plainview,Estero,17.7,551.2,0.638,0.704,26712,12,32.1,93.9,128.1,32.8,70.9,15.3,0.96,156.5,7.6,Medium
FLD-001511,2025-01-22,2025,1,Wednesday,0,0,0,Malamig,Tributary,19.8,613.7,0.614,0.674,28035,16,3.2,40.3,147.4,29.5,68.1,7.8,1.03,86.6,1.1,Low
FLD-001512,2024-02-25,2024,2,Sunday,1,0,0,Old Zañiga,Buhangin Creek,7.4,110.0,0.46,0.785,34808,22,58.6,138.7,171.6,31.3,75.3,8.8,0.77,118.6,8.6,High
FLD-001513,2025-10-05,2025,10,Sunday,1,1,0,Hagdan Bato Itaas,Drainage,22.3,739.4,0.696,0.724,28538,9,38.8,68.8,177.1,28.7,72.0,9.2,0.94,131.7,4.5,Medium
FLD-001514,2025-08-07,2025,8,Thursday,0,1,0,Pleasant Hills,Ermitaño Creek,24.9,1007.9,0.631,0.669,24277,11,22.4,57.3,108.5,31.1,71.6,9.7,0.99,11.1,5.9,Low
FLD-001515,2024-11-21,2024,11,Thursday,0,1,0,Malamig,Tributary,19.4,568.3,0.669,0.743,28988,13,6.3,45.7,114.6,28.2,71.2,0.3,1.28,0.0,0.5,Low
FLD-001516,2025-09-12,2025,9,Friday,0,1,0,Barangka Drive,Pasig River,9.9,158.3,0.501,0.859,36059,16,38.8,72.7,173.6,27.9,68.4,8.1,0.85,17.8,4.8,Low
FLD-001517,2021-05-02,2021,5,Sunday,1,1,0,Hulo,Pasig River,6.8,98.8,0.446,0.863,38648,17,16.5,57.9,137.8,28.6,67.5,6.9,0.7,67.7,6.5,Medium
FLD-001518,2023-06-17,2023,6,Saturday,1,1,0,Pleasant Hills,Ermitaño Creek,26.5,971.0,0.667,0.68,23973,9,6.5,101.2,133.1,29.1,87.1,1.9,1.04,3.3,4.1,Low
FLD-001519,2025-01-16,2025,1,Thursday,0,0,0,Daang Bakal,Maytunas Creek,11.6,395.4,0.565,0.848,30546,16,6.6,70.1,266.6,31.9,63.5,6.2,1.15,5.5,6.2,Low
FLD-001520,2021-08-13,2021,8,Friday,0,1,0,Barangka Ilaya,Pasig River,7.4,182.3,0.487,0.837,37272,18,0.8,222.4,326.5,30.2,77.5,4.9,1.2,116.2,10.9,High
FLD-001521,2022-07-29,2022,7,Friday,0,1,2,Wack-Wack Greenhills East,Drainage,27.7,1187.4,0.838,0.672,17765,5,146.3,213.8,289.5,24.2,99.7,18.4,1.53,284.9,13.5,High
FLD-001522,2021-07-14,2021,7,Wednesday,0,1,0,Barangka Ilaya,Pasig River,8.1,140.3,0.402,0.842,37238,16,3.5,30.4,152.4,28.6,70.6,3.1,0.69,122.1,5.8,Medium
FLD-001523,2026-03-10,2026,3,Tuesday,0,0,2,Old Zañiga,Buhangin Creek,7.4,149.8,0.508,0.784,35681,22,42.4,108.9,157.0,32.0,82.2,22.9,0.86,241.3,12.6,Medium
FLD-001524,2025-06-01,2025,6,Sunday,1,1,0,Daang Bakal,Maytunas Creek,13.0,361.1,0.571,0.744,31967,16,6.5,20.6,74.3,31.8,71.1,15.8,1.7,122.9,2.8,Medium
FLD-001525,2024-02-26,2024,2,Monday,0,0,0,Highway Hills,Maytunas Creek,29.2,855.5,0.743,0.802,43441,5,22.4,92.0,104.1,32.1,66.4,41.1,1.49,76.3,7.2,Low
FLD-001526,2025-10-15,2025,10,Wednesday,0,1,0,Namayan,Pasig River,8.6,125.9,0.495,0.803,34093,14,27.8,108.6,252.0,27.1,73.9,2.6,1.78,105.8,8.6,High
FLD-001527,2024-02-02,2024,2,Friday,0,0,0,Burol,Drainage,20.5,693.4,0.632,0.644,25001,11,1.1,35.0,74.8,31.2,76.7,4.7,1.13,69.5,1.3,Low
FLD-001528,2026-02-23,2026,2,Monday,0,0,0,Burol,Drainage,21.1,698.4,0.658,0.642,21836,13,13.9,35.1,40.5,31.8,65.0,16.4,1.25,91.2,7.0,Low
FLD-001529,2026-04-02,2026,4,Thursday,0,0,2,Mauway,Maytunas Creek,22.3,841.8,0.7,0.731,36160,10,80.6,114.5,144.6,29.6,74.4,24.0,1.21,212.2,9.7,High
FLD-001530,2024-05-15,2024,5,Wednesday,0,1,0,Mabini-J. Rizal,Maytunas Creek,14.1,473.5,0.614,0.748,33347,11,7.5,22.3,73.1,30.4,76.5,10.3,1.59,18.4,3.5,Low
FLD-001531,2022-01-30,2022,1,Sunday,1,0,0,Burol,Drainage,22.3,729.4,0.636,0.656,24135,13,27.7,223.1,316.1,29.2,64.7,2.7,0.67,57.2,11.4,Medium
FLD-001532,2024-12-07,2024,12,Saturday,1,0,0,Addition Hills,Maytunas Creek,24.6,1007.6,0.605,0.666,42940,5,4.0,37.3,110.7,32.7,66.6,19.9,1.01,12.0,3.9,Low
FLD-001533,2026-04-07,2026,4,Tuesday,0,0,0,Barangka Drive,Pasig River,9.3,182.3,0.489,0.831,31558,22,7.5,35.8,99.1,29.4,69.4,13.2,0.9,67.2,3.0,Medium
FLD-001534,2026-01-14,2026,1,Wednesday,0,0,0,Burol,Drainage,20.9,676.7,0.627,0.679,23536,16,15.0,88.7,228.4,29.7,69.4,7.1,0.62,31.9,4.7,Medium
FLD-001535,2025-04-09,2025,4,Wednesday,0,0,1,Wack-Wack Greenhills East,Drainage,27.2,1173.4,0.855,0.635,21235,3,63.7,143.1,279.6,33.0,81.4,5.8,0.42,0,6.8,Low
FLD-001536,2022-03-07,2022,3,Monday,0,0,0,Barangka Ibaba,Pasig River,8.1,79.5,0.404,0.84,42631,25,6.3,49.2,200.6,32.1,66.4,23.4,1.26,167.2,2.3,Medium
FLD-001537,2022-07-14,2022,7,Thursday,0,1,0,Highway Hills,Maytunas Creek,29.1,863.1,0.747,0.813,41915,11,10.2,12.2,144.7,28.9,65.5,16.6,0.95,0,0.5,Medium
FLD-001538,2024-08-10,2024,8,Saturday,1,1,1,Highway Hills,Maytunas Creek,30.4,831.7,0.763,0.823,42763,5,41.9,70.8,318.5,26.9,80.5,13.6,1.34,104.8,6.2,Medium
FLD-001539,2022-04-17,2022,4,Sunday,1,0,0,Plainview,Estero,17.5,513.8,0.65,0.759,29816,15,44.2,65.5,97.0,33.5,75.3,16.3,1.22,91.4,3.0,Medium
FLD-001540,2025-12-12,2025,12,Friday,0,0,0,Pag-Asa,Drainage,20.7,645.6,0.596,0.706,24421,15,11.3,70.2,268.9,33.4,56.6,7.5,0.57,1.8,2.6,Low
FLD-001541,2022-11-02,2022,11,Wednesday,0,1,0,Bagong Silang,Drainage,18.4,594.9,0.637,0.74,25287,14,17.8,45.9,322.6,31.3,66.7,6.8,0.94,20.5,5.4,Low
FLD-001542,2023-12-26,2023,12,Tuesday,0,0,0,Plainview,Estero,17.6,502.9,0.656,0.733,27619,11,2.4,46.9,63.7,29.9,56.9,43.1,0.86,180.4,4.6,Medium
FLD-001543,2021-07-28,2021,7,Wednesday,0,1,0,Wack-Wack Greenhills East,Drainage,28.2,1171.5,0.842,0.684,19748,6,102.9,141.6,375.7,25.0,80.3,0.4,1.1,160.6,5.2,Medium
FLD-001544,2022-03-23,2022,3,Wednesday,0,0,2,Plainview,Estero,17.9,528.2,0.586,0.746,34469,6,58.4,137.9,169.6,31.3,86.5,22.1,0.85,247.3,11.0,Medium
FLD-001545,2023-12-03,2023,12,Sunday,1,0,1,Daang Bakal,Maytunas Creek,12.6,363.2,0.612,0.786,33440,17,66.2,79.8,336.1,31.4,59.6,18.4,1.02,143.5,10.1,Medium
FLD-001546,2021-08-30,2021,8,Monday,0,1,0,Burol,Drainage,21.1,693.5,0.701,0.656,20721,12,17.3,53.6,237.7,29.0,74.8,10.6,1.46,2.1,9.9,Low
FLD-001547,2026-03-01,2026,3,Sunday,1,0,0,Pleasant Hills,Ermitaño Creek,25.3,1017.7,0.636,0.7,25286,7,3.2,107.2,219.2,29.6,69.8,6.3,0.69,0.2,7.1,Low
FLD-001548,2022-09-26,2022,9,Monday,0,1,0,Malamig,Tributary,20.5,558.6,0.692,0.713,25369,10,54.1,109.0,204.8,27.3,76.8,7.1,1.38,57.1,6.5,High
FLD-001549,2024-08-15,2024,8,Thursday,0,1,1,Harapin ang Bukas,Drainage,16.7,578.0,0.596,0.744,21671,13,124.0,169.3,274.6,25.7,85.4,22.2,0.98,288.6,13.5,High
FLD-001550,2025-03-24,2025,3,Monday,0,0,1,Pag-Asa,Drainage,21.2,629.1,0.686,0.769,24699,14,47.7,118.8,470.1,33.9,68.5,16.3,0.85,141.1,9.2,High
FLD-001551,2021-05-24,2021,5,Monday,0,1,1,Plainview,Estero,18.3,495.1,0.619,0.691,31985,20,110.4,113.3,421.1,25.6,83.7,6.5,1.58,257.8,11.8,High
FLD-001552,2023-11-24,2023,11,Friday,0,1,0,Burol,Drainage,21.9,714.0,0.655,0.668,20447,13,8.8,75.2,112.9,30.6,77.2,16.1,1.25,0,3.9,Medium
FLD-001553,2023-08-24,2023,8,Thursday,0,1,2,Hagdan Bato Libis,Drainage,16.5,510.0,0.667,0.75,33360,14,41.4,73.2,247.8,28.5,78.7,34.2,1.22,182.3,9.0,High
FLD-001554,2026-01-10,2026,1,Saturday,1,0,0,Barangka Drive,Pasig River,9.4,238.4,0.525,0.798,38866,20,11.7,43.7,79.2,32.9,59.2,11.2,0.5,87.1,6.1,Low
FLD-001555,2024-10-16,2024,10,Wednesday,0,1,2,Pag-Asa,Drainage,18.6,619.3,0.685,0.716,24989,16,59.5,92.5,383.9,27.6,88.0,32.0,0.63,130.3,9.2,Medium
FLD-001556,2024-04-07,2024,4,Sunday,1,0,0,Plainview,Estero,18.1,454.8,0.606,0.734,33264,13,54.4,152.5,190.0,29.3,65.2,6.7,0.98,120.6,5.2,Medium
FLD-001557,2021-02-09,2021,2,Tuesday,0,0,0,Vergara,Drainage,24.8,804.5,0.71,0.641,24115,6,1.8,48.0,116.4,30.5,62.5,15.8,0.6,5.1,1.3,Low
FLD-001558,2022-11-07,2022,11,Monday,0,1,0,Pleasant Hills,Ermitaño Creek,24.7,1000.2,0.623,0.672,23970,8,4.4,96.3,233.2,28.9,76.5,3.7,1.44,48.1,8.8,Medium
FLD-001559,2021-11-22,2021,11,Monday,0,1,2,Pleasant Hills,Ermitaño Creek,25.0,1029.2,0.747,0.678,22895,6,42.1,109.4,241.3,27.4,72.9,29.2,1.53,219.4,11.5,Medium
FLD-001560,2021-01-07,2021,1,Thursday,0,0,0,New Zañiga,Buhangin Creek,7.7,145.7,0.553,0.767,38061,19,7.7,51.6,111.2,34.2,70.4,4.4,1.01,47.6,5.1,Low
FLD-001561,2022-12-15,2022,12,Thursday,0,0,0,Mauway,Maytunas Creek,22.7,860.0,0.693,0.628,34552,7,55.6,91.0,271.3,31.0,77.0,21.5,1.15,12.1,3.5,Low
FLD-001562,2024-11-02,2024,11,Saturday,1,1,0,Mabini-J. Rizal,Maytunas Creek,14.7,424.1,0.62,0.783,25774,13,28.0,97.4,144.3,27.6,71.0,1.0,0.93,73.7,4.4,Low
FLD-001563,2023-07-22,2023,7,Saturday,1,1,0,Burol,Drainage,20.9,685.9,0.653,0.637,24856,14,7.9,19.4,107.8,31.2,76.3,16.7,1.17,2.3,0.5,Low
FLD-001564,2022-04-16,2022,4,Saturday,1,0,0,Daang Bakal,Maytunas Creek,12.1,340.2,0.584,0.788,33077,17,6.9,49.8,179.2,31.1,58.9,8.5,1.33,4.2,4.8,Low
FLD-001565,2025-11-04,2025,11,Tuesday,0,1,1,Burol,Drainage,21.2,720.9,0.689,0.653,21367,13,50.7,322.3,404.0,28.8,75.6,18.3,1.14,142.7,10.0,High
FLD-001566,2021-07-24,2021,7,Saturday,1,1,0,Poblacion,Buhangin Creek,7.3,96.6,0.386,0.894,41240,22,5.7,58.6,137.2,31.1,71.0,12.0,1.16,112.1,8.5,Medium
FLD-001567,2022-09-15,2022,9,Thursday,0,1,0,Hulo,Pasig River,5.9,98.3,0.381,0.871,41172,26,13.2,39.4,212.3,28.9,71.4,13.7,0.56,91.1,4.7,High
FLD-001568,2026-03-31,2026,3,Tuesday,0,0,0,Pleasant Hills,Ermitaño Creek,25.8,975.4,0.675,0.665,28242,10,120.4,186.0,255.5,31.3,80.8,8.4,1.24,159.2,12.0,High
FLD-001569,2022-04-25,2022,4,Monday,0,0,3,Hagdan Bato Libis,Drainage,16.4,489.7,0.639,0.729,26882,9,79.3,100.1,103.2,28.2,80.8,38.2,0.64,271.9,9.6,High
FLD-001570,2023-03-27,2023,3,Monday,0,0,0,New Zañiga,Buhangin Creek,6.9,150.5,0.528,0.821,41028,18,20.1,65.0,102.7,33.9,68.7,3.8,1.4,174.4,5.4,Medium
FLD-001571,2021-09-23,2021,9,Thursday,0,1,0,Buayang Bato,Buayang Bato Creek,13.4,319.6,0.589,0.746,35659,17,25.8,157.6,248.1,25.8,81.1,1.1,1.78,120.6,7.6,Medium
FLD-001572,2022-09-19,2022,9,Monday,0,1,1,Burol,Drainage,20.8,730.6,0.642,0.729,19364,16,133.4,200.1,293.4,27.4,88.7,10.0,0.66,288.2,13.0,High
FLD-001573,2022-12-25,2022,12,Sunday,1,0,1,Bagong Silang,Drainage,17.5,575.4,0.638,0.65,26488,12,165.2,259.1,462.4,28.3,88.8,13.9,0.78,343.0,17.8,High
FLD-001574,2024-03-13,2024,3,Wednesday,0,0,2,Old Zañiga,Buhangin Creek,7.5,140.3,0.454,0.797,35225,16,106.8,136.9,186.1,30.8,87.0,20.4,1.23,238.9,11.5,High
FLD-001575,2024-12-03,2024,12,Tuesday,0,0,0,New Zañiga,Buhangin Creek,7.6,129.4,0.546,0.776,34759,18,23.5,97.3,145.4,29.3,69.2,4.8,0.59,78.1,3.7,Medium
FLD-001576,2025-07-14,2025,7,Monday,0,1,0,Old Zañiga,Buhangin Creek,6.4,125.5,0.521,0.841,35983,18,3.0,59.0,84.0,28.5,78.3,11.8,1.18,9.5,3.9,Low
FLD-001577,2024-01-17,2024,1,Wednesday,0,0,3,San Jose,Drainage,22.0,687.9,0.728,0.708,28677,10,163.8,178.5,216.6,27.2,81.1,26.1,1.52,383.8,15.1,High
FLD-001578,2026-02-24,2026,2,Tuesday,0,0,0,Old Zañiga,Buhangin Creek,7.9,145.6,0.487,0.813,39261,19,79.4,143.1,206.5,31.4,72.9,1.6,1.44,273.1,10.2,High
FLD-001579,2023-11-01,2023,11,Wednesday,0,1,0,Mauway,Maytunas Creek,23.6,842.6,0.687,0.703,37412,11,62.9,96.6,375.3,28.2,85.8,6.3,1.25,80.9,5.2,Medium
FLD-001580,2026-03-27,2026,3,Friday,0,0,0,Hagdan Bato Libis,Drainage,15.3,466.9,0.543,0.709,31488,16,0.9,5.7,56.4,33.8,57.9,4.1,1.17,128.6,0.5,Low
FLD-001581,2025-04-17,2025,4,Thursday,0,0,0,Poblacion,Buhangin Creek,6.3,120.0,0.452,0.851,39104,17,2.9,150.0,405.0,30.8,74.0,23.8,0.84,58.6,10.2,High
FLD-001582,2022-03-16,2022,3,Wednesday,0,0,1,Wack-Wack Greenhills East,Drainage,27.5,1208.8,0.846,0.659,18578,7,58.1,118.8,153.0,30.3,67.6,31.5,0.6,153.9,9.6,Medium
FLD-001583,2021-02-09,2021,2,Tuesday,0,0,0,Bagong Silang,Drainage,18.3,647.0,0.562,0.626,25334,9,0.5,83.1,158.2,33.0,68.2,5.5,0.88,2.8,3.5,Low
FLD-001584,2024-11-27,2024,11,Wednesday,0,1,2,Barangka Itaas,Pasig River,10.3,274.2,0.558,0.737,34367,22,161.1,268.3,310.4,25.5,75.6,28.0,1.34,340.4,15.4,High
FLD-001585,2022-11-26,2022,11,Saturday,1,1,0,Mabini-J. Rizal,Maytunas Creek,15.6,477.5,0.611,0.7,27981,14,17.0,40.2,50.9,30.2,71.0,0,1.25,42.3,5.4,Low
FLD-001586,2025-11-06,2025,11,Thursday,0,1,1,Barangka Ilaya,Pasig River,7.9,134.2,0.465,0.868,38853,16,152.2,188.9,397.2,28.2,85.2,17.3,1.21,368.1,14.0,High
FLD-001587,2024-10-30,2024,10,Wednesday,0,1,0,Daang Bakal,Maytunas Creek,11.6,339.4,0.609,0.774,26139,15,1.4,60.8,110.7,30.5,69.8,13.7,1.12,111.8,4.4,Medium
FLD-001588,2025-09-17,2025,9,Wednesday,0,1,0,Pleasant Hills,Ermitaño Creek,25.6,948.2,0.714,0.69,24980,9,10.1,93.1,314.2,31.0,70.2,7.9,1.56,8.0,4.0,Low
FLD-001589,2024-02-27,2024,2,Tuesday,0,0,0,Addition Hills,Maytunas Creek,26.0,970.5,0.679,0.702,43635,9,10.1,41.5,158.5,32.3,59.0,10.1,1.26,51.0,0.5,Medium
FLD-001590,2025-05-30,2025,5,Friday,0,1,0,Daang Bakal,Maytunas Creek,11.9,386.6,0.559,0.759,28690,16,5.3,144.1,164.2,30.3,77.8,7.0,1.45,77.2,6.6,Medium
FLD-001591,2021-04-17,2021,4,Saturday,1,0,1,Plainview,Estero,18.7,512.1,0.623,0.731,27925,15,16.0,89.7,154.0,34.4,61.2,20.4,1.25,0.4,5.1,Low
FLD-001592,2022-08-15,2022,8,Monday,0,1,0,Namayan,Pasig River,9.3,161.6,0.519,0.791,31451,24,8.2,173.5,347.1,28.7,62.5,5.7,1.26,71.7,9.3,High
FLD-001593,2025-01-20,2025,1,Monday,0,0,1,Barangka Ilaya,Pasig River,6.7,152.0,0.468,0.858,36361,19,97.4,102.4,201.6,29.0,73.2,15.1,0.93,268.5,12.9,High
FLD-001594,2025-09-15,2025,9,Monday,0,1,0,Malamig,Tributary,20.6,623.8,0.694,0.692,27350,14,3.8,30.6,178.3,29.7,72.4,27.5,1.68,99.8,4.2,Medium
FLD-001595,2026-04-22,2026,4,Wednesday,0,0,0,Old Zañiga,Buhangin Creek,6.1,174.8,0.483,0.775,38051,25,86.5,111.0,226.0,30.7,71.3,25.9,0.93,187.0,9.5,High
FLD-001596,2022-12-27,2022,12,Tuesday,0,0,0,Barangka Ilaya,Pasig River,7.2,155.6,0.565,0.921,41048,16,52.3,104.3,179.0,32.0,70.3,8.4,0.86,133.7,7.5,Medium
FLD-001597,2026-04-25,2026,4,Saturday,1,0,2,New Zañiga,Buhangin Creek,6.7,154.7,0.557,0.818,33626,21,110.0,210.7,305.0,28.6,72.9,12.6,1.66,296.7,14.6,High
FLD-001598,2024-07-22,2024,7,Monday,0,1,0,Harapin ang Bukas,Drainage,16.2,592.0,0.635,0.767,23415,18,4.0,46.8,214.3,26.1,78.6,5.4,1.61,67.0,7.4,Low
FLD-001599,2021-08-13,2021,8,Friday,0,1,2,Namayan,Pasig River,8.1,126.0,0.512,0.856,29442,21,155.7,205.3,292.5,24.4,97.7,53.1,1.19,348.8,13.9,High
FLD-001600,2022-11-09,2022,11,Wednesday,0,1,0,Hagdan Bato Libis,Drainage,15.1,483.7,0.621,0.782,27196,19,66.0,90.8,151.0,27.5,78.6,11.2,1.3,170.2,7.2,Medium
FLD-001601,2024-06-12,2024,6,Wednesday,0,1,0,Barangka Ibaba,Pasig River,6.9,49.7,0.36,0.906,39275,22,15.4,101.6,225.5,28.6,74.7,9.1,0.8,146.8,6.8,Medium
FLD-001602,2022-11-12,2022,11,Saturday,1,1,0,Malamig,Tributary,19.9,618.5,0.615,0.688,31736,11,0.9,66.7,340.4,32.1,65.5,6.7,1.71,7.0,8.1,Low
FLD-001603,2025-01-26,2025,1,Sunday,1,0,0,Hulo,Pasig River,7.0,68.6,0.49,0.864,39696,20,8.1,110.2,226.5,34.5,71.9,7.9,1.12,89.4,5.3,Medium
FLD-001604,2026-04-18,2026,4,Saturday,1,0,0,Pag-Asa,Drainage,20.8,620.3,0.634,0.748,25031,12,21.8,131.5,183.9,30.9,67.2,10.2,1.06,88.3,5.8,High
FLD-001605,2025-07-28,2025,7,Monday,0,1,0,Pag-Asa,Drainage,21.2,622.1,0.677,0.714,22700,12,1.8,77.4,304.7,31.2,79.1,14.5,1.18,98.2,6.2,Low
FLD-001606,2022-07-19,2022,7,Tuesday,0,1,1,Barangka Ilaya,Pasig River,8.1,220.3,0.489,0.85,37174,17,165.8,171.8,241.5,25.5,84.6,14.7,0.82,280.8,12.4,High
FLD-001607,2023-12-11,2023,12,Monday,0,0,0,Pag-Asa,Drainage,19.6,632.9,0.59,0.748,22877,16,33.8,59.9,110.5,29.6,62.4,10.7,1.46,25.0,7.5,Medium
FLD-001608,2021-06-27,2021,6,Sunday,1,1,0,Hagdan Bato Itaas,Drainage,22.6,762.4,0.709,0.611,27406,10,5.7,20.2,172.1,28.0,73.5,10.2,1.29,1.8,3.0,Low
FLD-001609,2025-11-01,2025,11,Saturday,1,1,0,Old Zañiga,Buhangin Creek,6.9,192.5,0.506,0.843,33473,21,7.8,245.4,266.7,29.7,77.1,7.7,0.98,88.1,12.4,High
FLD-001610,2025-10-09,2025,10,Thursday,0,1,1,New Zañiga,Buhangin Creek,7.3,124.6,0.495,0.785,36825,23,38.7,148.1,228.2,28.8,70.3,15.5,1.41,154.8,10.0,Medium
FLD-001611,2021-06-22,2021,6,Tuesday,0,1,1,Wack-Wack Greenhills East,Drainage,27.3,1203.9,0.799,0.697,19609,1,48.4,73.5,199.5,27.6,80.9,24.8,1.39,122.9,7.3,Low
FLD-001612,2025-07-10,2025,7,Thursday,0,1,3,Hagdan Bato Itaas,Drainage,21.2,727.2,0.714,0.668,23498,6,124.5,189.5,305.1,26.0,85.4,36.4,1.21,215.6,15.0,High
FLD-001613,2023-12-11,2023,12,Monday,0,0,0,Highway Hills,Maytunas Creek,29.7,914.4,0.778,0.812,45697,12,9.4,34.5,98.2,30.8,64.5,5.7,0.79,0.9,1.8,Low
FLD-001614,2025-08-29,2025,8,Friday,0,1,1,Mabini-J. Rizal,Maytunas Creek,15.1,444.4,0.606,0.677,32715,16,77.1,116.0,318.1,27.1,90.0,13.7,1.82,216.1,11.3,High
FLD-001615,2022-03-25,2022,3,Friday,0,0,0,Hagdan Bato Itaas,Drainage,22.3,746.6,0.682,0.665,29576,11,12.3,57.1,130.1,34.4,75.7,2.8,1.53,15.8,4.3,Low
FLD-001616,2025-10-24,2025,10,Friday,0,1,1,Barangka Itaas,Pasig River,9.4,277.7,0.505,0.795,36336,16,12.7,51.5,148.8,27.5,80.7,28.4,1.55,73.4,8.3,High
FLD-001617,2021-11-05,2021,11,Friday,0,1,0,Addition Hills,Maytunas Creek,23.5,1030.2,0.649,0.727,49027,10,21.2,83.3,128.9,30.5,74.2,6.6,0.49,9.1,4.4,Low
FLD-001618,2021-08-06,2021,8,Friday,0,1,3,Hulo,Pasig River,6.2,132.9,0.395,0.857,42475,16,197.6,264.3,591.6,26.0,100,24.7,1.43,557.6,19.6,High
FLD-001619,2026-06-27,2026,6,Saturday,1,1,2,Hagdan Bato Itaas,Drainage,21.3,766.0,0.691,0.666,29851,13,38.5,88.7,247.1,26.0,68.7,23.4,1.06,90.0,8.3,Medium
FLD-001620,2021-04-09,2021,4,Friday,0,0,0,Barangka Ilaya,Pasig River,8.4,115.9,0.464,0.849,37987,20,43.5,72.3,142.1,28.3,72.8,8.6,0.29,166.8,2.3,Medium
FLD-001621,2021-05-02,2021,5,Sunday,1,1,2,Poblacion,Buhangin Creek,6.7,108.1,0.491,0.819,45292,19,26.6,43.6,242.2,31.6,77.2,22.7,1.76,146.3,7.5,High
FLD-001622,2022-03-08,2022,3,Tuesday,0,0,0,Highway Hills,Maytunas Creek,30.6,885.2,0.703,0.803,39557,16,24.5,71.7,153.2,32.7,72.3,8.4,0.42,0.5,1.8,Low
FLD-001623,2022-04-26,2022,4,Tuesday,0,0,3,Barangka Ilaya,Pasig River,7.5,105.3,0.51,0.842,35508,17,122.0,204.5,404.9,26.2,70.4,32.5,1.23,310.9,14.2,High
FLD-001624,2023-11-20,2023,11,Monday,0,1,0,Hagdan Bato Libis,Drainage,15.8,538.6,0.626,0.729,30425,10,9.3,101.2,179.2,31.1,66.1,22.2,1.33,106.4,6.3,Low
FLD-001625,2023-07-17,2023,7,Monday,0,1,0,Hulo,Pasig River,6.6,70.5,0.492,0.868,35325,20,1.2,79.4,288.4,30.9,72.1,1.7,1.22,165.5,7.3,Medium
FLD-001626,2023-06-29,2023,6,Thursday,0,1,1,Plainview,Estero,17.4,513.3,0.609,0.75,33464,13,122.2,140.9,271.3,28.5,88.0,19.6,1.58,222.8,6.7,High
FLD-001627,2023-04-18,2023,4,Tuesday,0,0,1,Buayang Bato,Buayang Bato Creek,14.5,280.1,0.486,0.781,32291,19,57.6,63.7,152.7,32.2,66.6,10.5,1.21,198.7,5.3,High
FLD-001628,2026-01-01,2026,1,Thursday,0,0,0,Harapin ang Bukas,Drainage,16.5,507.3,0.616,0.782,26867,6,19.5,61.4,112.6,31.3,75.5,10.4,0.9,2.5,3.8,Low
FLD-001629,2024-03-01,2024,3,Friday,0,0,1,Plainview,Estero,19.1,494.2,0.681,0.718,31346,10,42.0,57.6,189.1,30.8,64.9,21.4,1.2,161.1,3.7,High
FLD-001630,2024-09-04,2024,9,Wednesday,0,1,0,Hagdan Bato Itaas,Drainage,22.0,737.6,0.661,0.684,31830,14,42.5,135.6,248.7,25.0,75.0,13.2,0.86,94.8,8.2,Medium
FLD-001631,2022-01-19,2022,1,Wednesday,0,0,0,Poblacion,Buhangin Creek,6.1,98.0,0.522,0.88,39189,15,0.5,63.5,291.1,33.1,64.0,14.5,1.63,102.1,5.8,High
FLD-001632,2026-05-23,2026,5,Saturday,1,1,0,Barangka Drive,Pasig River,9.7,189.6,0.504,0.83,32546,18,6.6,87.1,128.9,29.3,76.8,4.2,0.97,105.6,9.4,High
FLD-001633,2023-06-29,2023,6,Thursday,0,1,1,Hagdan Bato Libis,Drainage,16.5,523.1,0.633,0.703,29928,11,73.1,116.4,212.0,29.3,80.2,16.0,1.17,137.6,9.2,Medium
FLD-001634,2022-01-09,2022,1,Sunday,1,0,0,Highway Hills,Maytunas Creek,31.3,914.0,0.731,0.793,43912,15,27.3,105.6,144.1,32.5,72.5,34.1,0.2,0.2,7.0,Low
FLD-001635,2021-11-15,2021,11,Monday,0,1,0,Daang Bakal,Maytunas Creek,11.9,325.3,0.581,0.747,31012,18,0.1,61.8,237.7,27.3,81.1,10.4,1.38,149.9,8.2,Medium
FLD-001636,2021-05-24,2021,5,Monday,0,1,0,Highway Hills,Maytunas Creek,29.3,898.8,0.806,0.78,46315,10,12.2,164.9,244.7,30.5,78.2,8.0,1.03,1.7,5.7,Low
FLD-001637,2026-04-18,2026,4,Saturday,1,0,0,Hagdan Bato Libis,Drainage,15.9,484.6,0.636,0.758,31838,10,11.5,97.5,120.4,31.0,63.7,13.3,0.97,98.3,3.8,Low
FLD-001638,2025-09-25,2025,9,Thursday,0,1,1,Addition Hills,Maytunas Creek,25.9,1016.5,0.676,0.715,45359,12,95.1,247.3,366.5,28.3,79.9,15.5,1.15,231.3,13.1,High
FLD-001639,2021-04-15,2021,4,Thursday,0,0,2,Plainview,Estero,20.0,479.2,0.679,0.718,30601,14,60.7,110.7,229.4,30.1,76.6,20.3,0.7,156.2,5.3,High
FLD-001640,2022-06-24,2022,6,Friday,0,1,3,Addition Hills,Maytunas Creek,25.2,989.8,0.677,0.738,45529,12,231.3,303.2,551.2,25.4,100,38.2,1.37,458.4,19.9,High
FLD-001641,2023-02-07,2023,2,Tuesday,0,0,0,Mauway,Maytunas Creek,22.4,890.8,0.657,0.759,35248,14,66.6,193.9,358.0,31.0,80.3,10.3,0.72,66.5,9.6,Medium
FLD-001642,2024-08-24,2024,8,Saturday,1,1,0,Buayang Bato,Buayang Bato Creek,14.5,339.2,0.528,0.746,33461,16,30.7,65.3,142.8,28.7,86.5,10.3,0.83,44.3,9.4,Medium
FLD-001643,2021-03-02,2021,3,Tuesday,0,0,0,Poblacion,Buhangin Creek,7.1,73.0,0.509,0.861,39972,16,68.1,96.7,136.9,27.9,83.8,4.6,1.08,215.5,7.4,Low
FLD-001644,2023-10-30,2023,10,Monday,0,1,0,Highway Hills,Maytunas Creek,30.2,932.6,0.761,0.757,39003,8,2.9,157.9,508.8,29.3,66.2,5.6,1.26,9.9,7.6,Low
FLD-001645,2024-10-31,2024,10,Thursday,0,1,1,Burol,Drainage,19.7,722.8,0.683,0.686,23859,12,39.4,91.1,171.0,28.5,74.2,13.7,0.71,159.7,8.7,Medium
FLD-001646,2024-05-14,2024,5,Tuesday,0,1,1,Plainview,Estero,17.3,472.8,0.648,0.755,28072,7,88.6,174.3,280.8,26.1,74.7,27.5,1.23,222.6,14.1,High
FLD-001647,2022-07-26,2022,7,Tuesday,0,1,0,Poblacion,Buhangin Creek,5.9,56.3,0.462,0.839,43341,23,4.2,127.7,153.1,29.4,81.3,3.2,1.19,116.2,5.0,High
FLD-001648,2024-08-10,2024,8,Saturday,1,1,3,Buayang Bato,Buayang Bato Creek,13.8,340.9,0.593,0.73,35518,13,167.7,253.6,331.8,25.0,81.3,34.4,1.6,458.7,18.7,High
FLD-001649,2024-02-18,2024,2,Sunday,1,0,0,New Zañiga,Buhangin Creek,7.0,164.5,0.509,0.811,30773,19,16.0,81.0,129.4,31.8,55.4,13.5,1.09,180.2,7.1,Medium
FLD-001650,2025-10-13,2025,10,Monday,0,1,0,Poblacion,Buhangin Creek,6.7,90.8,0.441,0.816,41737,19,5.9,101.6,125.3,27.9,59.8,16.1,0.87,84.2,6.8,High
FLD-001651,2024-01-31,2024,1,Wednesday,0,0,0,Addition Hills,Maytunas Creek,24.8,1013.6,0.664,0.723,46787,13,11.4,25.5,61.4,31.5,67.0,13.4,0.87,7.9,5.0,Low
FLD-001652,2023-05-20,2023,5,Saturday,1,1,1,Barangka Ibaba,Pasig River,7.8,49.8,0.499,0.898,42046,16,164.5,352.3,397.2,26.1,91.3,8.2,1.08,425.1,19.1,High
FLD-001653,2025-12-23,2025,12,Tuesday,0,0,0,Pag-Asa,Drainage,19.6,662.4,0.71,0.684,22989,13,3.9,27.4,55.7,31.9,58.0,6.3,0.95,7.9,3.4,Low
FLD-001654,2021-01-08,2021,1,Friday,0,0,1,Barangka Itaas,Pasig River,10.3,272.1,0.534,0.756,35487,16,49.3,160.1,183.4,27.1,70.9,27.0,1.25,163.9,12.2,High
FLD-001655,2026-03-15,2026,3,Sunday,1,0,0,Pag-Asa,Drainage,21.7,692.8,0.628,0.711,26685,9,5.1,61.4,136.3,29.3,60.2,36.8,1.21,59.8,4.9,Low
FLD-001656,2023-04-20,2023,4,Thursday,0,0,1,Plainview,Estero,17.8,509.3,0.658,0.723,30403,5,31.3,77.4,278.1,31.6,72.0,24.2,0.71,108.7,4.7,Medium
FLD-001657,2024-06-04,2024,6,Tuesday,0,1,0,Old Zañiga,Buhangin Creek,5.8,201.4,0.521,0.822,37971,19,5.5,41.7,302.8,31.6,78.6,7.3,0.97,132.5,2.3,Medium
FLD-001658,2024-04-04,2024,4,Thursday,0,0,0,Plainview,Estero,17.8,476.9,0.639,0.722,25795,13,62.3,65.3,138.1,31.9,80.3,10.9,0.83,119.9,5.7,Medium
FLD-001659,2021-10-31,2021,10,Sunday,1,1,0,Barangka Drive,Pasig River,8.3,229.0,0.52,0.835,32475,21,3.2,139.6,199.5,30.2,66.4,5.4,1.21,117.0,7.5,Medium
FLD-001660,2024-06-18,2024,6,Tuesday,0,1,0,San Jose,Drainage,22.0,720.6,0.718,0.665,24461,8,76.9,225.2,433.4,26.7,89.2,39.4,1.49,173.3,11.0,High
FLD-001661,2025-06-09,2025,6,Monday,0,1,1,Highway Hills,Maytunas Creek,30.0,900.8,0.751,0.806,41747,13,34.1,110.8,425.9,27.8,76.6,11.1,1.73,123.8,7.1,High
FLD-001662,2022-04-21,2022,4,Thursday,0,0,0,Pag-Asa,Drainage,19.6,685.3,0.66,0.734,24618,12,50.5,62.2,97.1,30.4,73.7,3.4,0.66,68.5,4.7,Medium
FLD-001663,2023-11-07,2023,11,Tuesday,0,1,1,Malamig,Tributary,19.2,577.1,0.661,0.653,23752,10,53.5,65.7,164.5,31.3,92.9,29.1,1.48,69.9,0.5,High
FLD-001664,2024-09-09,2024,9,Monday,0,1,1,Mauway,Maytunas Creek,22.9,846.3,0.702,0.709,38433,9,61.1,88.6,100.2,28.2,82.3,16.4,1.46,239.2,7.3,Medium
FLD-001665,2023-08-17,2023,8,Thursday,0,1,0,Pag-Asa,Drainage,20.9,636.8,0.597,0.707,25582,15,22.5,27.7,168.2,29.2,60.2,2.9,1.29,41.8,3.2,Medium
FLD-001666,2026-02-22,2026,2,Sunday,1,0,0,Vergara,Drainage,23.9,793.8,0.685,0.698,23887,11,2.3,54.4,94.8,32.7,57.2,2.4,1.4,40.3,3.1,Low
FLD-001667,2026-05-12,2026,5,Tuesday,0,1,0,Highway Hills,Maytunas Creek,30.3,928.1,0.723,0.764,43913,4,11.6,90.2,382.9,28.0,77.8,1.0,1.02,4.8,6.6,Low
FLD-001668,2021-08-13,2021,8,Friday,0,1,1,Mabini-J. Rizal,Maytunas Creek,15.8,457.6,0.633,0.761,33905,15,91.3,145.5,225.4,28.4,80.8,20.0,1.03,209.9,9.8,High
FLD-001669,2026-04-02,2026,4,Thursday,0,0,0,Addition Hills,Maytunas Creek,24.8,1009.6,0.653,0.667,46791,9,39.8,54.2,157.5,31.6,72.2,8.9,1.09,130.8,5.7,Medium
FLD-001670,2024-02-28,2024,2,Wednesday,0,0,3,Namayan,Pasig River,9.6,157.9,0.508,0.874,35466,18,106.7,119.0,156.2,29.4,81.3,27.7,0.29,306.1,10.0,High
FLD-001671,2021-09-25,2021,9,Saturday,1,1,0,Highway Hills,Maytunas Creek,30.9,898.6,0.701,0.751,38729,13,2.5,47.8,130.2,28.4,76.3,5.2,1.18,3.9,3.3,Low
FLD-001672,2021-07-22,2021,7,Thursday,0,1,0,Namayan,Pasig River,9.2,166.7,0.514,0.806,31317,14,5.4,63.6,232.3,30.0,72.4,20.5,0.91,126.7,8.3,Medium
FLD-001673,2024-10-25,2024,10,Friday,0,1,1,Pleasant Hills,Ermitaño Creek,23.2,1026.3,0.73,0.67,25747,13,34.2,109.5,327.5,27.3,75.0,11.4,0.46,4.2,6.6,Low
FLD-001674,2025-09-09,2025,9,Tuesday,0,1,0,Mabini-J. Rizal,Maytunas Creek,15.2,429.7,0.605,0.691,32891,12,3.4,36.1,81.2,29.9,82.2,13.2,1.16,52.6,1.2,Low
FLD-001675,2024-03-26,2024,3,Tuesday,0,0,1,Barangka Ibaba,Pasig River,6.3,70.2,0.469,0.86,39926,17,79.8,102.6,203.3,31.9,76.8,7.6,1.01,231.1,7.3,High
FLD-001676,2026-05-18,2026,5,Monday,0,1,0,Poblacion,Buhangin Creek,6.1,88.4,0.471,0.803,43615,18,7.9,57.5,216.4,29.0,83.2,14.1,1.18,76.3,6.8,Medium
FLD-001677,2023-05-24,2023,5,Wednesday,0,1,0,Addition Hills,Maytunas Creek,25.1,972.1,0.701,0.698,48857,11,28.0,53.7,147.2,31.3,77.1,7.5,1.21,24.2,5.3,Low
FLD-001678,2024-05-25,2024,5,Saturday,1,1,0,Pleasant Hills,Ermitaño Creek,25.1,997.1,0.75,0.694,26771,10,51.8,136.2,251.0,26.4,83.1,6.8,1.41,141.8,3.6,Medium
FLD-001679,2022-07-11,2022,7,Monday,0,1,1,New Zañiga,Buhangin Creek,6.3,135.3,0.454,0.764,37120,19,137.0,374.0,686.1,25.7,99.4,19.8,1.69,309.6,20.1,High
FLD-001680,2022-03-13,2022,3,Sunday,1,0,1,Malamig,Tributary,20.3,611.4,0.635,0.692,28846,12,196.4,267.4,469.8,27.2,78.4,19.7,0.67,327.0,12.9,High
FLD-001681,2024-12-02,2024,12,Monday,0,0,0,Hagdan Bato Libis,Drainage,15.8,491.5,0.638,0.661,29690,12,31.9,50.7,106.0,30.8,69.8,14.8,0.97,107.8,5.5,Medium
FLD-001682,2022-11-20,2022,11,Sunday,1,1,0,Hagdan Bato Itaas,Drainage,22.7,718.2,0.673,0.694,24901,9,19.5,102.0,216.0,28.6,77.9,4.0,0.91,104.5,3.3,Low
FLD-001683,2021-04-25,2021,4,Sunday,1,0,2,Hulo,Pasig River,6.0,99.1,0.459,0.851,40193,16,159.0,177.1,252.0,27.7,83.5,31.7,1.36,431.5,13.0,High
FLD-001684,2025-07-30,2025,7,Wednesday,0,1,0,Pleasant Hills,Ermitaño Creek,24.0,1000.7,0.729,0.738,26079,13,1.9,24.2,106.1,30.4,72.9,14.1,1.24,7.1,4.0,Low
FLD-001685,2022-07-13,2022,7,Wednesday,0,1,0,Hagdan Bato Itaas,Drainage,22.5,727.0,0.676,0.672,28553,8,24.1,93.1,220.3,30.8,68.0,9.6,1.31,0.4,3.2,Low
FLD-001686,2021-09-25,2021,9,Saturday,1,1,0,Highway Hills,Maytunas Creek,29.7,873.0,0.759,0.767,41772,8,4.0,69.0,136.2,27.5,73.0,20.5,1.47,67.3,4.9,Low
FLD-001687,2022-04-22,2022,4,Friday,0,0,2,Mabini-J. Rizal,Maytunas Creek,15.7,464.7,0.639,0.714,30453,21,145.4,234.2,279.1,29.2,85.7,18.6,1.15,304.2,12.5,High
FLD-001688,2025-08-22,2025,8,Friday,0,1,0,Wack-Wack Greenhills East,Drainage,27.0,1193.5,0.794,0.671,17851,8,7.8,72.3,206.6,30.6,69.7,6.0,1.25,0.3,7.5,Low
FLD-001689,2021-07-20,2021,7,Tuesday,0,1,0,Highway Hills,Maytunas Creek,29.0,920.6,0.732,0.782,41226,16,7.3,21.4,317.7,29.5,70.9,5.1,1.3,11.7,3.0,Low
FLD-001690,2024-07-10,2024,7,Wednesday,0,1,0,Barangka Ilaya,Pasig River,7.7,177.3,0.429,0.819,37819,16,21.8,51.3,147.3,28.1,76.3,0.5,1.02,120.8,2.5,Medium
FLD-001691,2021-07-01,2021,7,Thursday,0,1,0,Malamig,Tributary,20.3,603.3,0.568,0.675,30628,12,4.0,12.3,121.9,32.2,72.6,12.6,1.17,15.3,3.7,Low
FLD-001692,2021-08-28,2021,8,Saturday,1,1,1,Vergara,Drainage,24.2,830.9,0.683,0.606,24682,11,43.7,80.4,245.0,28.1,69.9,33.1,1.52,194.5,6.9,Medium
FLD-001693,2024-06-27,2024,6,Thursday,0,1,0,Namayan,Pasig River,8.4,168.2,0.496,0.807,30208,21,0.7,109.1,165.1,28.6,69.8,17.9,1.51,153.3,8.1,Medium
FLD-001694,2021-12-30,2021,12,Thursday,0,0,1,Pag-Asa,Drainage,20.1,633.1,0.612,0.732,27268,16,312.3,438.0,628.4,22,100,6.4,1.05,503.3,24.5,High
FLD-001695,2026-04-22,2026,4,Wednesday,0,0,0,Poblacion,Buhangin Creek,6.5,113.5,0.418,0.8,45142,19,59.8,96.1,135.5,31.4,63.6,12.3,1.5,258.1,7.5,High
FLD-001696,2021-07-09,2021,7,Friday,0,1,0,Mabini-J. Rizal,Maytunas Creek,15.5,405.9,0.626,0.724,29401,18,22.3,91.9,248.4,27.6,77.5,7.4,0.78,83.3,7.8,High
FLD-001697,2022-10-14,2022,10,Friday,0,1,0,Bagong Silang,Drainage,17.3,579.6,0.563,0.747,27577,14,13.4,67.7,146.2,31.0,77.3,9.6,0.82,11.9,4.0,Medium
FLD-001698,2024-04-16,2024,4,Tuesday,0,0,0,Hulo,Pasig River,5.7,117.3,0.451,0.833,38017,17,11.9,23.7,80.9,31.5,65.9,2.5,0.86,5.1,3.8,Low
FLD-001699,2021-05-27,2021,5,Thursday,0,1,0,Wack-Wack Greenhills East,Drainage,28.4,1175.8,0.811,0.625,22125,6,27.9,62.1,175.2,26.1,79.8,16.9,1.18,97.1,5.0,Low
FLD-001700,2021-04-25,2021,4,Sunday,1,0,1,Wack-Wack Greenhills East,Drainage,27.8,1193.4,0.857,0.696,18950,8,64.3,81.3,128.2,28.1,84.8,25.7,0.65,144.1,7.3,Medium
FLD-001701,2022-03-29,2022,3,Tuesday,0,0,0,Hagdan Bato Libis,Drainage,15.4,520.2,0.627,0.738,29300,16,3.7,45.0,114.4,31.1,66.2,5.3,1.24,1.3,0.5,Low
FLD-001702,2021-03-18,2021,3,Thursday,0,0,0,Bagong Silang,Drainage,16.9,552.7,0.64,0.744,24973,13,3.2,64.6,111.6,31.8,62.0,9.8,0.86,1.8,1.2,Low
FLD-001703,2021-01-15,2021,1,Friday,0,0,0,Mauway,Maytunas Creek,22.7,818.9,0.655,0.686,36844,13,5.1,24.9,133.1,30.9,76.0,21.7,0.74,3.1,3.1,Low
FLD-001704,2023-10-30,2023,10,Monday,0,1,1,Pleasant Hills,Ermitaño Creek,25.0,968.7,0.664,0.656,27946,12,58.8,126.0,225.1,26.5,79.2,12.6,0.74,135.6,6.4,High
FLD-001705,2021-01-04,2021,1,Monday,0,0,0,Burol,Drainage,21.2,689.1,0.617,0.629,21281,15,4.6,54.0,210.1,33.5,65.8,19.3,1.27,48.3,2.2,Medium
FLD-001706,2021-11-13,2021,11,Saturday,1,1,0,Barangka Ilaya,Pasig River,8.2,100.9,0.512,0.846,35571,21,2.7,238.4,442.7,30.2,75.1,7.4,1.35,86.5,12.0,Medium
FLD-001707,2022-03-22,2022,3,Tuesday,0,0,0,Barangka Ibaba,Pasig River,6.1,90.9,0.429,0.856,38000,21,63.7,113.7,232.0,29.3,65.3,5.7,1.12,210.9,8.1,Medium
FLD-001708,2024-04-06,2024,4,Saturday,1,0,1,Pleasant Hills,Ermitaño Creek,25.4,997.4,0.757,0.676,24348,12,17.2,23.1,101.6,28.5,61.0,24.4,0.88,57.2,1.3,Low
FLD-001709,2026-01-14,2026,1,Wednesday,0,0,2,Vergara,Drainage,22.8,831.2,0.74,0.642,22759,9,81.5,100.4,240.3,30.0,76.1,34.5,1.36,205.8,5.6,High
FLD-001710,2025-10-07,2025,10,Tuesday,0,1,2,Hagdan Bato Itaas,Drainage,21.3,714.5,0.704,0.691,28468,10,80.4,200.2,321.8,27.4,79.9,17.9,1.25,165.1,10.7,High
FLD-001711,2023-06-08,2023,6,Thursday,0,1,2,Bagong Silang,Drainage,18.3,593.4,0.634,0.72,24625,12,29.8,47.0,155.0,30.6,69.5,20.9,1.29,153.8,6.2,Medium
FLD-001712,2024-01-03,2024,1,Wednesday,0,0,1,Vergara,Drainage,24.3,737.5,0.736,0.671,27503,4,39.1,65.1,104.6,29.2,72.7,14.8,0.76,87.3,6.3,Low
FLD-001713,2024-06-03,2024,6,Monday,0,1,0,Hulo,Pasig River,5.0,144.8,0.43,0.861,37422,12,3.9,61.9,141.5,30.7,68.6,5.5,1.48,156.8,6.2,Medium
FLD-001714,2025-07-16,2025,7,Wednesday,0,1,0,Wack-Wack Greenhills East,Drainage,28.8,1251.2,0.814,0.648,16962,6,29.6,119.8,216.4,29.4,73.5,5.1,1.34,71.0,4.6,Medium
FLD-001715,2024-09-16,2024,9,Monday,0,1,0,Mabini-J. Rizal,Maytunas Creek,14.4,445.3,0.584,0.687,27165,19,61.9,121.7,178.4,24.4,79.4,9.9,1.48,144.2,7.5,High
FLD-001716,2022-12-11,2022,12,Sunday,1,0,0,Hagdan Bato Itaas,Drainage,22.5,745.3,0.783,0.62,26213,7,2.0,41.8,163.1,31.9,73.5,10.3,0.72,58.8,2.7,Low
FLD-001717,2025-04-08,2025,4,Tuesday,0,0,1,Namayan,Pasig River,7.1,151.5,0.511,0.824,36168,14,115.5,132.0,178.3,29.3,74.7,18.6,0.84,225.6,13.2,High
FLD-001718,2025-02-16,2025,2,Sunday,1,0,1,Barangka Itaas,Pasig River,9.3,266.2,0.545,0.799,36366,14,87.7,166.9,189.2,28.1,80.5,6.8,1.12,221.5,10.6,High
FLD-001719,2022-03-23,2022,3,Wednesday,0,0,0,Hagdan Bato Itaas,Drainage,21.6,712.9,0.754,0.657,26888,9,5.6,21.3,198.7,31.0,62.2,12.9,1.69,43.2,1.2,Low
FLD-001720,2021-11-27,2021,11,Saturday,1,1,0,Barangka Ibaba,Pasig River,7.5,52.1,0.437,0.897,42632,26,32.6,89.5,200.0,31.2,71.3,14.5,1.18,97.2,5.8,High
FLD-001721,2025-07-20,2025,7,Sunday,1,1,0,Wack-Wack Greenhills East,Drainage,28.7,1239.6,0.833,0.645,19644,3,26.6,66.7,142.1,28.8,73.4,12.1,1.3,60.8,4.4,Medium
FLD-001722,2024-04-21,2024,4,Sunday,1,0,1,Malamig,Tributary,20.6,585.0,0.708,0.623,32388,9,136.2,138.4,174.4,27.6,86.9,9.9,0.95,252.7,10.7,High
FLD-001723,2021-01-16,2021,1,Saturday,1,0,0,Hagdan Bato Libis,Drainage,15.2,527.7,0.596,0.747,30480,11,83.9,160.2,248.9,29.1,80.8,0,1.21,187.4,9.3,High
FLD-001724,2025-07-21,2025,7,Monday,0,1,2,New Zañiga,Buhangin Creek,7.2,143.7,0.517,0.791,35087,18,70.6,157.2,250.5,29.1,85.8,31.8,1.16,229.2,11.3,High
FLD-001725,2024-02-14,2024,2,Wednesday,0,0,2,Malamig,Tributary,19.8,591.4,0.675,0.719,27747,15,42.9,71.0,192.7,31.6,73.5,20.5,0.74,117.2,3.8,Medium
FLD-001726,2024-12-14,2024,12,Saturday,1,0,0,Pag-Asa,Drainage,19.5,667.4,0.655,0.659,25482,14,14.3,86.8,124.6,30.0,58.6,15.8,0.8,97.8,7.5,Low
FLD-001727,2022-02-02,2022,2,Wednesday,0,0,0,Hulo,Pasig River,6.5,82.6,0.37,0.858,36087,16,13.5,32.2,128.4,30.6,68.5,8.2,0.61,6.3,5.6,Low
FLD-001728,2022-07-20,2022,7,Wednesday,0,1,0,Addition Hills,Maytunas Creek,24.8,1013.9,0.687,0.73,45432,11,51.5,177.4,304.4,29.8,77.9,4.6,1.09,25.4,9.7,Medium
FLD-001729,2026-02-28,2026,2,Saturday,1,0,0,Hagdan Bato Libis,Drainage,16.5,465.4,0.606,0.756,29367,17,10.0,52.2,430.5,28.5,56.6,3.8,0.98,143.4,8.6,Medium
FLD-001730,2023-04-25,2023,4,Tuesday,0,0,0,Hulo,Pasig River,6.0,46.5,0.454,0.823,38697,22,37.3,77.3,150.7,29.2,78.1,2.3,1.47,93.5,3.2,High
FLD-001731,2021-11-18,2021,11,Thursday,0,1,0,New Zañiga,Buhangin Creek,7.5,136.8,0.518,0.802,37110,19,2.6,75.0,234.8,32.4,70.2,20.1,1.6,89.1,2.0,High
FLD-001732,2023-03-25,2023,3,Saturday,1,0,0,Mauway,Maytunas Creek,23.3,868.7,0.637,0.719,36893,10,0.8,18.0,58.8,28.4,74.7,40.8,1.62,72.5,2.3,Medium
FLD-001733,2021-07-17,2021,7,Saturday,1,1,0,Wack-Wack Greenhills East,Drainage,29.1,1194.7,0.832,0.65,19745,8,2.5,23.3,100.1,30.4,76.0,17.8,1.21,0.3,3.7,Low
FLD-001734,2022-01-05,2022,1,Wednesday,0,0,0,Daang Bakal,Maytunas Creek,12.8,369.7,0.583,0.785,34591,18,0.5,72.7,390.2,33.9,67.1,13.4,0.57,109.4,7.2,Low
FLD-001735,2021-09-21,2021,9,Tuesday,0,1,1,Pag-Asa,Drainage,20.0,684.6,0.694,0.769,23685,10,71.4,111.5,267.8,30.3,82.4,20.1,1.15,136.1,7.1,High
FLD-001736,2025-05-01,2025,5,Thursday,0,1,0,Bagong Silang,Drainage,17.9,620.5,0.605,0.767,27971,16,8.0,289.6,396.9,29.3,76.0,0.6,1.17,145.5,14.1,Medium
FLD-001737,2021-01-25,2021,1,Monday,0,0,0,Pag-Asa,Drainage,21.0,659.3,0.647,0.717,23327,11,25.7,43.9,153.7,28.6,63.5,13.1,1.21,101.8,5.1,Medium
FLD-001738,2021-02-25,2021,2,Thursday,0,0,1,Wack-Wack Greenhills East,Drainage,27.4,1210.9,0.81,0.642,17876,3,10.7,56.3,178.4,30.2,68.8,12.5,0.76,2.9,7.6,Low
FLD-001739,2026-04-15,2026,4,Wednesday,0,0,0,Malamig,Tributary,20.4,570.9,0.65,0.725,28680,14,2.3,6.9,76.5,33.1,62.9,6.3,1.18,72.1,3.2,Low
FLD-001740,2026-05-23,2026,5,Saturday,1,1,1,Barangka Drive,Pasig River,8.8,226.1,0.562,0.815,31525,19,39.5,64.7,221.4,26.9,82.6,23.5,0.79,187.1,5.7,High
FLD-001741,2023-10-29,2023,10,Sunday,1,1,0,Highway Hills,Maytunas Creek,30.3,936.9,0.733,0.757,45398,11,4.7,61.6,323.4,30.4,84.1,11.0,1.11,49.1,4.1,Low
FLD-001742,2026-03-17,2026,3,Tuesday,0,0,3,Mauway,Maytunas Creek,23.5,814.7,0.676,0.655,37930,10,162.3,218.8,254.9,29.1,79.8,51.0,1.24,360.6,15.1,High
FLD-001743,2023-05-04,2023,5,Thursday,0,1,0,Mauway,Maytunas Creek,22.5,827.0,0.615,0.711,36489,12,2.8,28.2,134.8,31.0,71.9,1.0,1.11,14.9,2.6,Low
FLD-001744,2021-04-15,2021,4,Thursday,0,0,1,Harapin ang Bukas,Drainage,17.8,557.3,0.557,0.739,21368,17,11.1,93.2,197.0,32.4,67.8,13.0,1.82,159.7,7.8,Medium
FLD-001745,2026-01-15,2026,1,Thursday,0,0,1,Mauway,Maytunas Creek,22.3,841.4,0.678,0.714,40621,9,82.0,158.8,255.8,29.1,83.7,11.1,0.67,152.5,10.8,High
FLD-001746,2025-11-22,2025,11,Saturday,1,1,2,Pleasant Hills,Ermitaño Creek,23.7,984.3,0.663,0.678,24367,8,69.6,110.9,268.4,25.0,81.3,25.8,1.13,185.9,6.7,High
FLD-001747,2022-04-22,2022,4,Friday,0,0,0,Pag-Asa,Drainage,21.3,620.2,0.666,0.706,23374,8,8.9,21.0,90.1,33.5,69.6,8.4,1.04,1.5,5.3,Low
FLD-001748,2023-09-19,2023,9,Tuesday,0,1,2,Burol,Drainage,21.7,676.2,0.63,0.689,19466,8,75.1,87.1,172.6,26.5,79.4,26.0,1.25,248.9,7.7,Medium
FLD-001749,2024-10-21,2024,10,Monday,0,1,0,Namayan,Pasig River,8.0,168.9,0.492,0.82,33970,16,55.2,82.0,209.5,29.2,82.9,6.0,1.28,127.5,7.6,High
FLD-001750,2023-02-25,2023,2,Saturday,1,0,1,Barangka Ilaya,Pasig River,8.7,133.1,0.561,0.839,35476,18,94.1,139.9,200.2,31.2,77.5,19.3,1.45,285.4,12.9,High
FLD-001751,2022-02-26,2022,2,Saturday,1,0,0,Barangka Drive,Pasig River,9.3,245.3,0.504,0.795,35722,20,5.0,131.4,263.5,30.5,68.6,9.5,1.01,140.0,7.9,Medium
FLD-001752,2025-05-17,2025,5,Saturday,1,1,2,Barangka Ibaba,Pasig River,7.2,54.4,0.44,0.878,41233,17,41.3,237.3,357.7,29.6,78.6,17.4,0.75,212.4,13.5,High
FLD-001753,2023-05-20,2023,5,Saturday,1,1,0,Vergara,Drainage,23.8,780.9,0.719,0.678,23605,15,25.1,63.8,111.6,27.8,68.4,2.7,1.18,3.3,0.5,Low
FLD-001754,2024-04-28,2024,4,Sunday,1,0,1,Mauway,Maytunas Creek,23.0,787.1,0.714,0.74,37291,13,103.2,121.1,302.4,27.2,76.5,7.5,0.77,230.6,4.5,High
FLD-001755,2024-03-19,2024,3,Tuesday,0,0,0,New Zañiga,Buhangin Creek,6.9,196.6,0.453,0.755,34538,21,6.5,49.8,122.6,33.3,63.3,4.5,1.14,140.3,7.0,Medium
FLD-001756,2021-06-28,2021,6,Monday,0,1,0,Hulo,Pasig River,5.6,128.3,0.38,0.858,33158,19,32.0,57.8,79.6,27.3,85.8,31.8,0.93,101.4,6.6,High
FLD-001757,2025-07-06,2025,7,Sunday,1,1,0,Burol,Drainage,21.9,702.7,0.65,0.683,20847,14,4.6,49.0,82.0,25.7,84.4,13.7,1.61,10.1,0.5,Low
FLD-001758,2022-04-14,2022,4,Thursday,0,0,0,Barangka Ilaya,Pasig River,8.2,131.9,0.501,0.846,34586,12,10.5,107.3,162.6,30.6,63.0,14.1,1.63,15.4,6.9,Medium
FLD-001759,2025-12-23,2025,12,Tuesday,0,0,1,San Jose,Drainage,21.6,704.2,0.653,0.669,25535,9,206.5,277.2,460.5,30.2,70.4,24.9,1.25,366.9,17.0,High
FLD-001760,2023-06-27,2023,6,Tuesday,0,1,0,Barangka Itaas,Pasig River,10.8,268.2,0.538,0.84,33508,14,27.5,165.1,256.6,27.9,73.5,20.7,0.67,69.4,7.8,Medium
FLD-001761,2026-03-26,2026,3,Thursday,0,0,2,Mauway,Maytunas Creek,23.3,876.5,0.657,0.706,37841,13,31.5,95.7,202.8,31.0,63.7,14.6,1.12,138.8,8.0,Medium
FLD-001762,2023-01-24,2023,1,Tuesday,0,0,0,Addition Hills,Maytunas Creek,24.7,993.5,0.677,0.782,47438,6,4.6,53.4,102.6,32.3,63.3,3.4,0.96,14.2,1.4,Low
FLD-001763,2023-11-25,2023,11,Saturday,1,1,0,Daang Bakal,Maytunas Creek,11.6,284.6,0.569,0.762,35589,20,8.1,90.8,510.4,29.1,64.5,27.6,1.26,86.1,6.3,High
FLD-001764,2024-01-04,2024,1,Thursday,0,0,0,Hagdan Bato Libis,Drainage,15.4,457.2,0.601,0.737,26526,14,48.6,76.2,133.4,29.0,69.5,5.4,1.19,177.7,5.3,Medium
FLD-001765,2021-04-08,2021,4,Thursday,0,0,2,Daang Bakal,Maytunas Creek,12.2,336.7,0.563,0.71,32213,19,55.9,82.2,116.5,29.5,67.8,37.0,1.13,152.8,6.5,High
FLD-001766,2023-11-03,2023,11,Friday,0,1,0,Poblacion,Buhangin Creek,6.6,80.1,0.388,0.807,43540,21,5.0,86.7,304.4,28.0,72.5,29.2,0.75,78.9,5.5,Low
FLD-001767,2021-09-27,2021,9,Monday,0,1,0,Plainview,Estero,17.0,513.5,0.671,0.763,28828,11,6.9,163.6,181.0,31.0,78.3,11.2,1.26,12.7,9.8,Low
FLD-001768,2024-05-04,2024,5,Saturday,1,1,1,Vergara,Drainage,24.3,757.4,0.773,0.624,23363,10,79.8,205.3,292.6,30.4,91.4,29.0,0.84,132.9,10.0,High
FLD-001769,2025-05-03,2025,5,Saturday,1,1,0,Daang Bakal,Maytunas Creek,12.8,317.6,0.613,0.724,31972,16,5.6,51.5,123.0,29.4,63.2,6.7,1.2,80.4,6.4,Low
FLD-001770,2026-01-11,2026,1,Sunday,1,0,0,Barangka Ilaya,Pasig River,8.6,191.2,0.5,0.826,39900,17,8.6,21.8,47.8,32.2,62.9,29.9,1.25,35.7,0.8,Medium
FLD-001771,2024-11-22,2024,11,Friday,0,1,1,Daang Bakal,Maytunas Creek,12.3,334.9,0.549,0.764,29583,21,100.4,158.0,244.9,28.1,88.8,17.1,1.23,197.0,10.8,High
FLD-001772,2022-06-15,2022,6,Wednesday,0,1,1,Hulo,Pasig River,6.5,123.3,0.441,0.873,36404,21,37.9,50.4,112.1,26.8,77.0,18.7,1.09,110.3,7.5,High
FLD-001773,2022-10-05,2022,10,Wednesday,0,1,2,Barangka Drive,Pasig River,9.5,185.4,0.493,0.769,32118,24,265.9,298.1,387.3,22.5,93.9,26.6,1.3,585.8,17.0,High
FLD-001774,2025-03-05,2025,3,Wednesday,0,0,0,Buayang Bato,Buayang Bato Creek,14.7,293.1,0.578,0.756,31765,15,2.0,87.4,200.9,32.2,61.3,5.8,1.37,2.6,5.2,Low
FLD-001775,2021-04-03,2021,4,Saturday,1,0,0,Barangka Ilaya,Pasig River,8.2,99.5,0.533,0.835,34038,19,31.6,57.4,91.4,32.7,64.8,2.6,1.06,174.0,8.1,Medium
FLD-001776,2023-01-19,2023,1,Thursday,0,0,0,Malamig,Tributary,19.2,612.6,0.712,0.709,27200,7,19.4,27.6,88.2,32.5,60.3,8.9,0.52,0.6,1.3,Low
FLD-001777,2022-10-22,2022,10,Saturday,1,1,0,Addition Hills,Maytunas Creek,24.4,944.9,0.665,0.696,47901,14,18.3,29.9,98.9,32.8,72.4,16.6,1.09,2.9,4.2,Low
FLD-001778,2023-01-19,2023,1,Thursday,0,0,0,Barangka Ibaba,Pasig River,6.1,119.6,0.425,0.85,41918,15,31.5,61.3,147.2,28.1,59.3,5.8,0.89,16.0,1.6,Low
FLD-001779,2022-02-22,2022,2,Tuesday,0,0,0,Plainview,Estero,19.7,476.7,0.614,0.688,27011,15,50.1,86.9,163.4,30.8,77.3,3.8,1.04,11.5,6.0,Low
FLD-001780,2022-08-23,2022,8,Tuesday,0,1,0,Barangka Ibaba,Pasig River,6.0,101.5,0.488,0.911,36352,17,3.3,40.8,56.7,29.4,65.2,6.7,1.25,92.5,4.7,High
FLD-001781,2022-12-15,2022,12,Thursday,0,0,2,Mauway,Maytunas Creek,24.0,832.7,0.623,0.719,38237,11,203.4,327.2,365.1,29.2,93.2,24.8,1.17,329.9,18.5,High
FLD-001782,2023-08-14,2023,8,Monday,0,1,0,Malamig,Tributary,19.2,613.2,0.679,0.758,29294,9,2.7,83.8,93.3,29.0,76.5,10.8,1.44,68.3,4.5,Medium
FLD-001783,2021-02-18,2021,2,Thursday,0,0,0,Barangka Ibaba,Pasig River,6.6,67.4,0.485,0.933,39890,26,53.4,59.8,66.6,29.8,68.4,4.6,1.07,190.2,9.2,High
FLD-001784,2025-04-10,2025,4,Thursday,0,0,1,Wack-Wack Greenhills East,Drainage,27.8,1157.9,0.918,0.608,18079,8,38.8,114.4,183.2,30.7,70.8,11.5,1.56,93.2,5.0,Low
FLD-001785,2021-07-13,2021,7,Tuesday,0,1,0,Hulo,Pasig River,5.7,107.6,0.422,0.814,41885,19,5.7,22.0,122.1,28.1,70.0,15.2,0.69,99.5,8.4,Medium
FLD-001786,2023-01-31,2023,1,Tuesday,0,0,0,Poblacion,Buhangin Creek,5.9,70.6,0.415,0.798,37243,17,22.2,93.6,158.6,32.9,63.7,8.8,0.77,160.1,3.9,Medium
FLD-001787,2022-07-03,2022,7,Sunday,1,1,2,Old Zañiga,Buhangin Creek,7.6,135.9,0.427,0.794,35569,14,75.1,101.1,281.4,28.1,76.5,13.7,0.77,274.7,11.8,High
FLD-001788,2024-11-04,2024,11,Monday,0,1,0,Harapin ang Bukas,Drainage,17.6,577.8,0.612,0.754,22064,13,13.7,64.3,428.2,29.1,85.0,12.8,1.12,142.3,7.1,Medium
FLD-001789,2024-10-29,2024,10,Tuesday,0,1,0,Barangka Drive,Pasig River,7.6,196.1,0.468,0.839,30782,21,11.6,72.1,141.5,29.9,78.7,14.1,1.26,138.9,6.8,Medium
FLD-001790,2021-04-13,2021,4,Tuesday,0,0,2,Buayang Bato,Buayang Bato Creek,12.7,322.9,0.582,0.768,35121,22,97.1,103.4,210.9,31.1,74.8,17.0,0.85,333.6,8.7,High
FLD-001791,2024-12-13,2024,12,Friday,0,0,0,New Zañiga,Buhangin Creek,7.7,171.4,0.559,0.799,31082,19,2.2,163.7,202.1,32.7,71.4,12.3,0.56,2.2,6.9,Low
FLD-001792,2021-05-06,2021,5,Thursday,0,1,0,Vergara,Drainage,24.1,824.7,0.745,0.666,28212,8,43.9,142.4,213.8,31.1,80.1,0,1.42,4.0,7.0,Low
FLD-001793,2025-06-27,2025,6,Friday,0,1,0,Plainview,Estero,17.6,489.9,0.654,0.763,30547,15,67.1,178.1,342.8,26.6,78.6,12.2,1.13,132.0,13.0,High
FLD-001794,2021-02-11,2021,2,Thursday,0,0,0,Old Zañiga,Buhangin Creek,6.6,180.0,0.495,0.792,38783,19,2.3,11.6,105.9,32.3,71.5,6.5,0.88,89.8,4.8,Medium
FLD-001795,2023-08-26,2023,8,Saturday,1,1,0,Poblacion,Buhangin Creek,5.5,128.8,0.377,0.844,41778,19,19.0,117.2,161.4,27.5,64.4,17.2,0.54,172.3,4.4,High
FLD-001796,2025-11-02,2025,11,Sunday,1,1,0,Bagong Silang,Drainage,18.6,593.9,0.611,0.711,26206,9,63.6,101.8,280.5,29.0,72.8,18.1,0.92,149.9,7.8,High
FLD-001797,2025-03-01,2025,3,Saturday,1,0,0,Plainview,Estero,18.5,512.7,0.615,0.706,32144,15,30.1,81.7,117.3,30.8,54.9,15.9,0.34,2.9,3.9,Low
FLD-001798,2026-05-10,2026,5,Sunday,1,1,0,Pleasant Hills,Ermitaño Creek,25.8,987.6,0.736,0.683,25759,11,8.1,53.3,257.8,30.5,73.9,17.8,1.62,4.1,3.4,Low
FLD-001799,2023-06-07,2023,6,Wednesday,0,1,0,Hagdan Bato Libis,Drainage,15.6,488.2,0.555,0.719,27197,17,10.2,99.2,196.7,29.7,71.7,13.9,1.15,97.9,4.8,Medium
FLD-001800,2022-07-10,2022,7,Sunday,1,1,0,Buayang Bato,Buayang Bato Creek,15.0,292.9,0.61,0.745,34002,12,7.9,24.1,108.5,27.2,73.0,12.4,0.89,10.3,4.8,Low
FLD-001801,2024-12-30,2024,12,Monday,0,0,0,Mauway,Maytunas Creek,23.0,859.0,0.641,0.69,38086,15,14.8,70.4,208.0,33.2,70.4,16.9,0.91,90.2,6.6,Medium
FLD-001802,2021-12-22,2021,12,Wednesday,0,0,1,Old Zañiga,Buhangin Creek,6.9,194.6,0.502,0.795,32570,22,32.3,46.6,58.3,29.6,67.6,15.5,1.04,176.8,6.7,Medium
FLD-001803,2026-02-05,2026,2,Thursday,0,0,0,New Zañiga,Buhangin Creek,7.2,194.2,0.528,0.781,35524,15,2.2,18.3,100.8,31.3,55.5,12.2,1.37,93.0,1.4,Low
FLD-001804,2024-03-21,2024,3,Thursday,0,0,0,Malamig,Tributary,19.8,604.6,0.652,0.694,31187,11,58.1,66.5,123.8,29.9,69.8,10.8,1.33,163.6,4.5,Medium
FLD-001805,2025-02-21,2025,2,Friday,0,0,1,Bagong Silang,Drainage,16.7,617.6,0.663,0.701,27426,14,36.4,47.0,159.8,30.2,62.3,20.4,1.1,165.7,7.7,High
FLD-001806,2024-01-24,2024,1,Wednesday,0,0,1,Pag-Asa,Drainage,20.2,648.0,0.652,0.712,25489,7,37.0,72.0,177.9,30.7,62.9,33.8,0.82,106.1,5.8,Medium
FLD-001807,2026-02-06,2026,2,Friday,0,0,0,Pag-Asa,Drainage,20.0,685.4,0.625,0.723,26708,11,3.0,19.9,90.2,34.7,57.7,2.7,1.1,33.6,6.1,Low
FLD-001808,2021-06-14,2021,6,Monday,0,1,0,Malamig,Tributary,19.6,610.7,0.695,0.683,28971,16,16.7,75.5,174.9,31.5,66.6,11.0,1.37,172.9,3.4,Medium
FLD-001809,2025-01-11,2025,1,Saturday,1,0,0,Wack-Wack Greenhills East,Drainage,27.9,1190.1,0.807,0.63,19107,8,34.1,154.4,194.0,31.5,72.4,19.0,1.21,3.6,6.2,Low
FLD-001810,2023-01-21,2023,1,Saturday,1,0,1,Bagong Silang,Drainage,17.1,560.6,0.634,0.68,26257,17,69.6,117.6,134.6,32.3,57.4,24.3,1.17,168.6,10.2,High
FLD-001811,2021-04-26,2021,4,Monday,0,0,0,Malamig,Tributary,20.1,553.1,0.652,0.681,28898,11,4.0,23.8,235.5,30.4,63.0,6.3,1.52,22.7,2.6,Low
FLD-001812,2025-06-29,2025,6,Sunday,1,1,0,Wack-Wack Greenhills East,Drainage,27.2,1192.0,0.785,0.632,18899,10,2.6,102.0,215.0,30.0,72.4,6.9,0.92,3.6,5.3,Low
FLD-001813,2022-08-06,2022,8,Saturday,1,1,2,Mabini-J. Rizal,Maytunas Creek,15.4,499.8,0.542,0.734,29741,12,224.4,283.9,318.0,24.5,89.2,31.0,1.42,448.9,17.7,High
FLD-001814,2022-04-06,2022,4,Wednesday,0,0,1,Barangka Ibaba,Pasig River,6.6,111.7,0.515,0.851,43060,20,78.4,91.8,162.9,28.0,70.5,21.1,0.77,243.2,9.9,High
FLD-001815,2026-06-05,2026,6,Friday,0,1,0,Hagdan Bato Libis,Drainage,16.6,466.2,0.59,0.76,34196,12,12.7,53.6,484.1,29.5,77.8,7.0,1.52,3.7,7.3,Low
FLD-001816,2023-01-06,2023,1,Friday,0,0,0,Malamig,Tributary,20.4,574.9,0.661,0.697,29321,12,1.6,22.7,195.9,33.0,70.6,8.1,0.81,3.6,0.5,Low
FLD-001817,2021-09-12,2021,9,Sunday,1,1,3,Mabini-J. Rizal,Maytunas Creek,14.4,440.0,0.65,0.757,29539,15,120.4,205.2,277.3,27.4,80.8,54.7,0.79,333.9,15.5,High
FLD-001818,2022-10-16,2022,10,Sunday,1,1,0,Pleasant Hills,Ermitaño Creek,24.4,1011.1,0.677,0.677,26085,11,57.2,146.9,287.1,27.6,78.4,8.9,1.15,96.9,8.8,Medium
FLD-001819,2023-10-28,2023,10,Saturday,1,1,0,Harapin ang Bukas,Drainage,15.8,520.5,0.594,0.714,23613,14,11.2,104.7,269.7,27.9,77.7,19.6,1.14,92.5,8.8,Medium
FLD-001820,2023-06-05,2023,6,Monday,0,1,1,Mauway,Maytunas Creek,22.5,827.8,0.617,0.775,37575,15,128.5,217.9,265.3,26.9,87.5,19.2,0.96,194.2,10.3,High
FLD-001821,2022-01-26,2022,1,Wednesday,0,0,0,Mabini-J. Rizal,Maytunas Creek,15.9,407.8,0.556,0.726,35938,17,31.1,183.8,234.4,30.9,68.5,11.9,0.87,107.1,6.4,Medium
FLD-001822,2021-07-29,2021,7,Thursday,0,1,0,Mabini-J. Rizal,Maytunas Creek,14.4,466.1,0.576,0.774,28167,18,38.3,73.4,171.8,30.0,76.5,4.0,1.41,67.8,5.3,Medium
FLD-001823,2025-10-28,2025,10,Tuesday,0,1,2,New Zañiga,Buhangin Creek,6.0,153.0,0.54,0.795,34499,13,275.1,374.3,512.7,22.9,100,32.7,0.9,590.9,20.6,High
FLD-001824,2025-08-02,2025,8,Saturday,1,1,1,San Jose,Drainage,21.8,705.0,0.656,0.711,29434,12,48.7,82.7,421.4,29.8,81.0,19.4,0.54,138.9,5.3,Medium
FLD-001825,2021-10-14,2021,10,Thursday,0,1,3,Hagdan Bato Libis,Drainage,14.9,493.3,0.61,0.725,33472,16,91.8,107.4,394.8,25.4,86.6,44.3,1.12,270.5,12.2,High
FLD-001826,2023-03-18,2023,3,Saturday,1,0,0,Namayan,Pasig River,7.7,163.6,0.503,0.816,31178,15,34.1,71.7,213.1,27.5,63.3,6.9,1.21,109.1,2.9,Medium
FLD-001827,2025-03-11,2025,3,Tuesday,0,0,0,Malamig,Tributary,19.8,562.7,0.648,0.734,27451,14,13.6,45.1,107.5,30.2,61.7,9.6,0.64,117.2,6.9,Low
FLD-001828,2021-08-05,2021,8,Thursday,0,1,1,Plainview,Estero,18.5,525.6,0.585,0.76,33133,11,185.5,265.1,285.9,26.5,100,10.8,1.29,372.6,15.3,High
FLD-001829,2024-07-07,2024,7,Sunday,1,1,0,Barangka Ibaba,Pasig River,6.8,68.4,0.544,0.871,39723,17,59.5,77.4,255.9,28.1,67.3,14.2,1.1,151.5,8.6,High
FLD-001830,2021-06-09,2021,6,Wednesday,0,1,2,Hagdan Bato Libis,Drainage,15.5,477.9,0.592,0.748,29123,19,128.2,153.1,342.7,28.1,78.2,35.3,1.11,287.2,12.4,High
FLD-001831,2024-12-18,2024,12,Wednesday,0,0,0,Wack-Wack Greenhills East,Drainage,28.0,1209.1,0.811,0.64,17454,7,0.5,10.0,211.5,32.7,60.3,38.5,0.97,2.3,2.4,Low
FLD-001832,2022-09-22,2022,9,Thursday,0,1,0,Harapin ang Bukas,Drainage,17.7,528.3,0.558,0.704,20157,15,18.2,76.0,285.4,30.0,66.3,15.7,0.74,66.4,7.6,Medium
FLD-001833,2023-12-30,2023,12,Saturday,1,0,0,Poblacion,Buhangin Creek,6.0,58.2,0.452,0.769,45496,23,12.4,33.2,54.9,30.5,63.4,13.0,0.82,143.0,3.0,High
FLD-001834,2024-06-23,2024,6,Sunday,1,1,0,Plainview,Estero,18.7,524.4,0.649,0.729,31271,17,38.4,96.2,220.6,24.8,68.1,15.8,1.58,134.0,9.6,High
FLD-001835,2022-08-25,2022,8,Thursday,0,1,1,Hagdan Bato Libis,Drainage,16.4,504.3,0.556,0.723,30284,14,54.9,84.7,133.6,28.1,81.9,29.4,0.9,169.0,7.8,Medium
FLD-001836,2025-11-19,2025,11,Wednesday,0,1,2,Namayan,Pasig River,7.4,101.6,0.457,0.834,35266,21,96.9,184.2,235.7,29.5,89.1,19.1,0.68,304.5,14.7,High
FLD-001837,2024-05-24,2024,5,Friday,0,1,1,Mauway,Maytunas Creek,23.7,829.2,0.648,0.721,37902,8,42.2,73.8,250.5,31.1,82.2,16.4,1.28,12.0,3.9,Low
FLD-001838,2021-02-15,2021,2,Monday,0,0,0,Mauway,Maytunas Creek,23.0,879.0,0.654,0.698,38958,8,0.4,16.9,70.9,30.8,51.0,14.9,1.02,8.3,4.5,Low
FLD-001839,2022-10-24,2022,10,Monday,0,1,1,Barangka Ibaba,Pasig River,8.0,89.9,0.468,0.852,43762,11,18.7,65.4,120.7,29.4,70.9,14.3,1.29,109.0,8.1,Medium
FLD-001840,2022-06-28,2022,6,Tuesday,0,1,1,Mauway,Maytunas Creek,23.0,821.9,0.647,0.685,35087,7,93.6,128.7,143.5,29.1,77.7,12.7,0.74,172.8,10.7,Medium
FLD-001841,2023-12-02,2023,12,Saturday,1,0,1,Old Zañiga,Buhangin Creek,7.4,168.1,0.534,0.842,35818,22,44.7,85.8,116.6,31.0,58.1,19.0,0.98,191.2,7.0,Medium
FLD-001842,2021-05-27,2021,5,Thursday,0,1,0,Pag-Asa,Drainage,19.8,630.6,0.582,0.731,25661,15,76.3,155.0,179.7,29.4,98.9,7.0,0.75,185.7,8.2,Medium
FLD-001843,2026-04-10,2026,4,Friday,0,0,0,Mabini-J. Rizal,Maytunas Creek,14.6,507.4,0.676,0.689,33055,11,22.9,64.9,92.1,28.2,69.9,14.3,1.19,127.6,3.1,Low
FLD-001844,2026-01-20,2026,1,Tuesday,0,0,0,Burol,Drainage,20.0,720.0,0.629,0.598,23135,16,7.3,32.6,114.3,30.9,49.8,19.6,0.95,0,5.5,Medium
FLD-001845,2022-05-04,2022,5,Wednesday,0,1,1,Namayan,Pasig River,7.6,156.3,0.522,0.766,33573,14,37.4,170.7,242.7,28.2,83.4,23.7,1.11,108.3,8.5,High
FLD-001846,2026-06-24,2026,6,Wednesday,0,1,1,Barangka Drive,Pasig River,9.3,166.4,0.44,0.824,32776,21,63.7,153.8,198.6,26.5,87.4,7.3,1.11,152.5,7.9,Medium
FLD-001847,2023-11-21,2023,11,Tuesday,0,1,0,Bagong Silang,Drainage,17.8,580.0,0.68,0.693,25195,9,29.7,213.7,615.6,29.5,71.2,4.8,0.77,177.3,8.9,High
FLD-001848,2023-09-19,2023,9,Tuesday,0,1,0,Plainview,Estero,18.0,534.7,0.608,0.683,29352,16,3.7,27.4,135.9,29.3,75.3,8.5,1.41,23.6,2.8,Low
FLD-001849,2023-02-27,2023,2,Monday,0,0,2,Pleasant Hills,Ermitaño Creek,24.9,1004.2,0.708,0.681,25710,2,95.9,134.2,188.5,30.5,77.4,45.5,1.31,255.8,12.0,Medium
FLD-001850,2025-12-02,2025,12,Tuesday,0,0,0,Pag-Asa,Drainage,19.1,634.3,0.641,0.742,25484,14,0.8,39.0,94.2,33.9,77.7,18.1,0.84,14.0,4.6,Low
FLD-001851,2021-10-31,2021,10,Sunday,1,1,0,Highway Hills,Maytunas Creek,30.1,899.1,0.789,0.762,44650,7,10.0,40.8,203.1,28.6,81.7,15.5,1.15,0.7,3.3,Low
FLD-001852,2023-05-30,2023,5,Tuesday,0,1,1,Buayang Bato,Buayang Bato Creek,13.6,309.6,0.537,0.765,34169,13,19.1,111.1,196.4,29.3,72.9,12.1,1.45,124.6,9.0,Medium
FLD-001853,2023-06-25,2023,6,Sunday,1,1,0,Vergara,Drainage,23.8,815.5,0.664,0.637,25100,7,40.2,196.0,444.1,27.0,65.1,2.7,1.44,2.6,12.8,Low
FLD-001854,2022-10-20,2022,10,Thursday,0,1,0,Barangka Ibaba,Pasig River,5.5,71.8,0.424,0.904,41234,25,10.2,41.6,198.5,27.6,78.8,16.9,1.5,106.5,5.3,High
FLD-001855,2021-06-25,2021,6,Friday,0,1,0,Barangka Drive,Pasig River,8.5,201.4,0.534,0.844,33435,19,25.4,85.2,131.6,28.7,77.3,3.2,0.95,132.9,9.9,Medium
FLD-001856,2023-06-22,2023,6,Thursday,0,1,0,San Jose,Drainage,21.9,673.7,0.676,0.617,26746,13,24.5,96.2,308.0,27.0,74.7,9.2,1.13,8.0,7.0,Low
FLD-001857,2023-03-04,2023,3,Saturday,1,0,0,Barangka Itaas,Pasig River,10.1,225.3,0.561,0.815,32740,17,28.2,98.6,192.8,31.4,88.1,19.8,1.13,185.0,5.9,High
FLD-001858,2021-12-01,2021,12,Wednesday,0,0,0,Barangka Drive,Pasig River,9.5,218.8,0.484,0.824,34060,19,0.7,68.8,135.9,32.4,68.9,3.7,1.08,4.4,6.1,Low
FLD-001859,2025-03-10,2025,3,Monday,0,0,3,Burol,Drainage,20.6,709.9,0.599,0.683,21345,14,200.8,245.7,360.7,27.9,82.0,29.5,1.19,514.4,18.1,High
FLD-001860,2021-11-14,2021,11,Sunday,1,1,0,Addition Hills,Maytunas Creek,24.7,1016.7,0.698,0.755,46537,12,6.8,45.5,78.2,29.2,82.7,22.4,1.0,68.2,4.3,Low
FLD-001861,2021-12-29,2021,12,Wednesday,0,0,2,Highway Hills,Maytunas Creek,29.0,934.2,0.697,0.816,43614,6,46.5,100.1,142.2,33.1,63.4,27.8,0.82,6.1,5.2,Low
FLD-001862,2022-01-02,2022,1,Sunday,1,0,1,Pag-Asa,Drainage,19.2,598.8,0.631,0.697,22079,13,42.2,105.2,150.6,29.4,79.3,21.5,0.97,165.2,7.2,Medium
FLD-001863,2021-09-21,2021,9,Tuesday,0,1,0,Burol,Drainage,21.5,732.3,0.68,0.717,19202,10,49.0,101.4,223.7,28.2,78.4,8.0,1.2,79.5,6.5,Medium
FLD-001864,2022-07-08,2022,7,Friday,0,1,0,Barangka Drive,Pasig River,8.6,147.4,0.486,0.811,35021,24,37.5,86.3,127.7,28.9,81.6,6.0,1.55,153.1,6.2,Medium
FLD-001865,2025-09-10,2025,9,Wednesday,0,1,2,Wack-Wack Greenhills East,Drainage,27.5,1192.0,0.819,0.601,20459,2,98.3,181.3,322.1,25.3,86.1,37.0,1.15,130.1,10.3,Medium
FLD-001866,2025-04-08,2025,4,Tuesday,0,0,2,Namayan,Pasig River,8.9,113.7,0.546,0.845,30751,18,99.7,145.9,167.6,27.2,67.8,29.8,1.3,239.9,12.7,High
FLD-001867,2021-03-07,2021,3,Sunday,1,0,1,Barangka Ibaba,Pasig River,7.2,115.2,0.47,0.886,43370,16,37.4,147.1,173.0,29.2,78.1,12.0,1.13,273.2,8.8,Medium
FLD-001868,2025-11-23,2025,11,Sunday,1,1,1,Hulo,Pasig River,6.4,114.7,0.408,0.877,35621,18,12.5,73.2,99.8,28.1,81.4,7.0,1.18,166.9,9.8,Medium
FLD-001869,2024-01-02,2024,1,Tuesday,0,0,1,Wack-Wack Greenhills East,Drainage,27.9,1215.7,0.846,0.687,17915,6,72.8,90.0,437.6,31.7,79.0,24.3,1.21,118.3,5.5,Medium
FLD-001870,2024-08-12,2024,8,Monday,0,1,0,Highway Hills,Maytunas Creek,29.1,883.4,0.714,0.741,46972,6,12.5,38.7,188.4,28.9,79.7,2.0,1.06,0.7,3.0,Low
FLD-001871,2024-08-20,2024,8,Tuesday,0,1,2,Daang Bakal,Maytunas Creek,11.3,321.0,0.576,0.822,37331,15,215.5,334.6,396.6,25.6,100,19.9,1.18,508.6,23.5,High
FLD-001872,2021-07-11,2021,7,Sunday,1,1,0,San Jose,Drainage,21.8,713.0,0.724,0.699,25918,10,35.7,67.7,387.2,30.5,78.8,26.3,1.11,8.4,3.3,Low
FLD-001873,2022-05-22,2022,5,Sunday,1,1,0,Barangka Itaas,Pasig River,9.4,306.8,0.541,0.8,33449,16,0.6,41.7,388.2,28.8,75.0,13.7,0.8,79.4,5.6,Medium
FLD-001874,2025-02-09,2025,2,Sunday,1,0,0,Harapin ang Bukas,Drainage,17.1,524.8,0.55,0.734,24118,15,32.0,57.2,151.2,28.2,60.5,24.2,1.25,171.0,5.3,Medium
FLD-001875,2022-09-02,2022,9,Friday,0,1,0,Bagong Silang,Drainage,16.7,594.9,0.612,0.735,26249,11,39.5,66.7,136.6,28.9,66.2,0,1.36,74.6,4.6,Medium
FLD-001876,2021-02-22,2021,2,Monday,0,0,0,Vergara,Drainage,24.0,796.6,0.707,0.696,24870,10,1.8,9.1,32.3,33.7,60.9,15.6,0.66,93.0,0.5,Low
FLD-001877,2022-12-09,2022,12,Friday,0,0,1,Mauway,Maytunas Creek,23.4,879.9,0.691,0.661,32120,11,50.8,69.2,139.3,31.4,66.9,8.8,0.86,144.4,8.2,Medium
FLD-001878,2025-08-29,2025,8,Friday,0,1,0,Hulo,Pasig River,6.6,111.1,0.405,0.885,42006,16,0.9,122.7,174.7,30.8,77.2,10.9,1.27,139.1,7.8,Medium
FLD-001879,2024-09-25,2024,9,Wednesday,0,1,0,Barangka Ibaba,Pasig River,5.8,76.2,0.446,0.901,41432,20,5.6,128.5,147.0,27.5,85.1,18.6,1.03,162.0,8.4,High
FLD-001880,2022-10-24,2022,10,Monday,0,1,0,Bagong Silang,Drainage,18.3,550.6,0.598,0.693,23543,15,5.4,40.3,114.3,28.0,67.4,0,0.98,0.9,4.9,Low
FLD-001881,2022-10-28,2022,10,Friday,0,1,0,Hulo,Pasig River,6.0,70.4,0.476,0.837,40926,19,5.6,70.9,198.8,30.4,73.5,6.7,1.29,2.1,5.2,Low
FLD-001882,2023-12-09,2023,12,Saturday,1,0,1,Buayang Bato,Buayang Bato Creek,12.9,269.8,0.563,0.757,37811,18,47.7,117.5,212.7,27.7,69.4,33.6,1.15,104.8,11.0,High
FLD-001883,2024-02-02,2024,2,Friday,0,0,1,New Zañiga,Buhangin Creek,7.5,138.5,0.511,0.787,38097,21,50.7,80.3,360.8,35.1,74.2,11.9,0.6,145.8,9.1,High
FLD-001884,2023-06-30,2023,6,Friday,0,1,0,Pag-Asa,Drainage,20.3,666.8,0.715,0.742,23851,12,6.8,63.5,112.7,31.3,71.8,32.3,1.3,10.2,7.0,Low
FLD-001885,2025-09-22,2025,9,Monday,0,1,0,Buayang Bato,Buayang Bato Creek,14.0,277.4,0.565,0.75,36800,16,71.1,122.6,241.2,26.7,81.3,24.3,0.89,26.3,8.3,High
FLD-001886,2025-04-21,2025,4,Monday,0,0,0,Hagdan Bato Libis,Drainage,14.6,440.8,0.572,0.782,29980,11,6.8,19.7,112.3,30.2,61.4,5.6,1.41,62.4,1.1,Medium
FLD-001887,2021-07-04,2021,7,Sunday,1,1,0,Mabini-J. Rizal,Maytunas Creek,16.2,441.8,0.593,0.72,31828,16,4.7,29.0,122.8,33.1,75.7,16.5,0.88,6.4,3.4,Low
FLD-001888,2024-04-30,2024,4,Tuesday,0,0,0,Barangka Itaas,Pasig River,9.5,324.5,0.504,0.826,33766,24,39.1,67.5,212.6,30.0,75.6,7.5,0.79,202.2,6.2,Medium
FLD-001889,2025-05-07,2025,5,Wednesday,0,1,0,Vergara,Drainage,24.4,787.6,0.691,0.685,23172,5,7.9,112.2,443.2,29.3,71.3,17.4,1.31,37.5,6.8,Medium
FLD-001890,2022-07-25,2022,7,Monday,0,1,0,Hagdan Bato Itaas,Drainage,21.6,752.9,0.679,0.666,30711,10,9.3,100.6,332.3,29.9,62.8,10.2,1.2,162.2,9.0,Medium
FLD-001891,2024-04-13,2024,4,Saturday,1,0,0,Daang Bakal,Maytunas Creek,10.2,344.2,0.64,0.749,31190,18,1.6,24.6,98.7,32.2,53.1,7.6,1.37,123.5,6.8,Medium
FLD-001892,2021-10-12,2021,10,Tuesday,0,1,1,Mauway,Maytunas Creek,23.6,796.9,0.625,0.731,36618,14,73.1,114.8,720.6,26.6,87.9,27.5,1.57,219.8,9.5,High
FLD-001893,2026-06-07,2026,6,Sunday,1,1,1,Harapin ang Bukas,Drainage,17.3,513.7,0.606,0.708,22168,12,28.6,46.9,123.5,30.7,91.1,10.9,1.07,139.1,4.8,Medium
FLD-001894,2024-07-02,2024,7,Tuesday,0,1,0,Bagong Silang,Drainage,17.7,641.3,0.536,0.681,26437,15,35.8,124.6,211.6,29.1,76.7,8.3,1.88,81.7,8.7,High
FLD-001895,2024-08-05,2024,8,Monday,0,1,0,Barangka Drive,Pasig River,8.9,228.3,0.514,0.847,38379,17,28.7,121.4,197.0,27.8,65.9,4.5,1.09,136.3,7.3,Medium
FLD-001896,2021-05-30,2021,5,Sunday,1,1,2,Highway Hills,Maytunas Creek,30.5,888.1,0.732,0.785,44935,11,43.7,94.5,132.7,28.9,86.9,37.8,0.62,143.3,4.9,Medium
FLD-001897,2024-11-26,2024,11,Tuesday,0,1,0,Addition Hills,Maytunas Creek,24.4,957.2,0.628,0.682,45408,11,32.2,199.2,447.0,30.9,79.6,12.4,1.37,122.5,9.2,Medium
FLD-001898,2023-07-12,2023,7,Wednesday,0,1,1,Bagong Silang,Drainage,19.4,589.7,0.63,0.765,25321,14,48.7,88.6,158.6,28.0,71.4,15.0,0.92,5.4,5.5,Medium
FLD-001899,2022-09-21,2022,9,Wednesday,0,1,1,Mauway,Maytunas Creek,22.3,848.6,0.638,0.687,35811,15,14.6,105.8,171.5,29.0,81.9,12.4,1.0,46.9,9.4,High
FLD-001900,2024-06-29,2024,6,Saturday,1,1,0,Hulo,Pasig River,5.7,94.0,0.394,0.926,38801,19,2.9,48.1,197.1,28.5,77.5,1.5,0.86,56.4,4.4,Medium
FLD-001901,2026-04-22,2026,4,Wednesday,0,0,0,Namayan,Pasig River,9.1,167.8,0.47,0.793,33662,16,0.7,22.3,128.0,32.4,55.8,10.8,0.8,142.7,4.5,High
FLD-001902,2024-12-16,2024,12,Monday,0,0,1,Vergara,Drainage,23.6,823.9,0.699,0.725,22462,6,81.1,110.6,195.3,28.4,85.9,29.6,0.82,135.4,5.8,Medium
FLD-001903,2021-12-26,2021,12,Sunday,1,0,0,Wack-Wack Greenhills East,Drainage,28.2,1198.7,0.839,0.662,19090,1,6.6,12.3,114.3,31.6,63.7,19.1,1.25,2.0,4.1,Low
FLD-001904,2026-02-21,2026,2,Saturday,1,0,2,Namayan,Pasig River,7.9,141.1,0.527,0.78,34318,22,123.6,138.8,239.4,30.2,74.1,16.9,0.97,425.2,13.6,High
FLD-001905,2021-02-21,2021,2,Sunday,1,0,0,Pag-Asa,Drainage,20.2,669.5,0.696,0.771,23941,8,1.8,91.2,254.0,31.6,49.3,12.0,0.84,10.3,6.8,Low
FLD-001906,2022-03-04,2022,3,Friday,0,0,0,Addition Hills,Maytunas Creek,25.1,985.9,0.682,0.739,42775,3,6.0,80.5,192.7,30.4,65.5,7.2,1.09,40.6,7.1,Low
FLD-001907,2024-01-11,2024,1,Thursday,0,0,0,Mabini-J. Rizal,Maytunas Creek,15.7,489.6,0.583,0.779,30223,15,32.7,78.1,132.9,29.2,68.1,8.6,1.1,100.5,5.8,Medium
FLD-001908,2022-02-22,2022,2,Tuesday,0,0,0,Hagdan Bato Libis,Drainage,15.4,498.4,0.619,0.823,30638,12,41.9,62.5,162.5,31.7,73.6,2.8,1.04,151.4,6.6,Low
FLD-001909,2021-12-28,2021,12,Tuesday,0,0,1,Harapin ang Bukas,Drainage,16.5,533.0,0.602,0.796,21377,22,64.5,110.3,178.8,30.7,68.3,14.3,1.19,186.4,8.3,High
FLD-001910,2023-06-02,2023,6,Friday,0,1,1,Daang Bakal,Maytunas Creek,12.5,374.0,0.599,0.748,31310,8,18.8,71.1,192.4,30.7,89.1,7.7,1.4,18.5,2.5,Low
FLD-001911,2024-06-24,2024,6,Monday,0,1,0,Malamig,Tributary,19.7,615.8,0.626,0.638,27855,17,10.3,47.1,159.3,29.9,73.6,10.3,1.49,67.1,6.8,Medium
FLD-001912,2022-01-11,2022,1,Tuesday,0,0,0,Mabini-J. Rizal,Maytunas Creek,14.9,420.1,0.547,0.756,32136,18,1.8,80.9,264.7,33.1,69.9,9.7,1.29,125.2,4.7,Medium
FLD-001913,2024-12-29,2024,12,Sunday,1,0,1,Buayang Bato,Buayang Bato Creek,14.2,262.5,0.56,0.802,35343,18,158.4,210.1,415.5,27.6,78.5,13.1,1.01,309.5,11.8,High
FLD-001914,2022-05-23,2022,5,Monday,0,1,0,Burol,Drainage,21.1,685.9,0.703,0.705,22720,8,35.9,108.6,278.5,29.5,85.5,6.7,0.96,0.6,4.2,Low
FLD-001915,2024-01-02,2024,1,Tuesday,0,0,2,Buayang Bato,Buayang Bato Creek,13.7,305.9,0.535,0.763,30256,19,91.7,274.3,382.8,29.6,69.0,23.8,0.91,244.0,14.8,High
FLD-001916,2021-12-10,2021,12,Friday,0,0,3,Namayan,Pasig River,7.9,148.9,0.536,0.821,33121,16,317.8,331.9,453.5,23.4,100,28.1,0.87,658.1,23.3,High
FLD-001917,2025-08-23,2025,8,Saturday,1,1,2,Highway Hills,Maytunas Creek,29.9,863.8,0.715,0.748,44481,10,71.5,125.9,342.9,28.1,83.6,23.9,1.28,208.1,8.6,High
FLD-001918,2021-12-04,2021,12,Saturday,1,0,0,Bagong Silang,Drainage,17.4,615.3,0.622,0.729,27727,10,46.9,64.1,217.1,30.6,67.5,4.4,1.05,104.9,3.3,Medium
FLD-001919,2023-09-14,2023,9,Thursday,0,1,0,Pag-Asa,Drainage,20.0,688.2,0.614,0.757,22616,11,2.2,28.8,86.5,29.4,70.8,0.3,1.6,61.2,3.5,Low
FLD-001920,2025-08-30,2025,8,Saturday,1,1,1,Pleasant Hills,Ermitaño Creek,24.6,1033.4,0.699,0.692,29069,5,86.8,208.0,315.3,25.9,79.3,20.1,1.36,141.8,12.9,High
FLD-001921,2022-01-04,2022,1,Tuesday,0,0,0,Plainview,Estero,19.1,520.8,0.578,0.725,29422,16,14.1,95.2,188.9,30.0,68.9,4.5,1.11,107.4,6.1,Medium
FLD-001922,2024-06-11,2024,6,Tuesday,0,1,1,Buayang Bato,Buayang Bato Creek,14.3,287.9,0.563,0.767,35658,16,131.4,180.0,261.6,27.6,90.9,30.7,0.77,297.5,13.3,High
FLD-001923,2026-02-01,2026,2,Sunday,1,0,0,Mauway,Maytunas Creek,22.3,832.8,0.675,0.709,42900,13,23.4,31.7,168.9,30.6,71.4,7.3,1.15,124.7,6.1,Low
FLD-001924,2025-05-12,2025,5,Monday,0,1,0,Burol,Drainage,20.8,643.6,0.7,0.707,19231,9,2.9,105.3,149.1,28.2,73.3,13.6,1.47,92.6,4.0,Low
FLD-001925,2025-07-22,2025,7,Tuesday,0,1,0,Pag-Asa,Drainage,21.3,652.1,0.656,0.742,22828,5,14.6,50.6,198.6,29.8,65.8,31.3,1.33,5.1,7.2,Low
FLD-001926,2023-01-26,2023,1,Thursday,0,0,2,Barangka Itaas,Pasig River,9.8,221.8,0.449,0.813,33559,14,35.3,128.3,284.9,32.1,63.9,25.8,1.72,246.7,13.8,High
FLD-001927,2026-02-18,2026,2,Wednesday,0,0,0,Pag-Asa,Drainage,21.0,617.1,0.671,0.724,24612,12,24.2,99.7,128.2,31.3,69.2,8.4,1.16,133.7,7.4,Low
FLD-001928,2024-09-07,2024,9,Saturday,1,1,0,San Jose,Drainage,20.9,731.2,0.658,0.712,28862,14,23.8,146.8,209.6,27.7,68.3,0.5,0.82,72.4,10.4,Low
FLD-001929,2023-01-01,2023,1,Sunday,1,0,0,San Jose,Drainage,21.8,661.1,0.714,0.651,28698,11,27.2,75.5,109.5,32.4,69.2,8.6,0.84,60.8,7.5,Medium
FLD-001930,2024-09-14,2024,9,Saturday,1,1,2,Mauway,Maytunas Creek,24.1,833.6,0.641,0.775,35356,10,167.4,172.9,265.5,26.2,94.6,17.8,1.2,299.8,11.0,High
FLD-001931,2026-02-26,2026,2,Thursday,0,0,0,Barangka Ibaba,Pasig River,7.0,77.6,0.488,0.912,43686,26,53.3,109.7,149.0,31.6,77.6,8.5,0.65,191.9,7.5,High
FLD-001932,2022-06-24,2022,6,Friday,0,1,0,Vergara,Drainage,24.0,790.5,0.707,0.645,27358,8,3.7,62.1,188.2,32.4,71.6,4.5,1.69,3.3,0.9,Low
FLD-001933,2021-07-14,2021,7,Wednesday,0,1,0,Buayang Bato,Buayang Bato Creek,14.0,328.8,0.598,0.742,34215,17,33.6,111.3,228.7,29.3,73.8,16.1,1.31,5.5,7.7,Medium
FLD-001934,2024-10-12,2024,10,Saturday,1,1,3,Pleasant Hills,Ermitaño Creek,25.4,1001.6,0.699,0.688,23961,11,184.1,216.6,300.5,26.6,96.2,37.2,1.48,246.6,13.2,High
FLD-001935,2025-12-26,2025,12,Friday,0,0,0,Buayang Bato,Buayang Bato Creek,14.3,308.2,0.534,0.721,34148,15,15.0,138.7,338.0,32.0,59.6,11.0,1.18,14.6,5.1,Low
FLD-001936,2025-09-18,2025,9,Thursday,0,1,0,Hagdan Bato Itaas,Drainage,21.3,736.4,0.765,0.723,28945,6,11.6,95.6,320.8,29.2,71.5,20.2,1.19,87.6,3.8,Low
FLD-001937,2025-12-23,2025,12,Tuesday,0,0,0,Hagdan Bato Libis,Drainage,15.4,531.0,0.637,0.762,30900,12,23.4,131.9,204.9,30.0,61.3,1.3,0.64,80.5,6.6,Medium
FLD-001938,2022-12-15,2022,12,Thursday,0,0,0,Highway Hills,Maytunas Creek,29.6,879.3,0.722,0.719,42017,6,1.4,74.8,153.1,34.4,60.2,8.6,1.39,94.1,4.7,Low
FLD-001939,2023-09-08,2023,9,Friday,0,1,0,Addition Hills,Maytunas Creek,26.6,985.7,0.674,0.738,40983,8,33.3,257.8,435.1,28.0,81.2,36.2,1.19,16.3,13.0,Low
FLD-001940,2025-03-14,2025,3,Friday,0,0,0,San Jose,Drainage,21.9,645.1,0.692,0.688,28760,14,0.2,40.8,63.4,33.5,64.6,3.0,1.04,4.3,2.5,Low
FLD-001941,2022-02-09,2022,2,Wednesday,0,0,0,Mabini-J. Rizal,Maytunas Creek,15.4,443.9,0.582,0.71,31449,15,2.0,32.3,44.4,32.1,67.9,5.9,0.72,147.9,4.8,Low
FLD-001942,2025-05-15,2025,5,Thursday,0,1,2,Highway Hills,Maytunas Creek,31.6,874.2,0.723,0.77,45775,13,122.3,195.1,346.6,27.7,88.8,19.4,1.07,207.8,12.0,High
FLD-001943,2024-09-01,2024,9,Sunday,1,1,2,Pag-Asa,Drainage,20.7,659.1,0.721,0.699,25328,19,30.5,65.1,242.3,31.4,71.9,19.0,0.46,125.8,3.8,High
FLD-001944,2024-10-20,2024,10,Sunday,1,1,2,Mabini-J. Rizal,Maytunas Creek,13.9,458.2,0.642,0.717,28785,7,85.6,184.3,337.2,27.2,79.0,19.8,0.94,227.1,13.6,High
FLD-001945,2026-03-17,2026,3,Tuesday,0,0,0,Bagong Silang,Drainage,18.7,589.8,0.619,0.673,21601,16,1.1,36.4,54.7,35.2,64.0,15.8,1.04,141.5,5.2,Low
FLD-001946,2025-03-23,2025,3,Sunday,1,0,0,Wack-Wack Greenhills East,Drainage,28.5,1190.5,0.817,0.653,19638,7,13.5,109.4,185.9,31.7,71.0,2.0,0.64,10.8,4.3,Low
FLD-001947,2021-02-07,2021,2,Sunday,1,0,1,Barangka Ibaba,Pasig River,8.5,98.4,0.403,0.905,38644,18,29.7,43.4,73.1,30.2,67.4,14.6,1.26,133.6,5.6,Medium
FLD-001948,2021-04-03,2021,4,Saturday,1,0,0,Hulo,Pasig River,6.4,96.2,0.427,0.87,37689,22,1.6,22.8,30.4,33.2,71.2,8.8,1.1,165.1,8.3,Low
FLD-001949,2024-01-11,2024,1,Thursday,0,0,0,Highway Hills,Maytunas Creek,30.1,867.6,0.749,0.797,46228,13,27.7,81.4,146.3,32.7,71.7,2.9,0.6,50.4,1.7,High
FLD-001950,2024-04-11,2024,4,Thursday,0,0,1,Vergara,Drainage,23.2,770.3,0.682,0.671,26316,9,244.8,296.7,325.3,23.6,88.9,1.8,0.59,416.8,18.1,High
FLD-001951,2023-09-22,2023,9,Friday,0,1,1,Barangka Drive,Pasig River,10.4,184.7,0.455,0.843,32789,24,15.8,273.3,518.9,33.1,80.9,19.4,0.94,131.5,14.5,High
FLD-001952,2024-03-14,2024,3,Thursday,0,0,0,Hagdan Bato Libis,Drainage,16.8,490.4,0.624,0.718,28886,16,11.5,114.1,178.9,31.2,77.3,10.9,1.33,1.6,5.3,Medium
FLD-001953,2025-03-21,2025,3,Friday,0,0,1,Plainview,Estero,17.9,513.9,0.608,0.744,33785,16,9.3,139.7,201.9,31.8,73.9,31.8,0.83,98.5,9.0,Low
FLD-001954,2021-10-16,2021,10,Saturday,1,1,0,Hulo,Pasig River,6.5,90.9,0.412,0.851,38340,22,6.4,16.6,258.5,31.6,86.5,1.5,1.38,110.8,6.5,High
FLD-001955,2026-01-10,2026,1,Saturday,1,0,0,Malamig,Tributary,20.8,620.1,0.699,0.71,31382,15,16.4,28.6,55.1,29.6,69.2,10.1,1.06,103.7,2.8,Low
FLD-001956,2022-03-09,2022,3,Wednesday,0,0,0,Old Zañiga,Buhangin Creek,6.9,156.7,0.493,0.762,32981,18,38.0,99.3,162.7,31.8,63.0,12.6,0.79,110.0,9.2,Medium
FLD-001957,2026-04-09,2026,4,Thursday,0,0,0,Barangka Ilaya,Pasig River,8.6,155.0,0.472,0.855,33306,20,4.6,26.0,190.3,32.0,67.1,0,1.0,2.4,3.7,Low
FLD-001958,2025-07-02,2025,7,Wednesday,0,1,1,Namayan,Pasig River,8.8,132.6,0.487,0.797,34849,22,192.2,208.6,481.1,22,92.7,17.0,1.43,516.3,12.6,High
FLD-001959,2021-09-18,2021,9,Saturday,1,1,1,Barangka Itaas,Pasig River,8.5,291.3,0.569,0.891,38454,15,85.7,119.0,403.5,28.3,86.6,17.8,0.73,220.0,8.7,High
FLD-001960,2021-11-03,2021,11,Wednesday,0,1,0,New Zañiga,Buhangin Creek,7.4,189.6,0.513,0.804,37380,21,23.5,47.5,283.6,29.9,73.5,7.2,0.57,48.5,3.2,High
FLD-001961,2021-01-02,2021,1,Saturday,1,0,0,Wack-Wack Greenhills East,Drainage,29.5,1229.1,0.84,0.652,17943,7,28.5,209.2,347.8,31.7,70.9,9.6,0.98,7.9,11.1,Low
FLD-001962,2023-11-12,2023,11,Sunday,1,1,1,Barangka Drive,Pasig River,8.0,231.2,0.472,0.834,32948,23,79.7,111.3,206.7,30.4,86.5,13.7,1.3,213.7,10.7,High
FLD-001963,2025-02-26,2025,2,Wednesday,0,0,0,Namayan,Pasig River,8.6,111.2,0.494,0.824,31056,19,1.7,22.8,56.0,30.2,64.6,0,0.87,86.2,4.0,Medium
FLD-001964,2023-07-12,2023,7,Wednesday,0,1,0,Barangka Drive,Pasig River,10.2,254.1,0.527,0.788,35843,16,9.2,87.6,195.5,31.5,82.6,14.0,0.55,27.5,7.0,Medium
FLD-001965,2021-05-08,2021,5,Saturday,1,1,0,Highway Hills,Maytunas Creek,29.0,877.6,0.668,0.818,44463,10,7.2,87.4,202.5,29.1,65.4,5.9,1.05,0,1.0,Medium
FLD-001966,2021-03-02,2021,3,Tuesday,0,0,2,Highway Hills,Maytunas Creek,29.9,928.5,0.788,0.799,42882,6,112.9,117.3,220.3,28.7,76.2,33.3,1.1,250.9,9.1,High
FLD-001967,2021-12-03,2021,12,Friday,0,0,0,Barangka Ibaba,Pasig River,6.0,109.9,0.436,0.831,43470,24,0.8,17.3,59.4,30.4,67.4,2.1,1.34,153.4,5.5,Medium
FLD-001968,2021-05-09,2021,5,Sunday,1,1,0,San Jose,Drainage,23.3,709.8,0.729,0.69,24218,10,10.7,111.5,306.5,28.5,83.6,3.7,0.84,48.7,7.7,Medium
FLD-001969,2021-05-30,2021,5,Sunday,1,1,1,San Jose,Drainage,21.7,704.1,0.721,0.633,27496,14,31.4,54.6,125.4,28.2,74.1,37.6,1.04,0.6,4.1,Low
FLD-001970,2025-12-26,2025,12,Friday,0,0,0,Barangka Drive,Pasig River,8.4,242.1,0.456,0.782,32137,20,34.2,108.9,288.1,31.6,69.2,15.9,1.03,167.8,9.1,Medium
FLD-001971,2023-01-31,2023,1,Tuesday,0,0,0,Highway Hills,Maytunas Creek,29.1,916.2,0.837,0.804,43157,0,23.0,47.7,71.8,30.2,68.3,10.5,1.19,9.5,1.5,Low
FLD-001972,2024-09-23,2024,9,Monday,0,1,0,Pleasant Hills,Ermitaño Creek,25.1,1046.7,0.731,0.685,25333,8,76.6,109.0,208.3,26.6,83.9,16.1,1.28,130.3,6.5,High
FLD-001973,2026-04-27,2026,4,Monday,0,0,0,Harapin ang Bukas,Drainage,16.8,560.1,0.614,0.74,21461,13,21.2,58.5,71.6,30.3,60.0,6.5,0.98,60.9,7.8,Low
FLD-001974,2024-10-05,2024,10,Saturday,1,1,2,Barangka Itaas,Pasig River,9.9,277.1,0.527,0.746,35700,17,175.7,183.1,227.9,23.2,90.4,27.2,1.14,390.5,16.9,High
FLD-001975,2024-07-03,2024,7,Wednesday,0,1,0,New Zañiga,Buhangin Creek,6.7,183.0,0.548,0.844,33642,13,14.0,95.0,421.8,32.0,73.7,2.8,1.21,132.0,7.0,High
FLD-001976,2024-06-05,2024,6,Wednesday,0,1,1,Poblacion,Buhangin Creek,6.1,144.9,0.456,0.794,41676,20,61.9,204.5,282.8,30.1,80.2,16.6,1.24,241.4,13.9,High
FLD-001977,2021-11-06,2021,11,Saturday,1,1,0,Bagong Silang,Drainage,17.4,602.1,0.603,0.691,26568,13,18.3,138.7,315.9,33.1,64.5,0,0.91,118.7,5.9,Medium
FLD-001978,2025-11-25,2025,11,Tuesday,0,1,2,Wack-Wack Greenhills East,Drainage,28.4,1187.7,0.852,0.677,18195,5,19.4,169.9,348.1,30.1,73.6,35.0,0.9,139.0,9.7,Medium
FLD-001979,2023-11-29,2023,11,Wednesday,0,1,0,Plainview,Estero,17.4,531.2,0.617,0.745,31707,8,15.5,37.4,140.6,28.5,70.7,7.7,1.12,114.6,8.0,High
FLD-001980,2022-11-28,2022,11,Monday,0,1,1,Daang Bakal,Maytunas Creek,11.6,352.4,0.592,0.775,31147,16,228.3,377.4,649.4,23.0,90.2,18.4,0.96,436.0,18.4,High
FLD-001981,2024-07-24,2024,7,Wednesday,0,1,1,Highway Hills,Maytunas Creek,28.9,940.8,0.731,0.789,43357,14,49.6,87.4,155.3,29.4,78.4,14.5,0.91,14.2,4.5,Low
FLD-001982,2025-11-02,2025,11,Sunday,1,1,2,Barangka Ilaya,Pasig River,7.7,124.7,0.499,0.869,39592,20,94.1,293.1,497.9,27.8,82.7,29.2,1.02,309.6,20.6,High
FLD-001983,2025-10-28,2025,10,Tuesday,0,1,0,Hulo,Pasig River,5.9,109.5,0.414,0.862,37493,24,7.2,52.2,279.4,27.2,73.8,4.4,1.74,80.9,7.3,Medium
FLD-001984,2026-06-15,2026,6,Monday,0,1,2,Burol,Drainage,20.4,679.3,0.644,0.653,22363,13,106.3,156.2,294.5,28.4,83.6,28.8,1.19,278.4,9.6,High
FLD-001985,2022-09-13,2022,9,Tuesday,0,1,3,Mauway,Maytunas Creek,22.7,831.8,0.64,0.724,35762,12,193.1,230.4,326.1,26.6,90.6,28.5,1.58,368.1,16.5,High
FLD-001986,2026-01-14,2026,1,Wednesday,0,0,0,Pleasant Hills,Ermitaño Creek,25.0,1031.5,0.708,0.702,26704,9,90.8,234.8,256.0,29.7,70.1,14.4,1.43,153.6,12.5,High
FLD-001987,2021-06-14,2021,6,Monday,0,1,0,Pag-Asa,Drainage,20.3,707.8,0.642,0.698,26203,13,1.7,21.3,130.0,28.8,72.4,5.2,0.75,56.3,2.8,Low
FLD-001988,2024-11-08,2024,11,Friday,0,1,2,Buayang Bato,Buayang Bato Creek,13.9,310.5,0.528,0.801,34977,17,99.2,163.3,180.6,28.5,81.8,20.5,1.17,336.3,13.2,High
FLD-001989,2021-05-19,2021,5,Wednesday,0,1,0,Buayang Bato,Buayang Bato Creek,14.3,313.5,0.544,0.785,35017,19,5.2,149.9,320.5,32.7,69.0,2.7,1.17,142.6,6.3,Medium
FLD-001990,2022-04-20,2022,4,Wednesday,0,0,1,Burol,Drainage,22.3,706.7,0.676,0.656,20003,8,21.2,29.5,64.1,29.7,63.9,17.2,1.18,5.6,4.0,Low
FLD-001991,2021-07-12,2021,7,Monday,0,1,1,Barangka Itaas,Pasig River,8.4,248.7,0.469,0.836,36420,16,56.1,84.0,159.0,29.0,84.3,14.2,1.03,221.0,10.2,Medium
FLD-001992,2025-10-19,2025,10,Sunday,1,1,2,Mauway,Maytunas Creek,23.2,855.8,0.638,0.748,39029,11,140.0,205.8,319.8,25.6,83.1,22.7,0.66,314.9,13.6,High
FLD-001993,2021-06-05,2021,6,Saturday,1,1,3,Mabini-J. Rizal,Maytunas Creek,15.4,392.9,0.651,0.711,24353,19,201.8,285.4,393.5,26.7,92.9,29.9,1.36,427.8,15.9,High
FLD-001994,2026-03-07,2026,3,Saturday,1,0,0,Hulo,Pasig River,5.0,87.3,0.421,0.89,39437,26,0.8,35.0,170.7,32.3,65.7,10.8,1.12,131.9,2.5,Medium
FLD-001995,2025-01-14,2025,1,Tuesday,0,0,1,San Jose,Drainage,21.4,735.8,0.639,0.654,30260,11,112.1,122.1,181.4,29.8,79.2,12.5,0.86,235.7,8.4,Medium
FLD-001996,2023-04-29,2023,4,Saturday,1,0,1,San Jose,Drainage,21.8,716.6,0.66,0.669,26176,10,20.4,72.5,108.5,31.6,62.1,10.6,1.52,93.8,1.2,Low
FLD-001997,2025-04-27,2025,4,Sunday,1,0,0,Burol,Drainage,21.5,705.3,0.677,0.649,24994,12,3.6,61.4,82.6,35.6,71.6,4.1,1.27,6.1,3.1,Low
FLD-001998,2026-04-13,2026,4,Monday,0,0,0,Harapin ang Bukas,Drainage,16.7,534.2,0.637,0.751,26104,15,5.0,59.3,148.3,30.8,69.8,7.1,0.77,6.5,2.2,Low
FLD-001999,2021-11-15,2021,11,Monday,0,1,2,Vergara,Drainage,25.1,794.4,0.652,0.703,23012,14,45.7,53.2,95.2,26.9,82.2,32.8,1.53,108.4,7.4,Medium
FLD-002000,2021-01-13,2021,1,Wednesday,0,0,0,Barangka Drive,Pasig River,8.6,170.2,0.495,0.834,32423,17,9.1,14.3,73.0,30.6,69.8,6.3,1.13,101.4,5.9,Medium
FLD-002001,2022-10-05,2022,10,Wednesday,0,1,3,Hagdan Bato Itaas,Drainage,22.2,736.8,0.73,0.741,27387,9,130.1,322.2,398.8,27.3,85.7,36.2,1.3,224.0,17.8,High
FLD-002002,2026-05-20,2026,5,Wednesday,0,1,1,Highway Hills,Maytunas Creek,29.8,919.2,0.734,0.763,45022,10,83.6,125.8,239.4,26.1,77.3,15.3,0.71,125.9,9.4,High
FLD-002003,2021-10-20,2021,10,Wednesday,0,1,0,Hagdan Bato Libis,Drainage,17.1,474.5,0.586,0.703,31835,19,2.7,44.1,268.1,31.7,76.9,1.3,0.88,77.6,3.9,Medium
FLD-002004,2022-05-22,2022,5,Sunday,1,1,1,Barangka Ibaba,Pasig River,8.2,81.6,0.369,0.819,43966,18,59.9,164.8,318.3,29.0,77.8,19.1,1.44,242.1,11.3,High
FLD-002005,2024-04-24,2024,4,Wednesday,0,0,1,Daang Bakal,Maytunas Creek,13.5,379.0,0.571,0.737,31033,14,39.3,50.9,186.7,29.7,68.5,14.5,0.87,127.2,7.1,High
FLD-002006,2023-10-02,2023,10,Monday,0,1,0,Old Zañiga,Buhangin Creek,6.8,200.2,0.529,0.76,34639,20,1.2,104.4,299.3,29.6,73.5,4.8,1.31,143.5,10.8,Low
FLD-002007,2022-07-23,2022,7,Saturday,1,1,0,Malamig,Tributary,21.2,594.8,0.7,0.674,25250,7,41.2,69.1,219.7,26.8,84.5,8.4,0.65,140.8,5.2,Low
FLD-002008,2021-05-17,2021,5,Monday,0,1,0,Namayan,Pasig River,8.2,109.6,0.493,0.832,31469,13,14.5,105.1,197.8,29.2,66.3,3.0,1.47,139.3,7.2,Medium
FLD-002009,2021-05-04,2021,5,Tuesday,0,1,0,Pag-Asa,Drainage,19.2,670.8,0.698,0.696,26550,11,8.8,63.2,120.3,27.6,87.3,12.4,1.41,2.5,3.1,Low
FLD-002010,2024-03-01,2024,3,Friday,0,0,0,Mabini-J. Rizal,Maytunas Creek,14.8,461.9,0.642,0.709,28582,14,1.0,29.3,79.8,28.2,64.9,19.3,1.29,63.5,3.1,Medium
FLD-002011,2021-01-09,2021,1,Saturday,1,0,0,Plainview,Estero,19.3,495.6,0.591,0.686,29058,7,13.1,49.5,164.2,34.1,67.3,8.3,1.11,94.4,5.3,Medium
FLD-002012,2023-02-02,2023,2,Thursday,0,0,2,Poblacion,Buhangin Creek,5.4,82.5,0.421,0.817,43866,22,118.7,146.6,288.9,30.2,84.5,27.0,1.07,273.5,14.3,High
FLD-002013,2022-12-31,2022,12,Saturday,1,0,0,Addition Hills,Maytunas Creek,25.1,1015.2,0.697,0.72,48057,11,5.3,46.1,235.6,30.7,68.4,3.8,1.3,2.5,4.2,Low
FLD-002014,2025-06-25,2025,6,Wednesday,0,1,0,Barangka Ilaya,Pasig River,7.2,113.2,0.478,0.836,37204,21,8.6,31.3,223.7,28.9,67.8,11.4,1.13,76.4,3.6,Low
FLD-002015,2024-07-23,2024,7,Tuesday,0,1,0,Addition Hills,Maytunas Creek,25.4,962.9,0.641,0.685,42988,7,87.7,146.0,251.4,28.3,73.7,30.8,1.1,24.0,5.6,Low
FLD-002016,2022-03-01,2022,3,Tuesday,0,0,0,Barangka Itaas,Pasig River,9.8,258.5,0.537,0.874,35932,16,12.7,20.8,40.8,31.8,65.4,8.4,1.12,107.6,5.6,Low
FLD-002017,2024-01-06,2024,1,Saturday,1,0,0,Highway Hills,Maytunas Creek,29.6,870.4,0.77,0.76,44058,10,2.0,34.0,133.0,33.6,57.1,15.6,0.54,0.5,3.1,Low
FLD-002018,2022-10-10,2022,10,Monday,0,1,0,Pag-Asa,Drainage,20.4,603.0,0.696,0.758,24831,8,9.5,42.4,217.3,28.2,68.3,7.9,0.91,108.9,3.6,Low
FLD-002019,2022-01-24,2022,1,Monday,0,0,0,Wack-Wack Greenhills East,Drainage,28.0,1211.3,0.811,0.633,21450,7,55.2,122.1,357.5,30.4,77.5,10.5,1.15,118.7,4.7,Medium
FLD-002020,2022-09-09,2022,9,Friday,0,1,2,Highway Hills,Maytunas Creek,30.2,907.6,0.723,0.782,48277,10,84.4,119.6,181.4,29.4,100,29.6,1.33,143.7,5.9,High
FLD-002021,2024-12-24,2024,12,Tuesday,0,0,1,Hagdan Bato Libis,Drainage,15.5,500.0,0.658,0.737,30952,19,40.0,120.2,229.7,31.5,67.0,26.1,0.99,92.6,6.5,High
FLD-002022,2026-05-16,2026,5,Saturday,1,1,0,Hagdan Bato Itaas,Drainage,23.1,784.7,0.676,0.691,28430,13,0.6,81.8,160.2,31.4,79.4,16.8,1.84,0.0,7.4,Low
FLD-002023,2025-09-22,2025,9,Monday,0,1,1,Highway Hills,Maytunas Creek,30.6,862.0,0.726,0.81,45927,11,79.2,97.6,147.7,29.2,83.0,10.1,1.89,59.7,9.3,High
FLD-002024,2025-05-14,2025,5,Wednesday,0,1,0,Malamig,Tributary,19.2,567.6,0.675,0.698,27549,10,14.2,60.8,276.5,32.1,74.8,13.0,1.4,77.8,6.5,Medium
FLD-002025,2022-06-05,2022,6,Sunday,1,1,1,Hagdan Bato Libis,Drainage,14.2,478.6,0.587,0.795,31181,9,84.6,197.0,293.6,25.8,74.6,22.0,1.53,255.3,13.1,High
FLD-002026,2024-04-28,2024,4,Sunday,1,0,2,Poblacion,Buhangin Creek,6.6,69.2,0.408,0.858,42312,20,77.4,91.9,196.9,28.8,62.8,31.6,0.6,241.3,10.7,High
FLD-002027,2025-03-23,2025,3,Sunday,1,0,0,Bagong Silang,Drainage,18.1,590.6,0.648,0.688,26435,15,54.8,85.5,92.6,29.9,82.4,20.5,0.88,169.8,3.6,Medium
FLD-002028,2022-05-13,2022,5,Friday,0,1,0,Hagdan Bato Itaas,Drainage,22.0,750.2,0.653,0.681,27546,16,0.5,59.8,213.0,32.6,67.4,15.3,1.22,81.6,3.3,Medium
FLD-002029,2024-07-10,2024,7,Wednesday,0,1,0,Malamig,Tributary,20.4,605.8,0.685,0.72,31367,10,163.4,174.0,433.4,26.1,100,0.4,1.21,211.3,12.0,High
FLD-002030,2024-05-09,2024,5,Thursday,0,1,1,Hulo,Pasig River,6.0,125.6,0.396,0.84,43613,18,7.7,49.6,232.4,30.0,66.6,14.3,1.11,123.2,6.1,Medium
FLD-002031,2023-08-12,2023,8,Saturday,1,1,0,Hagdan Bato Itaas,Drainage,22.2,715.3,0.784,0.704,26708,8,0.2,55.1,88.8,27.7,70.2,11.4,0.91,0.0,3.6,Low
FLD-002032,2022-11-08,2022,11,Tuesday,0,1,0,Hulo,Pasig River,4.7,105.8,0.471,0.812,40285,24,10.6,85.7,128.2,27.1,70.5,16.9,1.48,123.7,9.0,High
FLD-002033,2021-11-29,2021,11,Monday,0,1,1,Daang Bakal,Maytunas Creek,12.2,363.0,0.505,0.786,36844,16,36.7,75.1,256.8,30.2,76.9,11.3,0.91,165.7,4.1,High
FLD-002034,2021-07-03,2021,7,Saturday,1,1,1,Barangka Ilaya,Pasig River,7.9,85.9,0.505,0.825,39178,18,36.7,213.3,356.5,29.6,74.8,26.5,0.27,124.8,13.0,High
FLD-002035,2023-07-10,2023,7,Monday,0,1,0,Burol,Drainage,20.9,669.2,0.612,0.612,23978,16,52.6,170.3,305.1,29.1,84.0,3.7,1.2,168.0,9.2,High
FLD-002036,2021-08-12,2021,8,Thursday,0,1,0,Plainview,Estero,19.4,501.8,0.665,0.706,30684,15,47.3,140.3,246.6,28.8,87.2,21.2,1.38,164.4,9.4,Medium
FLD-002037,2022-11-13,2022,11,Sunday,1,1,0,Mabini-J. Rizal,Maytunas Creek,13.8,479.3,0.607,0.748,27956,20,5.0,58.5,206.0,31.4,67.9,17.1,1.46,86.9,6.2,Medium
FLD-002038,2021-03-02,2021,3,Tuesday,0,0,1,Hulo,Pasig River,5.7,121.2,0.499,0.884,41771,19,19.7,74.3,102.3,30.4,67.7,17.7,1.27,171.3,10.0,High
FLD-002039,2022-03-19,2022,3,Saturday,1,0,0,Hagdan Bato Itaas,Drainage,23.3,778.5,0.673,0.737,30053,12,24.9,146.6,218.8,33.0,71.7,8.6,0.74,49.3,5.9,High
FLD-002040,2021-06-29,2021,6,Tuesday,0,1,2,Barangka Ibaba,Pasig River,7.0,119.6,0.359,0.882,41665,20,90.6,156.3,252.8,26.7,84.0,17.3,1.2,380.8,13.6,High
FLD-002041,2021-01-12,2021,1,Tuesday,0,0,1,Barangka Ilaya,Pasig River,8.6,163.0,0.523,0.824,42267,17,43.3,212.9,337.3,32.5,79.4,10.2,1.09,159.4,13.8,High
FLD-002042,2025-05-10,2025,5,Saturday,1,1,0,Hagdan Bato Libis,Drainage,15.2,495.6,0.67,0.721,30366,12,5.1,37.2,346.2,30.6,70.4,5.3,1.52,94.5,4.6,High
FLD-002043,2021-02-05,2021,2,Friday,0,0,0,Buayang Bato,Buayang Bato Creek,13.8,296.1,0.588,0.803,34053,18,1.8,48.4,61.3,33.5,53.9,10.3,0.84,112.2,5.1,Medium
FLD-002044,2025-09-07,2025,9,Sunday,1,1,1,Hagdan Bato Libis,Drainage,17.1,527.4,0.589,0.697,28156,11,178.0,240.4,284.5,27.5,90.6,13.1,1.45,345.3,14.5,High
FLD-002045,2023-06-16,2023,6,Friday,0,1,0,Hagdan Bato Libis,Drainage,15.5,475.8,0.637,0.738,27848,13,18.6,23.8,223.8,28.3,80.5,11.8,1.07,104.7,3.3,Low
FLD-002046,2021-03-13,2021,3,Saturday,1,0,1,Mauway,Maytunas Creek,23.1,809.9,0.616,0.719,40976,11,165.1,187.2,264.5,29.8,75.8,15.1,1.12,335.7,13.3,High
FLD-002047,2021-05-07,2021,5,Friday,0,1,0,Mabini-J. Rizal,Maytunas Creek,14.9,460.0,0.532,0.76,34927,13,20.2,54.9,110.3,28.6,66.6,8.5,0.9,102.0,5.7,Medium
FLD-002048,2025-09-09,2025,9,Tuesday,0,1,1,Poblacion,Buhangin Creek,6.2,130.2,0.489,0.804,40639,25,85.2,105.8,181.6,27.0,85.3,10.2,0.44,218.4,10.2,Medium
FLD-002049,2021-06-18,2021,6,Friday,0,1,1,Old Zañiga,Buhangin Creek,6.0,102.8,0.536,0.767,32810,15,27.9,92.0,302.2,29.2,85.8,23.4,1.54,156.4,9.6,High
FLD-002050,2022-01-28,2022,1,Friday,0,0,0,Barangka Drive,Pasig River,8.8,208.7,0.528,0.862,31966,19,5.3,37.3,122.2,33.3,56.1,0.7,0.87,142.7,7.5,Low
FLD-002051,2022-04-12,2022,4,Tuesday,0,0,3,Mabini-J. Rizal,Maytunas Creek,14.5,437.8,0.655,0.756,31900,9,99.0,132.3,305.4,26.6,78.4,25.0,0.89,295.9,10.6,High
FLD-002052,2024-01-17,2024,1,Wednesday,0,0,0,San Jose,Drainage,21.2,660.9,0.692,0.69,26366,15,3.8,56.7,84.9,34.5,49.1,8.3,1.0,2.5,1.1,Low
FLD-002053,2022-11-12,2022,11,Saturday,1,1,0,Barangka Drive,Pasig River,9.5,213.2,0.517,0.848,32715,16,13.2,98.3,229.3,30.2,75.6,16.6,0.98,81.7,5.5,Medium
FLD-002054,2021-06-06,2021,6,Sunday,1,1,1,Addition Hills,Maytunas Creek,23.6,1025.5,0.66,0.67,47644,7,2.4,62.8,285.4,26.4,76.3,14.3,0.67,1.4,7.9,Low
FLD-002055,2024-02-22,2024,2,Thursday,0,0,0,Poblacion,Buhangin Creek,5.4,96.4,0.424,0.812,38050,24,3.5,44.6,164.5,29.5,70.3,2.9,0.62,114.0,6.3,High
FLD-002056,2023-08-08,2023,8,Tuesday,0,1,0,Vergara,Drainage,23.8,814.9,0.712,0.666,28622,12,45.6,95.6,205.0,27.3,79.9,16.0,1.09,72.1,9.3,High
FLD-002057,2024-03-21,2024,3,Thursday,0,0,1,Vergara,Drainage,23.3,776.1,0.758,0.652,24390,7,45.1,60.2,144.6,29.4,66.7,17.1,0.71,80.9,7.9,Medium
FLD-002058,2021-09-27,2021,9,Monday,0,1,1,Old Zañiga,Buhangin Creek,6.7,130.0,0.59,0.832,33835,21,87.6,195.9,263.0,27.1,84.5,11.4,1.31,231.4,10.4,High
FLD-002059,2025-10-28,2025,10,Tuesday,0,1,0,Barangka Ilaya,Pasig River,7.1,213.0,0.49,0.85,34211,19,4.7,100.3,245.1,29.4,79.2,11.3,1.54,167.2,10.1,Medium
FLD-002060,2025-07-02,2025,7,Wednesday,0,1,2,Mabini-J. Rizal,Maytunas Creek,15.4,464.0,0.555,0.738,30713,17,142.7,164.8,335.9,26.9,92.0,41.5,1.36,322.4,12.8,High
FLD-002061,2021-08-09,2021,8,Monday,0,1,1,Mauway,Maytunas Creek,22.6,852.3,0.714,0.679,32076,13,67.3,144.6,203.5,27.3,81.5,7.5,1.32,126.6,8.9,High
FLD-002062,2022-12-08,2022,12,Thursday,0,0,1,Old Zañiga,Buhangin Creek,5.9,194.2,0.566,0.784,36804,17,22.1,51.8,321.5,29.1,67.0,10.4,1.02,151.6,5.9,Low
FLD-002063,2022-10-01,2022,10,Saturday,1,1,2,Old Zañiga,Buhangin Creek,6.4,180.2,0.509,0.78,35990,18,91.7,171.9,369.9,26.9,81.3,23.3,0.95,295.4,14.2,High
FLD-002064,2022-01-25,2022,1,Tuesday,0,0,0,New Zañiga,Buhangin Creek,6.7,173.1,0.468,0.782,36120,20,43.7,55.3,112.6,32.2,71.3,18.3,0.2,123.3,6.7,Low
FLD-002065,2022-06-20,2022,6,Monday,0,1,0,Burol,Drainage,19.8,728.5,0.703,0.666,20477,13,143.2,288.0,371.1,23.9,85.1,9.0,0.98,205.0,11.8,High
FLD-002066,2023-06-28,2023,6,Wednesday,0,1,1,Pleasant Hills,Ermitaño Creek,25.6,981.1,0.672,0.659,27639,8,36.2,74.7,292.6,28.3,72.1,17.1,0.57,140.2,5.3,Low
FLD-002067,2022-02-25,2022,2,Friday,0,0,0,Malamig,Tributary,19.4,629.7,0.667,0.676,28592,17,87.2,153.5,253.3,29.3,83.1,5.2,0.23,158.9,7.8,Medium
FLD-002068,2025-02-12,2025,2,Wednesday,0,0,0,Hagdan Bato Itaas,Drainage,22.6,733.8,0.775,0.687,29806,13,12.7,47.1,238.7,30.0,72.8,5.3,0.93,19.3,5.1,Low
FLD-002069,2023-08-31,2023,8,Thursday,0,1,1,Bagong Silang,Drainage,18.6,602.3,0.57,0.677,27566,13,36.5,125.8,379.9,30.7,81.3,13.4,0.97,147.7,8.9,Medium
FLD-002070,2022-04-07,2022,4,Thursday,0,0,0,Hulo,Pasig River,5.9,96.2,0.448,0.863,38779,19,3.3,33.8,57.7,31.9,63.6,3.8,0.95,133.5,7.0,Medium
FLD-002071,2025-04-10,2025,4,Thursday,0,0,0,Malamig,Tributary,20.5,590.7,0.67,0.716,27234,14,10.7,25.9,103.0,30.5,69.3,30.3,0.87,76.8,5.2,Medium
FLD-002072,2025-06-06,2025,6,Friday,0,1,1,San Jose,Drainage,21.6,719.0,0.678,0.701,25136,11,76.0,155.6,274.1,26.8,72.6,34.0,1.2,159.2,5.6,High
FLD-002073,2022-10-17,2022,10,Monday,0,1,1,Hulo,Pasig River,7.2,109.8,0.444,0.889,38900,19,127.9,213.1,355.3,25.6,87.5,16.7,0.79,329.2,14.3,High
FLD-002074,2023-08-27,2023,8,Sunday,1,1,1,Malamig,Tributary,21.4,598.8,0.626,0.709,31856,17,44.4,179.3,249.7,29.7,87.2,12.6,0.6,181.3,10.9,High
FLD-002075,2023-07-12,2023,7,Wednesday,0,1,3,Vergara,Drainage,23.3,762.8,0.666,0.639,23956,13,146.8,170.9,193.2,29.1,86.4,29.9,1.08,335.6,17.0,High
FLD-002076,2026-03-29,2026,3,Sunday,1,0,1,Barangka Drive,Pasig River,8.4,227.4,0.482,0.83,33949,23,51.6,101.7,135.2,29.9,76.8,23.1,1.0,260.9,5.0,High
FLD-002077,2021-01-06,2021,1,Wednesday,0,0,0,Poblacion,Buhangin Creek,6.5,86.1,0.485,0.805,42812,18,13.5,157.5,230.5,31.1,74.6,18.2,0.71,174.0,12.9,Medium
FLD-002078,2021-06-23,2021,6,Wednesday,0,1,0,Pag-Asa,Drainage,20.2,675.7,0.623,0.781,24615,7,10.2,22.3,196.3,29.0,83.6,16.3,1.19,94.4,4.5,Low
FLD-002079,2022-06-24,2022,6,Friday,0,1,0,Old Zañiga,Buhangin Creek,7.2,186.0,0.54,0.807,32094,20,2.2,22.2,71.7,28.3,79.8,9.4,1.26,104.8,1.1,Medium
FLD-002080,2021-11-23,2021,11,Tuesday,0,1,0,Pleasant Hills,Ermitaño Creek,25.3,1030.1,0.724,0.681,25515,5,44.3,198.0,253.2,27.2,69.8,8.9,1.3,10.8,6.7,Low
FLD-002081,2024-09-20,2024,9,Friday,0,1,1,Buayang Bato,Buayang Bato Creek,14.1,310.1,0.529,0.711,34164,13,41.5,52.5,107.6,27.2,73.1,18.0,1.29,179.3,7.2,Medium
FLD-002082,2025-04-12,2025,4,Saturday,1,0,0,Mabini-J. Rizal,Maytunas Creek,15.2,430.9,0.587,0.733,29013,19,35.5,38.9,376.2,32.6,80.4,11.7,1.22,78.6,4.3,Medium
FLD-002083,2025-02-24,2025,2,Monday,0,0,1,Addition Hills,Maytunas Creek,25.5,982.0,0.699,0.756,46662,9,52.7,70.6,110.9,28.9,72.9,8.4,1.36,144.4,4.5,Medium
FLD-002084,2023-01-10,2023,1,Tuesday,0,0,0,Daang Bakal,Maytunas Creek,11.9,344.4,0.589,0.796,33556,18,74.2,177.6,200.6,26.8,67.2,9.1,1.27,195.7,10.4,High
FLD-002085,2023-12-02,2023,12,Saturday,1,0,1,Harapin ang Bukas,Drainage,16.6,509.3,0.591,0.769,22306,10,44.2,88.7,395.8,31.3,66.7,9.5,1.24,200.8,4.6,High
FLD-002086,2024-07-13,2024,7,Saturday,1,1,0,Buayang Bato,Buayang Bato Creek,14.9,304.8,0.571,0.76,34106,19,5.5,7.2,98.9,29.8,78.5,2.2,0.97,3.3,1.9,Low
FLD-002087,2022-01-25,2022,1,Tuesday,0,0,0,Wack-Wack Greenhills East,Drainage,27.0,1192.2,0.758,0.665,16803,11,28.1,44.9,61.0,30.1,60.3,2.2,0.87,80.1,5.6,Low
FLD-002088,2023-02-11,2023,2,Saturday,1,0,0,Barangka Drive,Pasig River,8.6,193.6,0.463,0.808,35180,19,7.5,35.6,121.7,31.6,71.1,5.5,1.02,146.4,3.9,Medium
FLD-002089,2023-06-28,2023,6,Wednesday,0,1,0,Hagdan Bato Itaas,Drainage,21.9,719.6,0.691,0.683,24973,9,10.8,66.7,172.0,31.2,76.4,14.3,0.91,130.2,5.7,Low
FLD-002090,2022-04-11,2022,4,Monday,0,0,0,Bagong Silang,Drainage,17.2,611.0,0.638,0.716,25980,10,88.4,103.0,193.3,29.6,77.0,8.4,0.63,52.2,5.3,High
FLD-002091,2023-09-13,2023,9,Wednesday,0,1,1,Harapin ang Bukas,Drainage,16.9,547.1,0.494,0.74,21828,18,62.9,100.4,397.2,27.4,71.7,45.7,0.71,195.6,11.5,High
FLD-002092,2023-07-05,2023,7,Wednesday,0,1,1,Bagong Silang,Drainage,18.4,614.5,0.599,0.711,27762,13,68.4,201.6,409.6,25.2,81.1,18.9,1.15,255.0,13.8,Medium
FLD-002093,2022-07-22,2022,7,Friday,0,1,1,Wack-Wack Greenhills East,Drainage,28.3,1176.8,0.867,0.64,15007,6,94.4,179.4,321.5,28.3,82.7,12.0,0.92,110.5,8.5,Low
FLD-002094,2023-11-17,2023,11,Friday,0,1,0,Pag-Asa,Drainage,20.2,667.1,0.557,0.716,26415,14,13.7,26.7,170.5,28.8,71.6,9.0,1.23,55.3,5.2,Medium
FLD-002095,2021-06-03,2021,6,Thursday,0,1,0,Malamig,Tributary,19.7,593.3,0.655,0.769,26509,13,1.0,164.2,674.2,32.3,74.5,14.9,1.27,45.2,7.4,High
FLD-002096,2024-01-31,2024,1,Wednesday,0,0,0,Bagong Silang,Drainage,17.8,584.2,0.695,0.712,28594,9,8.1,16.3,39.9,31.8,65.3,7.2,0.55,1.7,2.0,Low
FLD-002097,2024-03-01,2024,3,Friday,0,0,0,Bagong Silang,Drainage,18.3,673.4,0.641,0.715,25014,13,14.7,42.2,197.1,32.9,63.3,9.3,1.48,100.3,8.1,Medium
FLD-002098,2026-04-07,2026,4,Tuesday,0,0,0,Hulo,Pasig River,5.4,106.5,0.403,0.833,38978,22,1.7,21.1,154.3,31.3,62.6,20.5,0.96,143.0,3.3,Low
FLD-002099,2024-05-07,2024,5,Tuesday,0,1,0,Barangka Ibaba,Pasig River,7.1,65.9,0.354,0.879,39473,22,26.6,124.9,226.6,29.8,74.7,8.0,1.44,192.1,10.1,Medium
FLD-002100,2021-09-28,2021,9,Tuesday,0,1,0,San Jose,Drainage,22.3,713.1,0.701,0.676,23336,11,18.0,101.7,125.2,31.6,69.9,14.3,1.6,70.6,8.3,Low
FLD-002101,2024-06-30,2024,6,Sunday,1,1,0,Malamig,Tributary,20.3,602.1,0.683,0.707,29583,11,27.7,35.1,105.4,29.5,77.3,13.2,0.81,14.5,2.5,Low
FLD-002102,2025-12-10,2025,12,Wednesday,0,0,0,Malamig,Tributary,20.0,618.6,0.632,0.665,30425,17,2.2,13.1,176.7,30.9,65.2,5.0,0.65,9.0,0.5,Low
FLD-002103,2024-08-19,2024,8,Monday,0,1,0,Burol,Drainage,21.4,722.3,0.66,0.676,20915,12,3.4,72.3,293.8,32.5,81.1,4.1,1.02,18.9,5.8,Medium
FLD-002104,2023-10-07,2023,10,Saturday,1,1,0,Vergara,Drainage,24.2,825.4,0.745,0.654,23693,12,4.3,90.8,201.2,31.8,75.9,4.7,1.02,6.0,5.8,Low
FLD-002105,2026-02-20,2026,2,Friday,0,0,0,New Zañiga,Buhangin Creek,7.9,155.7,0.509,0.814,36707,23,16.4,31.7,57.6,31.5,74.4,4.3,1.26,92.9,6.1,Medium
FLD-002106,2021-03-04,2021,3,Thursday,0,0,0,Vergara,Drainage,23.2,776.0,0.692,0.658,21225,14,9.7,79.0,176.9,32.3,69.4,1.8,0.94,7.0,6.5,Low
FLD-002107,2021-04-09,2021,4,Friday,0,0,0,Barangka Ilaya,Pasig River,8.1,180.3,0.459,0.796,35610,19,24.1,87.0,158.6,29.8,86.9,9.8,1.1,154.4,7.4,Medium
FLD-002108,2024-10-27,2024,10,Sunday,1,1,0,Barangka Drive,Pasig River,8.4,215.1,0.535,0.851,36564,17,10.3,42.7,254.5,28.9,74.7,16.3,1.2,108.3,6.5,Medium
FLD-002109,2024-02-25,2024,2,Sunday,1,0,1,Buayang Bato,Buayang Bato Creek,13.9,313.6,0.564,0.781,34925,14,20.5,36.1,232.7,29.9,56.8,8.4,1.23,191.4,7.8,Medium
FLD-002110,2021-10-30,2021,10,Saturday,1,1,0,Harapin ang Bukas,Drainage,17.5,541.6,0.619,0.758,24372,14,8.1,61.6,195.5,30.2,74.2,13.3,1.05,19.4,3.6,Low
FLD-002111,2024-08-06,2024,8,Tuesday,0,1,0,Buayang Bato,Buayang Bato Creek,13.5,292.3,0.58,0.782,35572,20,41.4,56.8,228.4,28.1,79.0,3.6,1.48,230.7,4.1,Medium
FLD-002112,2025-09-10,2025,9,Wednesday,0,1,0,New Zañiga,Buhangin Creek,7.1,141.3,0.522,0.806,33500,21,11.7,31.7,122.2,29.9,65.0,5.2,1.3,145.9,4.5,Medium
FLD-002113,2022-02-21,2022,2,Monday,0,0,0,Burol,Drainage,20.5,701.3,0.597,0.691,20936,18,1.5,89.8,207.2,33.1,64.9,13.9,0.83,106.2,5.2,Low
FLD-002114,2025-08-04,2025,8,Monday,0,1,0,Bagong Silang,Drainage,17.4,570.2,0.668,0.762,26616,18,29.3,94.9,313.7,31.7,75.4,6.3,1.39,90.8,7.4,Medium
FLD-002115,2025-05-04,2025,5,Sunday,1,1,1,Buayang Bato,Buayang Bato Creek,14.5,340.0,0.556,0.801,34193,16,31.9,151.4,517.6,28.0,73.3,8.3,1.07,186.8,14.7,High
FLD-002116,2025-03-07,2025,3,Friday,0,0,0,Hagdan Bato Libis,Drainage,16.8,530.7,0.61,0.716,29339,17,82.5,134.9,439.2,27.3,80.3,12.2,1.0,178.3,9.0,High
FLD-002117,2023-11-20,2023,11,Monday,0,1,0,Daang Bakal,Maytunas Creek,11.3,388.1,0.566,0.762,30411,14,3.6,24.3,130.0,28.7,82.7,13.3,0.99,81.5,3.8,Low
FLD-002118,2022-08-31,2022,8,Wednesday,0,1,0,Bagong Silang,Drainage,18.6,597.8,0.669,0.699,27810,15,8.7,111.4,245.4,30.1,73.4,5.9,0.77,119.4,6.4,Low
FLD-002119,2026-03-18,2026,3,Wednesday,0,0,2,Burol,Drainage,22.2,698.1,0.695,0.753,19082,12,72.6,113.7,142.4,30.5,72.1,32.6,0.82,260.2,10.0,High
FLD-002120,2024-08-10,2024,8,Saturday,1,1,1,Barangka Itaas,Pasig River,10.3,295.7,0.531,0.758,34296,16,310.2,377.0,535.5,22,100,8.8,1.88,633.1,20.5,High
FLD-002121,2022-10-26,2022,10,Wednesday,0,1,3,Hagdan Bato Itaas,Drainage,21.9,750.1,0.671,0.716,22629,17,86.4,159.0,203.7,28.4,81.3,44.6,0.95,229.3,11.5,High
FLD-002122,2022-11-01,2022,11,Tuesday,0,1,0,Buayang Bato,Buayang Bato Creek,13.7,310.6,0.627,0.75,35168,14,20.5,83.6,171.0,27.0,78.6,6.2,1.07,68.3,4.9,Low
FLD-002123,2024-03-11,2024,3,Monday,0,0,0,Malamig,Tributary,20.2,555.5,0.686,0.718,32140,13,23.4,57.3,157.6,32.4,70.9,3.8,1.1,96.7,4.7,Medium
FLD-002124,2025-06-17,2025,6,Tuesday,0,1,1,Poblacion,Buhangin Creek,6.3,67.1,0.474,0.772,37840,13,23.7,48.8,128.0,29.3,73.5,8.7,1.23,216.5,5.0,High
FLD-002125,2024-03-09,2024,3,Saturday,1,0,0,Malamig,Tributary,21.0,589.7,0.645,0.761,31049,15,4.8,53.3,204.0,31.7,62.6,6.3,1.18,3.9,9.0,Low
FLD-002126,2021-01-22,2021,1,Friday,0,0,0,Hagdan Bato Libis,Drainage,15.7,501.7,0.567,0.725,27250,13,3.4,85.5,137.0,31.2,72.8,7.8,0.86,84.6,4.3,Medium
FLD-002127,2025-04-06,2025,4,Sunday,1,0,0,Daang Bakal,Maytunas Creek,12.0,294.0,0.6,0.779,31952,17,28.2,71.4,131.2,30.5,58.2,3.5,1.2,141.2,4.7,Medium
FLD-002128,2024-10-01,2024,10,Tuesday,0,1,2,Malamig,Tributary,19.6,605.5,0.689,0.648,27394,12,19.4,100.9,232.9,29.6,75.6,22.3,1.31,162.8,6.2,Medium
FLD-002129,2025-04-24,2025,4,Thursday,0,0,2,New Zañiga,Buhangin Creek,7.6,128.5,0.538,0.748,36601,16,97.3,159.6,190.3,28.9,86.5,24.8,1.33,332.3,13.5,High
FLD-002130,2022-06-07,2022,6,Tuesday,0,1,0,Barangka Ibaba,Pasig River,5.8,67.5,0.436,0.896,40600,25,30.7,36.0,373.2,28.3,81.4,8.1,1.39,124.5,4.3,Low
FLD-002131,2025-10-19,2025,10,Sunday,1,1,2,Hulo,Pasig River,5.5,30.3,0.431,0.884,36012,20,72.2,126.5,234.4,26.4,76.4,22.2,0.55,300.2,10.4,High
FLD-002132,2023-06-12,2023,6,Monday,0,1,1,Wack-Wack Greenhills East,Drainage,27.4,1239.9,0.781,0.638,19784,6,93.9,153.7,351.7,26.6,84.1,26.1,1.12,163.9,11.9,High
FLD-002133,2023-07-07,2023,7,Friday,0,1,0,Barangka Ibaba,Pasig River,7.1,46.6,0.48,0.84,41977,22,6.3,69.9,124.6,32.4,71.5,13.3,1.43,264.6,10.1,Medium
FLD-002134,2025-01-04,2025,1,Saturday,1,0,0,Barangka Drive,Pasig River,9.5,222.1,0.472,0.821,37868,16,4.1,34.2,87.1,31.7,70.8,5.6,1.05,117.2,4.2,High
FLD-002135,2025-08-05,2025,8,Tuesday,0,1,0,Wack-Wack Greenhills East,Drainage,27.3,1241.0,0.829,0.653,17269,9,5.1,60.6,149.5,29.2,63.6,8.0,1.35,2.1,1.9,Low
FLD-002136,2021-10-23,2021,10,Saturday,1,1,0,Pleasant Hills,Ermitaño Creek,24.2,989.1,0.675,0.717,26239,11,4.4,88.4,143.5,27.2,79.6,4.1,1.47,69.9,7.8,Medium
FLD-002137,2025-02-09,2025,2,Sunday,1,0,0,Burol,Drainage,20.4,714.0,0.633,0.693,25014,16,9.1,57.1,147.0,31.3,67.2,7.1,0.81,110.8,7.8,Medium
FLD-002138,2022-10-21,2022,10,Friday,0,1,0,Barangka Itaas,Pasig River,9.3,223.3,0.58,0.863,37236,16,92.1,160.1,225.3,30.2,75.7,8.1,1.19,186.9,8.8,High
FLD-002139,2023-07-19,2023,7,Wednesday,0,1,0,Harapin ang Bukas,Drainage,18.3,507.3,0.632,0.741,22045,12,2.8,89.4,217.6,30.5,68.3,9.8,0.57,86.0,3.6,Low
FLD-002140,2022-09-10,2022,9,Saturday,1,1,0,Malamig,Tributary,20.7,617.9,0.618,0.713,29283,13,13.3,42.2,167.1,28.5,74.5,15.4,1.19,76.3,4.8,Low
FLD-002141,2023-07-23,2023,7,Sunday,1,1,0,Plainview,Estero,17.9,539.4,0.651,0.712,27765,12,3.8,83.3,144.6,29.5,79.4,3.7,1.03,66.7,4.8,Low
FLD-002142,2021-07-20,2021,7,Tuesday,0,1,0,Barangka Ibaba,Pasig River,6.8,100.3,0.425,0.917,40420,23,16.4,153.7,527.4,31.2,83.2,0,1.7,146.7,8.6,High
FLD-002143,2021-09-22,2021,9,Wednesday,0,1,0,Mabini-J. Rizal,Maytunas Creek,16.1,429.2,0.623,0.721,32982,9,26.1,92.2,144.6,28.7,78.6,21.0,1.37,74.3,5.5,Low
FLD-002144,2022-03-01,2022,3,Tuesday,0,0,0,Barangka Itaas,Pasig River,9.7,224.8,0.54,0.796,35752,18,150.3,172.5,253.0,27.8,83.5,8.7,0.89,367.5,10.1,High
FLD-002145,2023-05-28,2023,5,Sunday,1,1,1,Mauway,Maytunas Creek,22.9,864.3,0.701,0.696,38470,9,43.0,143.0,393.2,27.7,80.6,9.7,0.98,88.7,7.6,Medium
FLD-002146,2025-04-02,2025,4,Wednesday,0,0,0,Bagong Silang,Drainage,18.7,623.1,0.626,0.753,26650,16,2.8,116.5,187.1,32.8,49.3,2.7,1.36,78.4,6.8,Low
FLD-002147,2022-11-24,2022,11,Thursday,0,1,0,Hulo,Pasig River,5.5,71.8,0.369,0.837,37127,21,53.7,129.1,186.3,25.8,69.1,0.5,0.39,144.6,12.0,High
FLD-002148,2023-05-17,2023,5,Wednesday,0,1,0,Barangka Ilaya,Pasig River,8.1,156.1,0.503,0.821,40208,20,9.7,117.9,319.1,30.8,74.3,38.7,0.97,73.6,7.0,Low
FLD-002149,2021-01-14,2021,1,Thursday,0,0,0,Plainview,Estero,18.0,444.9,0.577,0.767,31178,13,5.7,58.7,202.0,33.1,63.5,4.6,0.76,0.9,6.3,Low
FLD-002150,2026-02-09,2026,2,Monday,0,0,0,Plainview,Estero,18.4,508.9,0.615,0.726,30009,16,3.6,11.5,86.6,30.6,60.2,19.4,0.75,6.1,0.5,Low
FLD-002151,2021-08-03,2021,8,Tuesday,0,1,0,Barangka Ilaya,Pasig River,7.4,143.3,0.485,0.829,38941,19,11.5,82.8,162.5,29.8,64.6,14.4,1.18,114.3,7.0,Medium
FLD-002152,2021-06-25,2021,6,Friday,0,1,0,Bagong Silang,Drainage,17.3,561.4,0.672,0.623,23445,14,6.7,51.7,93.2,29.9,66.8,4.6,0.94,20.9,3.1,Low
FLD-002153,2025-10-04,2025,10,Saturday,1,1,0,Wack-Wack Greenhills East,Drainage,26.8,1200.7,0.79,0.635,23203,5,2.4,73.6,287.2,27.9,77.5,8.2,1.1,0,4.1,Low
FLD-002154,2026-04-20,2026,4,Monday,0,0,2,Barangka Drive,Pasig River,9.7,205.3,0.521,0.788,31941,16,29.9,133.6,265.4,32.2,74.8,17.6,0.74,143.0,10.6,High
FLD-002155,2022-10-12,2022,10,Wednesday,0,1,0,Poblacion,Buhangin Creek,5.4,105.7,0.469,0.828,35946,17,26.1,87.0,166.6,30.4,80.2,17.0,1.25,102.2,6.7,Medium
FLD-002156,2022-07-05,2022,7,Tuesday,0,1,2,Hulo,Pasig River,5.8,82.9,0.464,0.906,38990,17,178.8,221.0,316.1,25.0,92.8,23.1,1.04,435.5,18.0,High
FLD-002157,2023-08-19,2023,8,Saturday,1,1,0,Poblacion,Buhangin Creek,7.1,57.5,0.436,0.794,42422,22,73.0,109.6,317.3,29.8,85.4,12.1,1.22,171.6,9.0,High
FLD-002158,2021-02-03,2021,2,Wednesday,0,0,2,Daang Bakal,Maytunas Creek,11.2,360.6,0.648,0.834,29288,12,40.3,114.1,201.0,29.8,60.5,28.6,1.13,217.8,9.8,Medium
FLD-002159,2022-09-06,2022,9,Tuesday,0,1,0,Highway Hills,Maytunas Creek,28.2,867.2,0.744,0.816,44181,6,3.3,86.5,227.1,30.5,72.6,0,1.11,33.9,5.7,Medium
FLD-002160,2021-01-11,2021,1,Monday,0,0,2,Barangka Itaas,Pasig River,9.7,246.3,0.523,0.869,33775,18,27.2,41.0,213.9,32.3,63.8,19.8,1.57,224.8,10.5,Medium
FLD-002161,2022-05-17,2022,5,Tuesday,0,1,0,Plainview,Estero,18.3,530.1,0.638,0.706,30051,13,6.7,77.5,95.9,29.9,78.4,28.4,1.51,12.9,4.0,Low
FLD-002162,2023-12-24,2023,12,Sunday,1,0,1,Malamig,Tributary,20.3,548.4,0.675,0.676,29941,12,113.1,146.2,228.6,29.0,78.5,13.5,1.11,194.0,8.2,High
FLD-002163,2024-08-06,2024,8,Tuesday,0,1,0,Burol,Drainage,19.7,730.6,0.669,0.676,21448,15,51.7,66.1,129.5,26.3,68.2,9.7,1.8,133.6,7.0,Medium
FLD-002164,2021-10-30,2021,10,Saturday,1,1,2,Burol,Drainage,20.8,701.0,0.651,0.606,21430,12,46.0,166.0,175.8,30.1,74.6,24.8,1.21,200.3,12.5,Medium
FLD-002165,2026-03-18,2026,3,Wednesday,0,0,0,Barangka Ibaba,Pasig River,6.3,112.5,0.425,0.898,39403,21,3.6,87.1,117.1,32.7,51.9,12.3,1.22,104.7,6.5,Medium
FLD-002166,2021-07-16,2021,7,Friday,0,1,1,Barangka Ilaya,Pasig River,9.3,120.5,0.499,0.822,33558,20,37.5,44.9,61.1,29.4,78.6,14.7,1.13,242.2,8.9,High
FLD-002167,2024-05-21,2024,5,Tuesday,0,1,2,Mauway,Maytunas Creek,23.7,827.5,0.647,0.727,39373,10,219.9,295.0,330.3,23.3,100,22.3,1.35,362.2,16.1,High
FLD-002168,2022-06-08,2022,6,Wednesday,0,1,0,Addition Hills,Maytunas Creek,23.8,1004.1,0.682,0.753,47074,9,54.1,141.2,241.8,29.7,79.5,0,1.19,65.9,8.6,Medium
FLD-002169,2022-03-09,2022,3,Wednesday,0,0,2,Mabini-J. Rizal,Maytunas Creek,14.0,479.4,0.611,0.792,30152,21,60.1,82.4,171.7,28.9,83.3,20.4,1.21,253.4,10.0,High
FLD-002170,2023-10-15,2023,10,Sunday,1,1,0,Vergara,Drainage,24.7,809.5,0.751,0.663,23328,10,72.7,101.6,291.3,30.7,78.0,0.7,0.7,83.3,5.8,Medium
FLD-002171,2022-08-15,2022,8,Monday,0,1,0,Barangka Ibaba,Pasig River,7.0,121.2,0.43,0.893,41346,16,7.4,76.7,293.4,31.8,68.8,1.0,0.95,177.6,7.0,Low
FLD-002172,2021-12-12,2021,12,Sunday,1,0,0,Pleasant Hills,Ermitaño Creek,25.4,992.1,0.702,0.71,24898,10,21.1,49.0,139.6,31.0,71.3,16.9,0.97,76.9,1.6,Low
FLD-002173,2021-12-05,2021,12,Sunday,1,0,1,Malamig,Tributary,19.5,628.6,0.661,0.727,29863,10,72.8,152.0,241.0,32.6,61.1,34.7,1.14,230.9,10.5,Medium
FLD-002174,2024-02-16,2024,2,Friday,0,0,0,Barangka Itaas,Pasig River,10.2,250.5,0.548,0.858,32572,17,15.7,108.1,171.2,30.4,62.1,4.1,0.9,65.2,5.9,High
FLD-002175,2022-09-03,2022,9,Saturday,1,1,0,Mabini-J. Rizal,Maytunas Creek,14.8,477.1,0.558,0.706,28235,10,15.3,55.6,133.8,30.6,63.9,9.5,0.96,7.7,6.2,Low
FLD-002176,2025-07-16,2025,7,Wednesday,0,1,1,Poblacion,Buhangin Creek,5.3,114.1,0.453,0.785,40793,22,21.3,148.5,158.2,28.5,80.2,11.2,0.84,194.3,10.5,Medium
FLD-002177,2024-10-14,2024,10,Monday,0,1,3,Addition Hills,Maytunas Creek,25.7,1057.3,0.682,0.77,44131,7,69.8,285.4,628.5,29.3,91.7,32.5,1.32,189.4,17.2,High
FLD-002178,2024-06-27,2024,6,Thursday,0,1,1,Hagdan Bato Itaas,Drainage,23.1,751.2,0.735,0.728,24645,9,19.5,49.2,208.0,31.3,75.2,25.0,1.07,108.8,6.8,High
FLD-002179,2024-11-22,2024,11,Friday,0,1,1,Hulo,Pasig River,6.2,135.4,0.404,0.884,40046,17,46.0,132.1,181.0,28.2,86.0,12.6,1.37,219.1,6.5,High
FLD-002180,2022-12-08,2022,12,Thursday,0,0,0,Namayan,Pasig River,8.2,144.1,0.47,0.854,34918,26,11.0,49.1,101.5,32.9,66.7,12.3,1.16,177.0,7.2,High
FLD-002181,2025-06-08,2025,6,Sunday,1,1,0,Harapin ang Bukas,Drainage,16.7,551.3,0.579,0.74,25050,17,5.3,113.9,474.5,28.2,76.4,4.2,1.02,31.9,7.3,Medium
FLD-002182,2026-05-20,2026,5,Wednesday,0,1,0,Barangka Ibaba,Pasig River,6.1,113.7,0.403,0.928,44944,22,4.9,19.3,45.8,30.8,77.2,16.2,1.58,22.4,8.7,Low
FLD-002183,2026-05-08,2026,5,Friday,0,1,0,Barangka Itaas,Pasig River,8.2,253.9,0.561,0.85,35004,18,33.3,81.9,200.8,28.0,71.8,18.7,1.15,112.0,7.4,High
FLD-002184,2023-11-02,2023,11,Thursday,0,1,1,Pleasant Hills,Ermitaño Creek,25.0,990.3,0.694,0.703,28670,7,60.6,91.8,500.8,27.8,75.9,17.4,1.29,173.6,4.3,High
FLD-002185,2025-10-19,2025,10,Sunday,1,1,0,Mauway,Maytunas Creek,22.4,852.1,0.633,0.709,38605,12,3.5,42.3,141.7,29.8,82.6,10.6,1.05,64.1,3.3,Low
FLD-002186,2022-08-17,2022,8,Wednesday,0,1,2,San Jose,Drainage,21.5,725.5,0.676,0.671,27659,10,60.6,165.6,216.7,27.5,76.7,26.2,1.14,172.2,12.7,High
FLD-002187,2021-04-05,2021,4,Monday,0,0,0,Daang Bakal,Maytunas Creek,12.6,342.0,0.548,0.748,31981,17,9.5,38.5,121.5,31.6,65.0,19.9,1.07,22.0,2.8,Low
FLD-002188,2022-08-22,2022,8,Monday,0,1,1,Barangka Drive,Pasig River,9.6,223.1,0.497,0.836,31107,15,46.2,104.6,176.8,29.4,80.6,16.2,1.67,245.3,10.6,High
FLD-002189,2026-03-06,2026,3,Friday,0,0,0,Pag-Asa,Drainage,20.3,624.0,0.622,0.741,22446,12,0.2,44.3,106.0,29.0,67.7,20.3,1.13,98.6,8.6,Low
FLD-002190,2023-07-22,2023,7,Saturday,1,1,2,Old Zañiga,Buhangin Creek,6.3,156.7,0.481,0.832,36216,25,75.4,96.0,312.8,28.3,80.6,25.9,1.4,272.1,10.9,High
FLD-002191,2023-03-22,2023,3,Wednesday,0,0,1,Highway Hills,Maytunas Creek,30.3,888.7,0.718,0.748,40869,10,98.5,113.5,139.1,28.7,82.7,15.8,1.18,145.1,7.2,Medium
FLD-002192,2022-03-05,2022,3,Saturday,1,0,0,Mauway,Maytunas Creek,23.3,777.9,0.649,0.676,40115,17,5.3,93.4,103.0,35.1,73.1,18.2,0.78,116.5,6.2,Low
FLD-002193,2023-08-25,2023,8,Friday,0,1,1,Burol,Drainage,21.2,684.2,0.63,0.647,24062,13,131.3,209.7,318.9,27.5,93.2,26.2,1.27,174.1,14.0,High
FLD-002194,2025-10-05,2025,10,Sunday,1,1,0,Pag-Asa,Drainage,19.6,669.9,0.676,0.732,22188,13,70.1,170.5,320.1,28.9,71.4,2.8,1.17,106.2,10.7,Medium
FLD-002195,2021-10-17,2021,10,Sunday,1,1,1,Bagong Silang,Drainage,16.5,564.6,0.635,0.724,27258,15,21.0,45.7,308.8,30.7,75.7,20.7,1.41,223.3,5.2,Medium
FLD-002196,2022-09-22,2022,9,Thursday,0,1,1,Vergara,Drainage,24.6,785.1,0.785,0.636,22049,9,62.9,95.0,184.0,29.1,82.8,7.3,1.34,75.8,5.9,High
FLD-002197,2025-02-11,2025,2,Tuesday,0,0,0,San Jose,Drainage,21.7,749.4,0.707,0.691,28695,17,3.6,67.2,122.5,32.0,73.2,0,0.92,13.9,3.0,Low
FLD-002198,2024-12-24,2024,12,Tuesday,0,0,3,San Jose,Drainage,21.8,672.0,0.701,0.67,25277,8,333.7,419.6,505.7,22,98.3,27.4,0.97,590.9,24.2,High
FLD-002199,2023-10-04,2023,10,Wednesday,0,1,0,Plainview,Estero,17.8,470.6,0.633,0.751,31970,14,3.0,15.0,335.8,29.8,64.1,20.3,1.43,80.1,3.5,Medium
FLD-002200,2024-10-22,2024,10,Tuesday,0,1,0,Hulo,Pasig River,7.2,113.5,0.395,0.859,40194,23,17.2,163.4,298.1,31.0,76.4,16.0,1.39,177.3,7.8,Medium
FLD-002201,2026-01-24,2026,1,Saturday,1,0,0,Daang Bakal,Maytunas Creek,10.9,377.3,0.595,0.787,31038,12,7.7,54.2,152.1,33.6,65.2,10.4,0.63,149.8,6.0,Medium
FLD-002202,2024-06-05,2024,6,Wednesday,0,1,0,Hagdan Bato Libis,Drainage,16.6,493.1,0.622,0.704,26296,17,6.7,88.0,324.5,28.7,79.8,23.6,1.16,112.8,8.3,Low
FLD-002203,2021-03-29,2021,3,Monday,0,0,0,Poblacion,Buhangin Creek,5.3,39.5,0.512,0.859,42712,24,13.8,54.9,167.3,30.8,66.2,7.5,0.61,97.9,5.7,Medium
FLD-002204,2025-12-19,2025,12,Friday,0,0,0,Hagdan Bato Itaas,Drainage,22.5,751.3,0.664,0.694,23939,19,12.3,17.0,83.3,31.7,64.5,38.3,1.12,4.4,1.7,Low
FLD-002205,2026-03-12,2026,3,Thursday,0,0,1,Poblacion,Buhangin Creek,6.1,59.3,0.401,0.788,45883,17,46.3,66.5,115.0,29.2,73.0,9.3,1.01,156.6,5.6,High
FLD-002206,2025-02-13,2025,2,Thursday,0,0,0,Highway Hills,Maytunas Creek,30.3,880.3,0.69,0.777,43132,5,35.2,100.5,146.6,31.3,72.3,9.4,1.16,3.8,7.9,Low
FLD-002207,2025-12-20,2025,12,Saturday,1,0,0,San Jose,Drainage,21.9,726.5,0.707,0.655,28858,16,13.8,142.6,190.7,31.6,66.7,10.8,1.15,140.0,7.5,Low
FLD-002208,2025-12-23,2025,12,Tuesday,0,0,0,Hagdan Bato Itaas,Drainage,21.6,726.1,0.697,0.709,24779,14,26.0,49.0,56.2,30.0,68.7,21.9,0.98,7.1,4.6,Low
FLD-002209,2021-09-19,2021,9,Sunday,1,1,0,Plainview,Estero,17.1,482.6,0.607,0.7,32296,17,2.2,71.8,237.5,31.0,73.1,13.9,1.05,5.3,5.9,Low
FLD-002210,2024-11-06,2024,11,Wednesday,0,1,1,Bagong Silang,Drainage,19.6,610.9,0.598,0.675,26220,13,115.7,140.3,195.1,26.5,80.3,15.1,1.09,257.4,9.4,High
FLD-002211,2023-11-08,2023,11,Wednesday,0,1,0,Mabini-J. Rizal,Maytunas Creek,14.2,440.5,0.624,0.7,30921,14,2.4,71.5,259.4,29.1,89.2,14.2,1.21,12.2,1.5,Low
FLD-002212,2021-08-14,2021,8,Saturday,1,1,2,Old Zañiga,Buhangin Creek,6.4,200.6,0.517,0.791,32884,22,46.8,191.5,238.1,29.4,74.4,27.6,1.2,222.6,11.3,High
FLD-002213,2024-12-17,2024,12,Tuesday,0,0,0,Barangka Ilaya,Pasig River,9.4,150.2,0.511,0.834,37830,22,23.3,66.7,181.0,29.5,72.5,8.9,1.52,156.0,6.0,Medium
FLD-002214,2025-07-01,2025,7,Tuesday,0,1,3,Barangka Ilaya,Pasig River,7.6,174.1,0.436,0.85,34419,26,72.8,147.6,303.5,25.9,85.9,34.8,0.76,188.0,12.9,High
FLD-002215,2021-08-09,2021,8,Monday,0,1,0,Addition Hills,Maytunas Creek,24.6,999.7,0.694,0.728,46111,6,3.2,199.8,347.0,30.0,71.3,11.8,1.26,95.8,10.7,Medium
FLD-002216,2025-05-03,2025,5,Saturday,1,1,2,Barangka Ibaba,Pasig River,7.1,94.9,0.486,0.926,42426,24,19.0,47.9,167.1,30.0,81.0,36.6,0.86,159.2,9.0,High
FLD-002217,2023-01-07,2023,1,Saturday,1,0,1,Daang Bakal,Maytunas Creek,12.9,353.2,0.574,0.789,32854,17,44.6,59.9,158.8,29.2,68.4,24.1,1.04,95.4,5.1,Medium
FLD-002218,2023-03-28,2023,3,Tuesday,0,0,0,Harapin ang Bukas,Drainage,16.6,559.2,0.551,0.737,22138,13,10.8,19.6,63.9,30.1,63.3,3.1,0.73,42.3,3.3,Low
FLD-002219,2024-07-22,2024,7,Monday,0,1,0,Pag-Asa,Drainage,18.7,635.9,0.616,0.725,23863,12,12.6,63.4,162.0,32.4,76.9,10.9,1.15,20.5,5.6,Low
FLD-002220,2026-02-22,2026,2,Sunday,1,0,0,Hulo,Pasig River,5.5,83.9,0.472,0.881,36853,27,18.3,36.2,189.0,32.4,58.5,9.0,0.99,106.2,6.0,Medium
FLD-002221,2026-02-21,2026,2,Saturday,1,0,1,Barangka Itaas,Pasig River,9.1,225.8,0.579,0.817,31991,17,136.0,176.9,272.0,27.7,87.3,6.5,1.09,247.7,10.2,High
FLD-002222,2021-01-04,2021,1,Monday,0,0,1,Barangka Drive,Pasig River,9.3,212.6,0.475,0.812,35993,15,39.1,166.1,257.5,29.1,63.8,31.5,0.99,189.7,12.1,High
FLD-002223,2025-12-15,2025,12,Monday,0,0,0,Barangka Ilaya,Pasig River,7.5,161.2,0.492,0.855,36397,22,0.8,6.1,48.8,34.2,71.8,21.8,1.07,3.1,1.0,Low
FLD-002224,2025-02-15,2025,2,Saturday,1,0,0,Poblacion,Buhangin Creek,6.3,101.6,0.535,0.797,42713,21,35.5,51.5,301.2,31.8,58.9,6.5,0.87,135.5,7.4,Low
FLD-002225,2024-07-26,2024,7,Friday,0,1,0,Mauway,Maytunas Creek,22.6,829.6,0.634,0.752,37611,12,152.2,194.9,454.4,28.1,88.5,2.8,1.08,218.3,6.1,High
FLD-002226,2025-08-26,2025,8,Tuesday,0,1,0,Barangka Drive,Pasig River,8.2,211.0,0.447,0.785,31102,17,13.2,83.1,357.5,29.1,72.9,1.2,1.34,152.4,9.2,Medium
FLD-002227,2022-10-11,2022,10,Tuesday,0,1,0,Plainview,Estero,18.9,488.2,0.679,0.67,28484,11,21.0,80.8,121.5,30.2,73.0,16.1,1.41,76.8,5.0,Low
FLD-002228,2024-08-29,2024,8,Thursday,0,1,0,Old Zañiga,Buhangin Creek,7.2,138.8,0.475,0.766,30574,20,17.8,146.4,393.2,30.8,69.3,1.9,1.11,142.2,9.4,Medium
FLD-002229,2023-08-05,2023,8,Saturday,1,1,2,Hagdan Bato Libis,Drainage,15.2,515.4,0.635,0.735,31855,10,23.4,88.1,138.5,31.4,73.3,18.3,0.73,178.5,9.6,Medium
FLD-002230,2022-11-30,2022,11,Wednesday,0,1,2,Barangka Ibaba,Pasig River,7.0,68.2,0.462,0.882,39769,18,30.1,69.6,241.0,28.2,73.3,17.2,1.49,138.4,9.4,High
FLD-002231,2025-10-17,2025,10,Friday,0,1,1,Daang Bakal,Maytunas Creek,11.6,388.0,0.588,0.76,33732,13,90.6,177.0,515.1,26.0,79.4,7.8,1.2,236.6,12.2,High
FLD-002232,2021-07-15,2021,7,Thursday,0,1,0,Hagdan Bato Itaas,Drainage,21.5,817.5,0.734,0.696,29858,9,13.5,238.7,323.2,28.4,79.7,0.7,1.33,87.3,11.1,Low
FLD-002233,2024-04-07,2024,4,Sunday,1,0,0,Hulo,Pasig River,6.6,74.6,0.39,0.841,36806,20,9.2,61.9,455.2,29.5,64.6,8.7,0.91,186.3,4.8,Medium
FLD-002234,2022-02-04,2022,2,Friday,0,0,0,Plainview,Estero,18.7,453.7,0.61,0.712,27347,16,6.7,76.0,271.3,28.6,60.8,7.9,1.23,6.5,4.7,Low
FLD-002235,2024-11-28,2024,11,Thursday,0,1,0,Harapin ang Bukas,Drainage,16.6,511.0,0.604,0.756,22278,15,118.9,249.4,733.1,25.7,77.6,0.6,1.33,282.2,16.8,High
FLD-002236,2021-03-28,2021,3,Sunday,1,0,0,Addition Hills,Maytunas Creek,25.7,992.1,0.668,0.676,44782,12,14.4,38.4,135.4,30.8,69.2,6.0,1.7,46.8,6.1,Medium
FLD-002237,2023-11-11,2023,11,Saturday,1,1,2,Barangka Ilaya,Pasig River,8.2,153.1,0.533,0.868,36418,19,35.1,47.5,133.3,29.2,73.2,30.8,1.29,178.0,8.1,High
FLD-002238,2025-12-30,2025,12,Tuesday,0,0,0,Daang Bakal,Maytunas Creek,12.6,317.2,0.605,0.759,29968,15,13.3,164.0,245.0,32.6,65.5,5.7,1.17,64.1,7.5,Medium
FLD-002239,2021-02-24,2021,2,Wednesday,0,0,0,Barangka Ilaya,Pasig River,8.2,179.1,0.551,0.857,31956,19,9.6,70.9,192.2,30.7,62.4,24.8,0.2,48.8,5.9,High
FLD-002240,2023-05-22,2023,5,Monday,0,1,2,Namayan,Pasig River,8.8,172.6,0.508,0.812,29949,19,49.0,109.7,266.0,29.7,80.2,26.4,0.55,221.1,8.6,High
FLD-002241,2022-07-09,2022,7,Saturday,1,1,0,Hagdan Bato Libis,Drainage,15.2,469.6,0.618,0.663,29746,12,1.0,120.6,367.2,28.4,72.9,3.3,0.95,12.6,6.0,Low
FLD-002242,2022-02-27,2022,2,Sunday,1,0,0,Old Zañiga,Buhangin Creek,7.5,173.3,0.437,0.786,36060,24,0.5,15.4,81.9,31.3,62.4,13.0,1.13,4.4,5.1,Low
FLD-002243,2022-05-09,2022,5,Monday,0,1,0,Pleasant Hills,Ermitaño Creek,25.5,1012.3,0.675,0.695,28288,2,5.2,134.4,337.0,29.9,86.4,13.6,0.97,31.1,5.6,Medium
FLD-002244,2026-03-24,2026,3,Tuesday,0,0,0,Mabini-J. Rizal,Maytunas Creek,14.6,436.0,0.617,0.75,27193,10,53.5,73.6,95.1,32.9,74.0,8.1,1.29,92.7,5.2,Medium
FLD-002245,2021-07-20,2021,7,Tuesday,0,1,2,Bagong Silang,Drainage,17.9,634.9,0.597,0.708,25035,13,242.5,390.3,485.6,24.1,100,32.0,1.25,399.3,20.7,High
FLD-002246,2026-01-06,2026,1,Tuesday,0,0,0,Wack-Wack Greenhills East,Drainage,28.6,1203.3,0.79,0.614,20698,5,0.4,30.4,51.2,29.5,62.4,7.6,0.71,8.7,4.6,Low
FLD-002247,2025-12-17,2025,12,Wednesday,0,0,0,Addition Hills,Maytunas Creek,23.3,981.7,0.669,0.735,48350,3,38.9,67.0,134.6,32.2,64.2,2.6,1.67,73.7,8.9,Medium
FLD-002248,2023-12-07,2023,12,Thursday,0,0,2,Highway Hills,Maytunas Creek,29.2,897.0,0.825,0.787,45087,10,107.8,175.1,341.8,29.1,82.0,32.6,0.94,99.6,13.8,High
FLD-002249,2026-02-01,2026,2,Sunday,1,0,0,Addition Hills,Maytunas Creek,24.7,957.9,0.673,0.732,43633,10,6.8,202.9,286.7,33.7,64.8,2.1,0.53,81.5,11.7,Medium
FLD-002250,2026-01-29,2026,1,Thursday,0,0,0,Hulo,Pasig River,5.9,94.8,0.416,0.824,37936,19,1.0,72.6,154.8,31.7,68.1,10.8,1.2,108.9,5.1,Medium
FLD-002251,2023-04-16,2023,4,Sunday,1,0,0,Burol,Drainage,20.6,709.0,0.584,0.686,20313,13,4.0,63.6,225.9,30.4,60.2,3.5,1.56,4.2,7.4,Low
FLD-002252,2022-06-25,2022,6,Saturday,1,1,0,New Zañiga,Buhangin Creek,7.3,102.9,0.463,0.758,32039,19,27.7,62.0,234.0,30.2,74.4,2.7,1.23,69.9,2.3,Medium
FLD-002253,2022-12-29,2022,12,Thursday,0,0,0,Barangka Ilaya,Pasig River,8.5,160.1,0.492,0.845,32758,21,4.8,183.3,207.1,30.0,61.9,21.5,1.07,111.2,11.3,High
FLD-002254,2021-03-30,2021,3,Tuesday,0,0,0,Wack-Wack Greenhills East,Drainage,28.1,1217.6,0.77,0.656,21040,0,16.2,105.4,127.1,31.3,69.0,14.3,1.21,8.4,4.4,Low
FLD-002255,2024-02-14,2024,2,Wednesday,0,0,0,Wack-Wack Greenhills East,Drainage,28.0,1215.8,0.828,0.681,18204,2,10.2,18.7,34.0,31.9,58.6,27.7,1.59,71.9,3.3,Low
FLD-002256,2025-12-14,2025,12,Sunday,1,0,0,Barangka Drive,Pasig River,9.4,211.7,0.469,0.82,33340,20,2.8,47.9,98.7,35.5,70.9,9.7,0.69,13.4,5.6,Low
FLD-002257,2023-09-21,2023,9,Thursday,0,1,0,Hagdan Bato Itaas,Drainage,22.3,709.6,0.701,0.704,27708,10,31.9,48.1,179.5,30.6,93.1,4.3,1.07,55.3,5.7,Medium
FLD-002258,2022-11-19,2022,11,Saturday,1,1,1,Vergara,Drainage,24.4,854.1,0.737,0.683,22600,12,37.5,205.2,223.3,29.9,80.4,13.4,1.47,8.3,3.8,Low
FLD-002259,2024-05-02,2024,5,Thursday,0,1,0,Barangka Ilaya,Pasig River,7.6,167.6,0.453,0.863,36371,18,42.6,59.9,196.8,29.2,78.3,17.4,0.95,133.4,7.3,Medium
FLD-002260,2024-01-26,2024,1,Friday,0,0,0,Mabini-J. Rizal,Maytunas Creek,13.1,471.3,0.574,0.732,31391,17,3.2,47.5,229.9,30.5,63.5,10.2,0.8,72.2,5.1,Medium
FLD-002261,2023-03-05,2023,3,Sunday,1,0,0,San Jose,Drainage,22.2,671.1,0.614,0.694,26988,11,6.6,45.2,132.5,32.5,68.0,28.1,1.03,40.2,3.1,Low
FLD-002262,2022-02-20,2022,2,Sunday,1,0,2,Barangka Drive,Pasig River,8.9,228.4,0.564,0.799,32266,17,45.9,103.5,207.8,31.4,75.0,23.7,1.01,195.6,12.3,High
FLD-002263,2022-01-22,2022,1,Saturday,1,0,0,Vergara,Drainage,23.6,831.9,0.738,0.648,21978,10,5.9,54.7,211.5,31.0,65.9,5.8,0.66,63.7,6.6,Medium
FLD-002264,2022-06-30,2022,6,Thursday,0,1,0,Hulo,Pasig River,5.8,116.5,0.394,0.897,40826,23,5.5,67.7,117.8,27.3,60.3,17.8,1.03,76.3,5.7,Medium
FLD-002265,2024-12-17,2024,12,Tuesday,0,0,0,Highway Hills,Maytunas Creek,29.1,879.2,0.766,0.788,43798,12,37.1,84.5,200.3,30.4,67.5,18.1,0.91,135.4,8.6,Low
FLD-002266,2025-02-27,2025,2,Thursday,0,0,1,Malamig,Tributary,20.8,599.1,0.675,0.705,24013,13,60.1,70.1,75.3,31.2,73.8,14.5,1.48,143.4,7.0,High
FLD-002267,2021-09-11,2021,9,Saturday,1,1,1,Mabini-J. Rizal,Maytunas Creek,14.1,476.2,0.67,0.808,28612,14,54.6,126.0,174.5,29.4,66.6,10.6,1.05,205.1,8.4,Medium
FLD-002268,2021-10-28,2021,10,Thursday,0,1,1,Mabini-J. Rizal,Maytunas Creek,15.0,450.2,0.598,0.753,31321,18,46.6,57.5,161.8,29.3,82.6,9.3,0.84,107.3,0.8,Medium
FLD-002269,2025-09-01,2025,9,Monday,0,1,3,Vergara,Drainage,23.2,817.6,0.738,0.646,24429,13,71.0,120.9,240.9,26.8,76.0,28.0,1.3,229.6,9.5,High
FLD-002270,2022-01-17,2022,1,Monday,0,0,1,Barangka Ibaba,Pasig River,6.5,52.9,0.446,0.875,36491,23,15.8,55.0,122.2,31.1,63.7,19.5,1.05,94.1,7.6,Medium
FLD-002271,2024-03-22,2024,3,Friday,0,0,2,Barangka Ilaya,Pasig River,8.9,127.4,0.462,0.852,37429,19,115.1,162.9,245.8,29.0,79.6,21.2,1.29,358.5,12.0,High
FLD-002272,2021-06-13,2021,6,Sunday,1,1,2,Barangka Ilaya,Pasig River,9.1,176.8,0.533,0.854,36383,23,200.4,335.0,469.3,25.3,100,20.1,1.36,481.0,20.4,High
FLD-002273,2023-03-29,2023,3,Wednesday,0,0,0,New Zañiga,Buhangin Creek,7.1,157.2,0.503,0.751,35342,17,46.7,121.7,192.5,31.2,73.7,0,0.61,80.1,8.9,High
FLD-002274,2024-08-12,2024,8,Monday,0,1,0,Harapin ang Bukas,Drainage,16.5,579.5,0.634,0.777,24494,13,50.0,93.9,129.0,28.7,80.5,5.4,1.16,116.4,7.6,Medium
FLD-002275,2021-12-14,2021,12,Tuesday,0,0,1,Old Zañiga,Buhangin Creek,7.7,143.3,0.427,0.821,35158,22,108.0,183.0,249.9,27.4,76.8,13.2,0.57,249.7,11.6,High
FLD-002276,2021-07-17,2021,7,Saturday,1,1,0,Hagdan Bato Itaas,Drainage,22.3,769.2,0.664,0.689,26532,13,0.1,258.9,523.0,30.4,67.1,10.4,1.16,32.8,12.4,Medium
FLD-002277,2026-01-24,2026,1,Saturday,1,0,0,Pag-Asa,Drainage,19.1,683.1,0.635,0.681,22841,9,13.7,51.3,72.4,32.9,67.4,7.3,0.9,23.2,5.0,Low
FLD-002278,2023-04-30,2023,4,Sunday,1,0,0,Barangka Drive,Pasig River,9.6,242.6,0.481,0.827,31034,15,33.2,45.9,68.0,34.2,74.9,8.6,1.22,161.6,4.5,High
FLD-002279,2023-10-24,2023,10,Tuesday,0,1,1,Mauway,Maytunas Creek,23.0,806.6,0.649,0.731,39616,7,111.0,130.3,273.3,25.2,83.6,14.3,1.09,274.5,9.3,Medium
FLD-002280,2026-05-10,2026,5,Sunday,1,1,0,Malamig,Tributary,19.7,626.0,0.675,0.729,35887,17,4.0,84.0,235.2,31.6,77.2,3.1,1.12,91.5,4.5,High
FLD-002281,2023-01-15,2023,1,Sunday,1,0,0,Wack-Wack Greenhills East,Drainage,27.1,1217.8,0.797,0.686,19408,5,4.4,41.0,159.1,33.1,66.4,9.0,0.75,2.5,2.4,Low
FLD-002282,2024-04-12,2024,4,Friday,0,0,1,Plainview,Estero,17.8,519.7,0.649,0.712,31397,9,270.7,330.2,406.6,25.3,99.4,19.8,1.19,446.8,16.1,High
FLD-002283,2024-10-02,2024,10,Wednesday,0,1,0,Bagong Silang,Drainage,18.6,622.2,0.6,0.676,23303,17,43.5,70.3,160.9,29.3,87.1,12.7,1.03,14.3,3.5,Low
FLD-002284,2023-08-25,2023,8,Friday,0,1,1,Barangka Ilaya,Pasig River,8.4,154.9,0.439,0.832,35855,20,43.8,91.0,163.8,29.2,78.5,27.5,1.11,183.7,9.0,Medium
FLD-002285,2026-02-10,2026,2,Tuesday,0,0,2,Buayang Bato,Buayang Bato Creek,14.1,316.8,0.567,0.772,30392,17,42.4,52.5,146.5,28.0,80.8,19.0,0.99,129.8,7.0,High
FLD-002286,2024-02-24,2024,2,Saturday,1,0,0,Hulo,Pasig River,7.7,91.4,0.406,0.802,38532,20,9.1,66.8,92.0,32.9,63.0,8.9,1.5,89.2,5.6,High
FLD-002287,2025-05-06,2025,5,Tuesday,0,1,0,Vergara,Drainage,23.7,780.8,0.686,0.641,26276,9,33.3,88.4,249.4,29.0,70.6,6.3,1.33,89.0,4.8,Medium
FLD-002288,2021-03-09,2021,3,Tuesday,0,0,0,Old Zañiga,Buhangin Creek,7.8,100.4,0.582,0.817,33316,18,110.7,115.1,174.4,29.3,76.0,14.9,0.75,264.9,10.0,High
FLD-002289,2021-08-18,2021,8,Wednesday,0,1,0,New Zañiga,Buhangin Creek,7.8,177.7,0.547,0.779,38103,14,7.3,22.5,72.8,31.7,73.3,6.5,1.1,85.0,7.6,Low
FLD-002290,2024-09-29,2024,9,Sunday,1,1,2,Old Zañiga,Buhangin Creek,7.0,137.5,0.543,0.824,32747,24,41.4,80.0,139.4,28.7,80.7,41.7,1.2,215.5,4.9,Medium
FLD-002291,2026-01-11,2026,1,Sunday,1,0,1,Old Zañiga,Buhangin Creek,7.0,152.6,0.483,0.812,36157,18,71.2,101.8,186.6,29.8,80.0,23.7,1.45,246.7,9.5,High
FLD-002292,2021-01-25,2021,1,Monday,0,0,1,Old Zañiga,Buhangin Creek,8.3,172.1,0.557,0.834,33892,16,46.1,108.8,258.2,31.3,73.6,16.9,1.1,154.9,4.9,High
FLD-002293,2024-12-29,2024,12,Sunday,1,0,0,Hagdan Bato Libis,Drainage,15.2,498.1,0.576,0.731,27794,15,2.2,100.8,141.8,32.8,62.9,10.4,1.37,142.0,5.9,Low
FLD-002294,2021-04-19,2021,4,Monday,0,0,0,Mauway,Maytunas Creek,23.3,871.7,0.672,0.694,38259,10,17.0,47.1,132.5,31.5,72.7,2.8,1.2,46.6,1.6,Low
FLD-002295,2024-10-01,2024,10,Tuesday,0,1,1,Harapin ang Bukas,Drainage,16.7,493.4,0.595,0.725,23885,13,9.4,24.2,227.9,28.5,78.1,9.7,1.25,177.3,6.6,Low
FLD-002296,2024-03-22,2024,3,Friday,0,0,0,New Zañiga,Buhangin Creek,7.8,170.7,0.537,0.793,35681,16,5.8,24.3,332.6,34.1,72.4,6.0,1.17,112.3,3.8,Low
FLD-002297,2025-02-14,2025,2,Friday,0,0,0,Burol,Drainage,20.3,723.7,0.695,0.645,22453,13,141.6,368.4,478.5,28.1,82.6,9.5,0.67,266.9,13.2,High
FLD-002298,2024-05-12,2024,5,Sunday,1,1,1,Bagong Silang,Drainage,18.3,622.1,0.622,0.709,25340,15,20.1,40.8,123.0,31.1,78.4,18.2,1.63,174.8,4.1,Medium
FLD-002299,2022-09-12,2022,9,Monday,0,1,0,Hagdan Bato Libis,Drainage,15.7,488.5,0.557,0.744,26848,20,4.2,50.2,199.3,30.0,79.5,27.3,1.06,60.7,4.1,Medium
FLD-002300,2024-04-10,2024,4,Wednesday,0,0,0,Bagong Silang,Drainage,19.0,599.1,0.597,0.714,23538,11,5.9,42.2,126.2,30.7,60.3,0,0.76,15.5,2.4,Low
FLD-002301,2022-09-25,2022,9,Sunday,1,1,2,Barangka Itaas,Pasig River,9.8,236.9,0.534,0.785,33687,17,82.3,177.9,244.2,29.5,82.9,22.1,0.78,277.4,15.0,High
FLD-002302,2022-05-30,2022,5,Monday,0,1,1,Pag-Asa,Drainage,20.4,667.9,0.655,0.757,21820,9,81.8,146.1,189.6,26.5,92.6,23.7,0.91,139.5,5.8,Medium
FLD-002303,2023-07-23,2023,7,Sunday,1,1,1,Burol,Drainage,21.5,679.2,0.636,0.7,23748,18,20.9,42.2,152.4,29.4,72.6,10.2,0.84,0.8,4.1,Low
FLD-002304,2021-11-01,2021,11,Monday,0,1,0,Buayang Bato,Buayang Bato Creek,13.7,357.0,0.563,0.723,38866,18,2.3,12.5,157.3,30.5,88.1,2.9,1.12,48.2,4.3,High
FLD-002305,2025-05-26,2025,5,Monday,0,1,1,Hagdan Bato Libis,Drainage,15.9,481.5,0.626,0.739,28303,12,16.6,77.7,98.4,30.7,82.8,19.7,1.05,13.4,9.8,Low
FLD-002306,2023-11-24,2023,11,Friday,0,1,0,Buayang Bato,Buayang Bato Creek,13.1,319.4,0.576,0.755,28871,14,1.2,78.7,276.4,28.6,68.3,9.1,1.59,6.2,4.3,Low
FLD-002307,2022-01-29,2022,1,Saturday,1,0,2,Poblacion,Buhangin Creek,5.7,115.1,0.452,0.836,40080,19,61.8,78.9,173.4,32.5,75.3,18.8,0.82,249.5,3.8,High
FLD-002308,2024-04-19,2024,4,Friday,0,0,0,New Zañiga,Buhangin Creek,7.2,118.5,0.515,0.76,37811,21,6.5,45.1,191.4,34.8,69.4,3.4,1.33,158.8,4.9,Medium
FLD-002309,2022-04-02,2022,4,Saturday,1,0,0,Vergara,Drainage,24.0,755.6,0.732,0.663,27315,10,32.3,68.2,88.4,28.0,74.5,18.5,1.51,112.5,7.5,Medium
FLD-002310,2022-09-20,2022,9,Tuesday,0,1,1,Barangka Drive,Pasig River,8.4,184.7,0.512,0.83,35257,23,231.5,401.3,623.3,24.9,98.4,20.9,1.22,517.4,23.5,High
FLD-002311,2025-11-28,2025,11,Friday,0,1,0,Pleasant Hills,Ermitaño Creek,24.9,959.1,0.673,0.687,29409,9,34.3,241.1,647.9,31.7,63.4,9.3,1.48,123.4,9.7,High
FLD-002312,2024-08-02,2024,8,Friday,0,1,1,Hagdan Bato Itaas,Drainage,21.5,805.0,0.705,0.677,27654,17,144.3,309.3,439.3,25.9,81.5,14.8,1.42,247.9,16.6,High
FLD-002313,2021-01-04,2021,1,Monday,0,0,0,Hagdan Bato Itaas,Drainage,21.8,755.4,0.753,0.68,28154,12,40.1,109.7,505.2,27.4,71.4,5.2,1.16,116.3,7.7,Medium
FLD-002314,2021-03-12,2021,3,Friday,0,0,0,Barangka Itaas,Pasig River,10.5,207.7,0.497,0.795,35892,20,15.6,58.7,272.2,29.6,67.2,5.8,1.14,110.7,4.4,Medium
FLD-002315,2023-12-25,2023,12,Monday,0,0,0,Mauway,Maytunas Creek,21.5,838.7,0.659,0.696,40270,11,10.6,79.8,141.0,29.2,66.2,10.9,1.18,4.7,5.4,Low
FLD-002316,2023-04-05,2023,4,Wednesday,0,0,0,Harapin ang Bukas,Drainage,16.2,509.4,0.558,0.759,20038,18,1.4,11.4,182.5,30.3,67.5,8.6,0.79,109.3,6.0,Medium
FLD-002317,2022-09-01,2022,9,Thursday,0,1,3,Mabini-J. Rizal,Maytunas Creek,13.9,467.4,0.542,0.732,27790,16,130.8,214.4,292.3,28.2,79.7,38.2,1.39,314.0,13.6,High
FLD-002318,2022-06-12,2022,6,Sunday,1,1,0,Hulo,Pasig River,5.7,98.4,0.453,0.824,39925,18,2.4,110.4,162.1,30.3,77.5,8.5,1.53,110.2,8.3,Medium
FLD-002319,2023-01-10,2023,1,Tuesday,0,0,0,Harapin ang Bukas,Drainage,17.3,555.9,0.615,0.755,26183,11,20.3,48.4,111.0,30.5,70.4,9.2,0.96,0.9,7.1,Low
FLD-002320,2023-02-23,2023,2,Thursday,0,0,0,Wack-Wack Greenhills East,Drainage,27.5,1164.3,0.881,0.695,18518,8,2.2,124.0,173.9,32.2,68.4,6.5,1.24,76.2,3.7,Low
FLD-002321,2023-11-07,2023,11,Tuesday,0,1,0,Pag-Asa,Drainage,20.3,646.7,0.695,0.749,26980,10,48.6,117.3,316.1,25.7,69.6,14.8,0.86,72.2,2.0,Medium
FLD-002322,2022-02-02,2022,2,Wednesday,0,0,0,Hulo,Pasig River,6.9,163.5,0.466,0.821,38661,18,1.6,151.4,156.9,32.5,72.8,7.4,0.89,19.3,7.7,Low
FLD-002323,2024-04-06,2024,4,Saturday,1,0,0,Bagong Silang,Drainage,17.9,580.3,0.634,0.687,29451,17,11.9,50.3,105.9,29.1,61.1,10.0,1.68,2.7,2.6,Low
FLD-002324,2023-04-05,2023,4,Wednesday,0,0,1,Addition Hills,Maytunas Creek,24.1,1009.9,0.716,0.779,50612,18,50.0,79.1,192.7,33.0,78.6,32.1,0.77,172.5,8.7,Medium
FLD-002325,2025-11-13,2025,11,Thursday,0,1,1,Malamig,Tributary,18.5,547.2,0.648,0.694,26206,10,177.7,230.9,366.6,24.1,89.0,33.6,0.86,356.2,14.0,High
FLD-002326,2021-08-09,2021,8,Monday,0,1,0,New Zañiga,Buhangin Creek,7.2,140.7,0.508,0.777,33488,19,2.3,18.4,63.9,28.9,58.3,14.8,0.89,130.5,3.6,Medium
FLD-002327,2025-06-18,2025,6,Wednesday,0,1,2,New Zañiga,Buhangin Creek,6.3,120.7,0.546,0.785,34400,22,62.3,118.5,165.2,30.4,73.1,25.0,1.51,251.9,10.4,High
FLD-002328,2022-10-30,2022,10,Sunday,1,1,2,New Zañiga,Buhangin Creek,6.9,148.5,0.554,0.752,31978,14,70.9,118.7,445.9,28.0,88.6,32.7,1.07,231.4,14.9,High
FLD-002329,2021-05-25,2021,5,Tuesday,0,1,0,Vergara,Drainage,25.1,852.2,0.738,0.616,23046,11,19.1,102.8,140.7,27.8,73.9,5.2,1.22,12.1,2.8,Low
FLD-002330,2025-11-26,2025,11,Wednesday,0,1,1,Wack-Wack Greenhills East,Drainage,29.4,1184.3,0.855,0.673,18729,7,89.3,181.5,242.1,26.0,84.3,10.9,1.44,164.7,11.5,High
FLD-002331,2025-09-26,2025,9,Friday,0,1,0,Hagdan Bato Itaas,Drainage,21.2,732.0,0.69,0.7,27580,12,31.5,117.5,176.9,31.0,65.4,11.3,1.22,131.6,5.6,Medium
FLD-002332,2026-05-18,2026,5,Monday,0,1,0,Buayang Bato,Buayang Bato Creek,12.9,329.4,0.592,0.717,34534,18,22.6,92.3,184.2,29.3,76.8,14.6,1.27,68.7,5.6,Medium
FLD-002333,2023-08-02,2023,8,Wednesday,0,1,0,Vergara,Drainage,24.0,831.3,0.687,0.596,25099,10,15.9,35.8,127.4,31.7,77.0,6.2,1.42,1.2,3.7,Low
FLD-002334,2024-07-05,2024,7,Friday,0,1,2,Poblacion,Buhangin Creek,7.2,101.9,0.482,0.851,43679,19,149.2,307.8,407.3,27.9,87.4,35.5,1.36,347.5,18.7,High
FLD-002335,2023-01-18,2023,1,Wednesday,0,0,0,Buayang Bato,Buayang Bato Creek,14.0,291.2,0.577,0.73,34289,18,19.6,75.3,144.0,31.2,74.6,23.0,1.41,8.6,5.6,Low
FLD-002336,2022-06-20,2022,6,Monday,0,1,1,Barangka Ilaya,Pasig River,7.9,147.9,0.484,0.852,39888,21,31.0,73.1,91.7,30.3,69.9,9.1,1.06,148.9,7.4,High
FLD-002337,2024-08-02,2024,8,Friday,0,1,1,Plainview,Estero,18.2,496.0,0.662,0.757,29664,8,11.7,177.1,303.9,31.4,82.6,20.7,1.43,148.6,12.1,Medium
FLD-002338,2022-09-17,2022,9,Saturday,1,1,0,Barangka Drive,Pasig River,8.3,189.0,0.538,0.846,33146,19,3.1,54.2,432.5,30.3,69.1,6.6,0.82,161.3,6.3,Medium
FLD-002339,2023-09-24,2023,9,Sunday,1,1,0,Buayang Bato,Buayang Bato Creek,15.2,324.8,0.601,0.761,34668,18,9.1,112.6,145.6,30.8,79.5,9.6,1.19,76.7,6.3,Low
FLD-002340,2024-05-04,2024,5,Saturday,1,1,1,Daang Bakal,Maytunas Creek,11.6,337.4,0.59,0.714,26767,17,71.9,182.7,404.9,30.5,73.7,21.6,0.46,247.0,13.1,High
FLD-002341,2021-04-09,2021,4,Friday,0,0,0,Hagdan Bato Libis,Drainage,15.6,519.0,0.612,0.687,33176,14,2.8,66.5,126.1,30.6,65.5,1.0,1.0,1.5,5.0,Low
FLD-002342,2023-01-01,2023,1,Sunday,1,0,0,Mabini-J. Rizal,Maytunas Creek,14.1,433.9,0.575,0.781,31535,13,11.9,14.7,108.0,29.9,66.4,6.4,1.15,129.0,2.0,Medium
FLD-002343,2026-04-25,2026,4,Saturday,1,0,0,Hagdan Bato Libis,Drainage,16.9,479.3,0.584,0.699,29991,14,13.8,98.1,209.2,30.9,60.9,14.4,0.87,1.3,7.5,Low
FLD-002344,2021-11-02,2021,11,Tuesday,0,1,2,Barangka Ilaya,Pasig River,7.8,142.8,0.472,0.851,34955,15,18.5,52.2,187.5,30.0,75.6,32.4,1.19,0.4,4.2,Low
FLD-002345,2023-11-21,2023,11,Tuesday,0,1,1,Harapin ang Bukas,Drainage,17.8,522.0,0.619,0.753,23788,12,101.5,141.8,478.5,28.2,88.2,20.0,1.22,240.9,7.2,High
FLD-002346,2023-12-13,2023,12,Wednesday,0,0,1,Poblacion,Buhangin Creek,6.3,166.9,0.46,0.776,40877,18,32.7,41.4,141.6,30.6,72.8,18.0,1.1,199.9,6.2,High
FLD-002347,2023-10-19,2023,10,Thursday,0,1,0,Vergara,Drainage,23.3,809.4,0.801,0.627,23201,6,0.4,79.1,139.4,31.2,82.3,19.8,0.74,2.5,5.7,Low
FLD-002348,2025-05-17,2025,5,Saturday,1,1,0,Highway Hills,Maytunas Creek,30.9,909.9,0.717,0.733,46350,7,18.5,110.9,134.9,29.6,85.9,21.0,1.16,82.6,3.9,Low
FLD-002349,2023-08-25,2023,8,Friday,0,1,1,Barangka Ilaya,Pasig River,7.6,119.6,0.428,0.868,34586,21,54.0,242.5,502.9,29.9,72.2,23.7,1.08,171.1,13.0,High
FLD-002350,2026-03-10,2026,3,Tuesday,0,0,0,Mabini-J. Rizal,Maytunas Creek,15.6,441.7,0.683,0.741,35106,14,11.9,83.4,139.6,29.0,67.4,20.9,0.71,1.1,6.0,Low
FLD-002351,2025-12-11,2025,12,Thursday,0,0,1,Daang Bakal,Maytunas Creek,12.2,301.2,0.586,0.767,34902,13,15.6,81.7,188.5,29.4,66.4,28.5,1.27,113.6,5.2,High
FLD-002352,2022-11-07,2022,11,Monday,0,1,1,Harapin ang Bukas,Drainage,16.5,553.0,0.541,0.756,22863,15,10.5,74.5,222.6,26.6,78.2,15.3,0.98,158.4,7.5,High
FLD-002353,2026-02-18,2026,2,Wednesday,0,0,0,Malamig,Tributary,19.2,648.4,0.621,0.752,27893,16,4.0,56.0,144.9,33.0,66.3,7.6,0.61,0.2,2.3,Low
FLD-002354,2022-08-29,2022,8,Monday,0,1,0,San Jose,Drainage,22.3,706.1,0.681,0.706,30016,12,4.0,119.0,175.5,30.3,68.8,6.9,1.05,11.3,5.7,Low
FLD-002355,2023-09-27,2023,9,Wednesday,0,1,0,Mabini-J. Rizal,Maytunas Creek,14.7,455.0,0.617,0.717,36728,14,24.5,171.0,228.6,29.8,60.6,0,1.65,5.9,8.6,Low
FLD-002356,2024-02-26,2024,2,Monday,0,0,0,Hulo,Pasig River,5.5,68.7,0.426,0.911,40732,20,4.1,17.1,123.5,30.9,66.6,16.3,1.25,81.2,4.2,Medium
FLD-002357,2026-04-25,2026,4,Saturday,1,0,1,Plainview,Estero,18.4,476.1,0.654,0.721,33967,18,19.5,27.2,42.7,31.3,72.0,39.9,0.99,136.7,4.1,Low
FLD-002358,2025-06-05,2025,6,Thursday,0,1,1,Addition Hills,Maytunas Creek,24.0,1004.8,0.693,0.737,41248,11,69.9,142.6,326.0,28.7,86.6,6.5,1.22,172.6,9.2,Medium
FLD-002359,2025-07-20,2025,7,Sunday,1,1,1,Wack-Wack Greenhills East,Drainage,27.0,1168.8,0.824,0.606,20627,10,44.3,220.7,314.0,28.1,76.8,23.6,1.01,146.4,9.6,Medium
FLD-002360,2026-01-14,2026,1,Wednesday,0,0,0,Wack-Wack Greenhills East,Drainage,27.6,1205.0,0.819,0.642,16789,3,2.1,108.0,189.8,31.8,64.7,18.0,0.84,2.6,5.2,Low
FLD-002361,2023-08-14,2023,8,Monday,0,1,0,Bagong Silang,Drainage,19.2,614.2,0.629,0.763,23510,13,5.1,10.4,101.9,31.0,73.6,6.0,1.52,93.5,4.2,Low
FLD-002362,2021-09-26,2021,9,Sunday,1,1,0,Pag-Asa,Drainage,20.4,660.2,0.619,0.72,22413,14,29.9,59.8,141.8,29.3,73.0,10.0,0.84,104.7,2.6,Medium
FLD-002363,2023-09-30,2023,9,Saturday,1,1,1,Bagong Silang,Drainage,18.5,622.3,0.619,0.739,27588,18,15.4,59.1,224.7,30.3,79.4,14.5,1.31,71.2,8.7,Medium
FLD-002364,2022-03-30,2022,3,Wednesday,0,0,0,Buayang Bato,Buayang Bato Creek,15.3,304.5,0.573,0.734,34464,20,6.5,46.0,127.1,30.2,65.5,0,1.17,155.8,6.2,Low
FLD-002365,2022-03-21,2022,3,Monday,0,0,0,Highway Hills,Maytunas Creek,29.6,934.6,0.754,0.84,42958,14,28.3,74.2,120.3,30.2,65.9,12.1,0.99,94.7,2.2,Low
FLD-002366,2023-12-29,2023,12,Friday,0,0,2,San Jose,Drainage,22.1,750.6,0.732,0.689,27734,12,80.1,217.6,277.1,29.6,83.0,18.9,0.89,213.3,12.5,High
FLD-002367,2022-07-16,2022,7,Saturday,1,1,1,Pleasant Hills,Ermitaño Creek,24.6,1010.5,0.668,0.688,28240,6,86.6,110.4,173.1,26.9,80.6,16.3,0.99,90.1,6.4,High
FLD-002368,2026-06-20,2026,6,Saturday,1,1,0,Burol,Drainage,20.6,698.5,0.622,0.663,21737,16,95.1,174.0,234.9,28.9,89.2,17.1,1.21,167.1,8.0,High
FLD-002369,2023-09-25,2023,9,Monday,0,1,2,Mauway,Maytunas Creek,22.1,842.0,0.662,0.74,38299,13,42.0,160.0,282.7,27.2,75.0,29.3,1.19,147.7,11.1,High
FLD-002370,2024-08-18,2024,8,Sunday,1,1,1,Namayan,Pasig River,7.7,91.7,0.488,0.79,36549,18,109.9,219.8,409.4,28.5,78.5,13.6,1.09,238.9,12.2,High
FLD-002371,2024-02-06,2024,2,Tuesday,0,0,1,Mabini-J. Rizal,Maytunas Creek,16.2,442.6,0.607,0.726,30765,18,25.3,82.3,220.8,30.6,77.1,11.5,0.98,11.4,6.8,Low
FLD-002372,2022-04-22,2022,4,Friday,0,0,0,New Zañiga,Buhangin Creek,8.3,176.4,0.549,0.797,36519,19,1.9,13.0,144.9,31.7,59.8,2.9,0.52,95.7,4.2,Medium
FLD-002373,2024-07-11,2024,7,Thursday,0,1,0,Bagong Silang,Drainage,19.0,608.2,0.667,0.703,26773,13,13.4,153.5,180.6,28.7,73.4,5.9,1.36,79.8,5.0,Medium
FLD-002374,2026-02-14,2026,2,Saturday,1,0,2,Hagdan Bato Libis,Drainage,17.2,498.8,0.538,0.751,26548,14,81.6,93.8,173.2,27.0,83.4,14.1,0.72,273.4,10.8,High
FLD-002375,2023-04-29,2023,4,Saturday,1,0,1,Hagdan Bato Libis,Drainage,16.9,501.9,0.543,0.751,26300,13,54.8,68.5,120.6,33.7,63.6,12.9,1.37,116.9,5.8,High
FLD-002376,2025-10-15,2025,10,Wednesday,0,1,3,Daang Bakal,Maytunas Creek,12.5,335.1,0.541,0.766,33272,19,167.7,242.4,282.6,24.1,89.8,33.1,1.17,393.3,19.1,High
FLD-002377,2021-06-01,2021,6,Tuesday,0,1,0,Harapin ang Bukas,Drainage,17.9,546.8,0.597,0.764,23276,11,3.4,100.1,115.8,31.5,78.0,5.1,0.93,102.5,8.9,Low
FLD-002378,2021-04-21,2021,4,Wednesday,0,0,0,Daang Bakal,Maytunas Creek,10.4,334.9,0.588,0.762,33950,9,14.2,33.8,160.0,31.4,64.8,5.8,1.27,12.3,0.5,Low
FLD-002379,2025-12-05,2025,12,Friday,0,0,0,Pag-Asa,Drainage,19.5,660.3,0.656,0.72,24551,14,31.0,76.5,114.4,31.8,65.6,5.2,0.82,120.0,8.5,Low
FLD-002380,2022-11-26,2022,11,Saturday,1,1,0,Pag-Asa,Drainage,18.0,669.7,0.605,0.765,25761,13,28.2,47.0,93.6,30.3,80.7,11.5,1.11,5.8,2.9,Low
FLD-002381,2024-05-12,2024,5,Sunday,1,1,0,Hagdan Bato Itaas,Drainage,22.7,818.2,0.725,0.684,30350,13,0.9,10.8,132.7,31.1,68.6,3.5,1.61,2.0,3.5,Low
FLD-002382,2025-10-11,2025,10,Saturday,1,1,0,Bagong Silang,Drainage,18.0,604.6,0.662,0.744,26612,14,16.7,44.7,277.2,27.8,77.4,4.5,1.13,59.1,4.8,Medium
FLD-002383,2025-10-18,2025,10,Saturday,1,1,0,Highway Hills,Maytunas Creek,30.3,874.3,0.754,0.799,44886,11,3.3,71.9,268.9,30.7,68.7,11.8,1.34,41.0,2.4,Low
FLD-002384,2021-11-01,2021,11,Monday,0,1,1,Burol,Drainage,21.2,688.1,0.679,0.717,18189,11,53.7,178.4,317.4,28.3,73.1,11.6,1.14,102.9,11.0,Medium
FLD-002385,2024-01-13,2024,1,Saturday,1,0,0,Barangka Drive,Pasig River,8.4,236.2,0.543,0.802,38053,20,23.4,63.5,120.8,32.7,62.4,14.5,0.98,188.6,6.9,Low
FLD-002386,2025-02-25,2025,2,Tuesday,0,0,1,Hagdan Bato Itaas,Drainage,22.0,750.7,0.738,0.724,28021,13,31.9,41.9,215.1,29.3,69.0,24.1,1.15,200.0,6.3,Medium
FLD-002387,2024-06-11,2024,6,Tuesday,0,1,1,Bagong Silang,Drainage,17.2,583.8,0.614,0.72,25068,10,75.7,83.4,131.8,27.7,78.9,25.3,1.48,201.1,6.0,Medium
FLD-002388,2025-12-18,2025,12,Thursday,0,0,0,Plainview,Estero,18.1,503.8,0.617,0.728,28222,12,31.4,38.0,82.2,31.4,76.8,21.6,1.0,85.9,6.8,Medium
FLD-002389,2025-10-14,2025,10,Tuesday,0,1,0,Mabini-J. Rizal,Maytunas Creek,15.5,438.2,0.602,0.713,30313,14,85.3,230.3,339.3,32.7,82.9,6.2,0.79,165.6,11.3,High
FLD-002390,2026-03-08,2026,3,Sunday,1,0,0,Old Zañiga,Buhangin Creek,6.5,154.0,0.458,0.795,33785,25,28.8,159.1,176.4,30.9,58.1,8.9,0.86,135.9,10.2,High
FLD-002391,2021-05-27,2021,5,Thursday,0,1,0,Poblacion,Buhangin Creek,6.5,62.1,0.495,0.828,45251,28,7.2,64.1,267.7,29.9,69.6,6.7,0.68,0.9,3.9,Low
FLD-002392,2022-08-05,2022,8,Friday,0,1,0,Hulo,Pasig River,5.1,102.8,0.483,0.901,37803,14,3.4,146.9,442.8,32.4,72.6,5.1,1.63,107.9,10.1,Medium
FLD-002393,2026-06-27,2026,6,Saturday,1,1,2,Hagdan Bato Libis,Drainage,15.1,530.3,0.601,0.694,25462,15,80.6,151.0,271.3,27.7,76.2,29.1,1.22,198.3,13.5,High
FLD-002394,2025-03-03,2025,3,Monday,0,0,1,Barangka Ibaba,Pasig River,6.2,109.8,0.467,0.87,39486,20,32.3,106.9,207.7,31.0,66.9,11.9,1.24,151.9,10.1,High
FLD-002395,2024-11-29,2024,11,Friday,0,1,0,Barangka Ilaya,Pasig River,6.9,125.1,0.479,0.765,39509,18,20.8,162.5,232.7,26.3,82.9,15.8,0.8,155.3,11.6,Medium
FLD-002396,2025-10-13,2025,10,Monday,0,1,0,Mabini-J. Rizal,Maytunas Creek,15.3,439.8,0.616,0.757,30016,12,6.8,48.5,281.7,31.0,76.4,13.0,1.13,34.3,4.2,Medium
FLD-002397,2025-05-11,2025,5,Sunday,1,1,1,Mabini-J. Rizal,Maytunas Creek,14.8,419.1,0.553,0.745,34222,20,21.4,68.7,150.4,25.3,73.0,11.7,0.82,167.7,9.1,Low
FLD-002398,2022-02-01,2022,2,Tuesday,0,0,0,Bagong Silang,Drainage,19.0,580.5,0.618,0.694,23003,16,12.7,129.6,243.8,33.4,70.1,14.4,1.34,92.1,8.5,Medium
FLD-002399,2023-08-26,2023,8,Saturday,1,1,1,Barangka Drive,Pasig River,9.4,220.6,0.514,0.826,33406,23,14.0,69.4,169.8,30.1,71.4,15.2,0.93,126.5,6.4,High
FLD-002400,2021-07-10,2021,7,Saturday,1,1,0,Pag-Asa,Drainage,19.1,626.8,0.619,0.701,22399,15,43.2,50.4,67.5,27.7,88.9,9.0,0.74,121.0,1.0,Medium
FLD-002401,2025-12-14,2025,12,Sunday,1,0,1,Highway Hills,Maytunas Creek,29.7,924.7,0.759,0.759,41394,6,59.7,69.9,150.1,30.8,59.9,6.9,0.77,61.0,7.0,Medium
FLD-002402,2023-08-25,2023,8,Friday,0,1,3,Daang Bakal,Maytunas Creek,12.4,376.4,0.546,0.799,34774,12,131.0,182.9,200.7,27.8,81.1,23.8,1.22,329.5,15.4,High
FLD-002403,2025-01-15,2025,1,Wednesday,0,0,0,Pag-Asa,Drainage,20.8,629.1,0.67,0.759,24429,14,6.9,120.4,210.2,32.5,63.7,22.4,1.14,34.8,9.5,Low
FLD-002404,2022-04-12,2022,4,Tuesday,0,0,0,Vergara,Drainage,23.8,753.8,0.769,0.632,23078,11,0.4,65.0,78.6,32.0,72.3,5.6,0.7,66.0,5.3,Low
FLD-002405,2021-06-14,2021,6,Monday,0,1,1,Vergara,Drainage,24.7,740.6,0.753,0.625,19655,7,58.8,77.5,262.6,30.4,83.6,27.0,1.24,222.0,8.1,High
FLD-002406,2023-06-22,2023,6,Thursday,0,1,0,Hagdan Bato Libis,Drainage,17.0,452.8,0.619,0.733,27339,13,39.2,84.9,153.4,28.2,75.2,0,1.57,137.4,5.4,Medium
FLD-002407,2021-03-13,2021,3,Saturday,1,0,0,San Jose,Drainage,23.3,700.8,0.687,0.672,27605,8,2.0,43.0,140.8,34.7,61.7,13.6,0.91,10.7,5.1,Low
FLD-002408,2025-03-18,2025,3,Tuesday,0,0,2,Barangka Ibaba,Pasig River,7.3,54.3,0.418,0.913,41546,18,67.5,97.2,133.6,28.3,72.6,23.6,0.69,267.7,11.8,High
FLD-002409,2022-04-30,2022,4,Saturday,1,0,1,Harapin ang Bukas,Drainage,17.2,557.1,0.635,0.717,23582,11,113.8,159.1,210.1,27.9,82.0,17.1,1.24,155.4,7.9,High
FLD-002410,2025-07-12,2025,7,Saturday,1,1,0,Daang Bakal,Maytunas Creek,12.5,354.3,0.599,0.789,33343,18,13.1,178.6,237.6,32.8,80.9,3.1,1.36,110.6,10.4,Medium
FLD-002411,2021-12-05,2021,12,Sunday,1,0,0,Hulo,Pasig River,6.2,67.9,0.431,0.806,36195,24,0.2,10.8,212.8,33.7,71.3,13.1,1.25,181.6,6.2,Medium
FLD-002412,2024-09-15,2024,9,Sunday,1,1,2,Bagong Silang,Drainage,17.9,588.9,0.643,0.68,24875,14,122.6,225.5,302.7,25.4,90.1,21.3,1.68,260.8,16.2,High
FLD-002413,2026-03-29,2026,3,Sunday,1,0,0,Mabini-J. Rizal,Maytunas Creek,15.5,458.7,0.573,0.684,33511,19,41.6,102.8,266.1,29.4,58.2,0.5,1.17,95.6,7.0,Medium
FLD-002414,2024-01-20,2024,1,Saturday,1,0,0,Malamig,Tributary,20.6,571.9,0.65,0.716,28324,12,19.3,61.7,179.5,30.2,57.7,11.7,1.42,64.1,8.0,Medium
FLD-002415,2021-03-03,2021,3,Wednesday,0,0,1,Namayan,Pasig River,7.8,139.3,0.524,0.823,34965,15,107.0,221.3,330.5,27.8,76.8,11.9,0.58,205.2,12.7,High
FLD-002416,2025-09-27,2025,9,Saturday,1,1,1,Bagong Silang,Drainage,18.5,630.6,0.672,0.669,20416,9,97.0,106.2,215.8,27.0,77.0,12.3,0.98,227.3,10.1,High
FLD-002417,2024-10-17,2024,10,Thursday,0,1,0,Bagong Silang,Drainage,16.9,583.9,0.652,0.735,27223,14,10.7,104.0,178.7,33.1,65.0,2.2,1.51,0.7,5.3,Low
FLD-002418,2024-07-20,2024,7,Saturday,1,1,1,Namayan,Pasig River,8.6,141.8,0.486,0.871,37095,16,75.2,83.4,144.4,31.3,70.6,12.4,0.93,294.4,8.2,High
FLD-002419,2023-08-21,2023,8,Monday,0,1,0,Old Zañiga,Buhangin Creek,7.3,138.0,0.548,0.797,33219,16,7.7,268.8,310.0,32.6,63.0,20.0,0.78,75.0,11.9,Low
FLD-002420,2022-11-24,2022,11,Thursday,0,1,0,Hagdan Bato Itaas,Drainage,22.8,795.3,0.69,0.694,29687,7,5.8,48.6,102.2,27.8,75.0,5.9,1.23,66.9,5.7,Low
FLD-002421,2024-03-11,2024,3,Monday,0,0,0,Malamig,Tributary,19.0,575.2,0.704,0.737,26572,7,20.7,24.1,73.9,32.9,70.2,3.8,0.96,3.9,1.9,Low
FLD-002422,2021-01-28,2021,1,Thursday,0,0,0,Burol,Drainage,20.3,708.8,0.705,0.694,27464,9,1.3,58.2,63.0,31.3,73.7,1.3,1.23,140.9,3.6,Low
FLD-002423,2025-02-15,2025,2,Saturday,1,0,0,Wack-Wack Greenhills East,Drainage,28.2,1194.5,0.799,0.638,20487,6,6.5,78.9,164.4,32.8,55.8,5.4,1.27,38.2,9.0,Low
FLD-002424,2021-02-10,2021,2,Wednesday,0,0,1,Barangka Itaas,Pasig River,9.7,261.5,0.504,0.817,34813,25,46.0,70.0,139.0,30.6,69.7,39.5,0.91,201.1,7.9,High
FLD-002425,2025-05-29,2025,5,Thursday,0,1,0,Highway Hills,Maytunas Creek,29.0,866.4,0.793,0.806,40935,10,5.1,119.5,361.4,31.1,78.4,7.7,1.0,11.2,7.9,Low
FLD-002426,2021-06-13,2021,6,Sunday,1,1,0,Bagong Silang,Drainage,16.9,636.7,0.586,0.683,21808,14,35.8,86.8,187.9,29.6,81.4,9.6,1.67,132.6,4.2,Medium
FLD-002427,2025-04-23,2025,4,Wednesday,0,0,1,Harapin ang Bukas,Drainage,17.7,569.6,0.63,0.741,26047,10,78.9,109.6,169.0,31.7,69.4,9.6,1.0,236.6,10.9,Medium
FLD-002428,2021-08-18,2021,8,Wednesday,0,1,0,Hagdan Bato Libis,Drainage,17.0,497.1,0.616,0.748,28044,16,3.7,104.4,267.7,31.3,60.6,21.8,1.24,114.0,6.8,Medium
FLD-002429,2023-05-20,2023,5,Saturday,1,1,1,Namayan,Pasig River,7.7,81.4,0.537,0.824,31715,20,16.9,181.1,302.5,27.9,75.5,31.9,1.09,251.8,14.6,High
FLD-002430,2023-01-17,2023,1,Tuesday,0,0,0,Old Zañiga,Buhangin Creek,7.0,144.2,0.486,0.803,32107,23,11.3,49.9,185.0,32.6,67.0,15.4,1.03,42.5,7.3,Medium
FLD-002431,2023-02-13,2023,2,Monday,0,0,1,Highway Hills,Maytunas Creek,30.5,911.2,0.723,0.754,41698,13,25.9,90.2,385.3,32.1,65.7,16.7,1.31,151.1,7.4,High
FLD-002432,2022-07-23,2022,7,Saturday,1,1,0,Hagdan Bato Itaas,Drainage,23.1,784.6,0.719,0.692,29046,15,20.2,302.7,361.2,27.6,78.2,7.4,1.22,68.5,12.8,Medium
FLD-002433,2024-03-28,2024,3,Thursday,0,0,0,Pleasant Hills,Ermitaño Creek,25.9,999.1,0.705,0.735,27518,14,0.8,48.3,128.0,28.7,66.1,1.4,0.94,35.2,4.6,Medium
FLD-002434,2026-02-19,2026,2,Thursday,0,0,0,Pleasant Hills,Ermitaño Creek,25.5,969.5,0.725,0.709,28107,7,5.9,72.6,130.8,31.8,63.2,3.1,1.2,147.7,5.3,Low
FLD-002435,2026-06-16,2026,6,Tuesday,0,1,3,Buayang Bato,Buayang Bato Creek,14.2,278.2,0.592,0.707,37315,22,161.7,316.0,437.4,25.1,93.7,21.6,1.07,365.6,15.8,High
FLD-002436,2025-06-08,2025,6,Sunday,1,1,0,Pag-Asa,Drainage,19.7,664.8,0.681,0.738,24327,11,59.7,102.0,326.1,30.0,78.6,11.9,1.2,168.2,6.3,High
FLD-002437,2024-04-04,2024,4,Thursday,0,0,0,Poblacion,Buhangin Creek,6.6,96.3,0.452,0.777,39995,20,16.4,39.1,132.5,31.2,71.4,10.7,1.01,129.7,6.3,Low
FLD-002438,2021-03-21,2021,3,Sunday,1,0,0,Old Zañiga,Buhangin Creek,8.3,171.9,0.486,0.818,35557,19,8.0,43.7,128.9,30.6,57.0,10.6,0.74,61.1,3.1,Medium
FLD-002439,2024-08-06,2024,8,Tuesday,0,1,1,Pleasant Hills,Ermitaño Creek,24.3,987.0,0.695,0.705,25705,12,44.0,81.2,221.2,29.8,79.7,15.1,1.98,211.7,10.9,Medium
FLD-002440,2025-09-06,2025,9,Saturday,1,1,0,Poblacion,Buhangin Creek,4.6,89.5,0.466,0.865,40907,21,22.0,57.5,183.7,27.9,73.9,15.2,0.91,117.5,3.7,High
FLD-002441,2023-03-24,2023,3,Friday,0,0,0,Highway Hills,Maytunas Creek,29.6,886.6,0.769,0.766,40152,9,66.2,166.4,231.0,28.6,72.6,3.2,1.5,1.3,7.2,Low
FLD-002442,2023-03-24,2023,3,Friday,0,0,3,Barangka Ibaba,Pasig River,7.0,49.0,0.469,0.886,39029,25,36.9,56.0,178.6,30.6,72.2,27.8,1.48,210.6,9.8,High
FLD-002443,2023-04-13,2023,4,Thursday,0,0,0,Plainview,Estero,17.8,484.7,0.628,0.707,31451,13,95.5,192.5,265.9,28.2,74.7,10.1,0.98,243.9,11.6,Medium
FLD-002444,2026-03-02,2026,3,Monday,0,0,0,Wack-Wack Greenhills East,Drainage,28.1,1172.6,0.817,0.7,21439,7,1.2,35.0,122.5,29.6,66.8,2.3,0.65,1.4,7.6,Low
FLD-002445,2021-02-27,2021,2,Saturday,1,0,0,Plainview,Estero,17.8,452.7,0.593,0.683,29700,17,78.1,174.5,301.9,30.1,66.5,2.9,1.2,204.0,9.1,High
FLD-002446,2024-01-27,2024,1,Saturday,1,0,2,Mabini-J. Rizal,Maytunas Creek,14.1,422.5,0.637,0.75,31579,15,215.5,239.9,310.0,28.6,83.9,34.6,1.09,338.4,17.8,High
FLD-002447,2021-08-08,2021,8,Sunday,1,1,0,Barangka Itaas,Pasig River,9.7,254.3,0.521,0.824,36682,18,36.4,114.2,175.1,27.9,75.0,21.6,0.64,146.6,7.6,Low
FLD-002448,2022-04-13,2022,4,Wednesday,0,0,0,Barangka Ilaya,Pasig River,7.9,128.7,0.492,0.82,40315,20,7.2,54.3,95.5,30.3,64.5,9.3,1.04,126.2,6.9,Low
FLD-002449,2025-07-03,2025,7,Thursday,0,1,0,Old Zañiga,Buhangin Creek,7.2,189.3,0.526,0.797,34041,22,24.6,113.7,244.4,28.9,70.8,18.0,0.98,54.7,7.3,Medium
FLD-002450,2023-07-04,2023,7,Tuesday,0,1,1,Malamig,Tributary,19.9,639.1,0.714,0.7,26206,9,56.6,117.7,158.7,31.1,72.8,12.2,1.27,188.4,8.5,Medium
FLD-002451,2022-11-05,2022,11,Saturday,1,1,1,Wack-Wack Greenhills East,Drainage,28.2,1183.9,0.815,0.638,23729,6,81.5,167.5,251.8,26.7,95.9,22.4,1.01,100.5,5.8,Medium
FLD-002452,2022-02-09,2022,2,Wednesday,0,0,0,Hagdan Bato Itaas,Drainage,23.2,764.6,0.696,0.679,31387,15,2.7,18.5,167.3,33.3,64.2,9.4,0.96,45.7,2.3,Low
FLD-002453,2022-05-10,2022,5,Tuesday,0,1,0,Poblacion,Buhangin Creek,7.1,119.2,0.496,0.827,42077,15,15.0,127.8,430.7,28.8,77.6,18.7,1.31,180.3,12.2,High
FLD-002454,2025-11-28,2025,11,Friday,0,1,0,Poblacion,Buhangin Creek,6.4,104.3,0.421,0.805,40224,21,55.9,132.8,157.3,29.2,78.8,8.9,1.41,152.5,10.0,Medium
FLD-002455,2024-07-09,2024,7,Tuesday,0,1,2,Buayang Bato,Buayang Bato Creek,13.4,311.4,0.548,0.75,34994,14,79.1,86.0,351.2,27.1,82.7,16.5,1.36,269.0,10.0,High
FLD-002456,2024-05-25,2024,5,Saturday,1,1,0,Pleasant Hills,Ermitaño Creek,25.5,968.3,0.748,0.68,25800,8,14.7,79.7,277.7,29.3,76.6,10.7,1.95,16.0,6.0,Low
FLD-002457,2022-07-17,2022,7,Sunday,1,1,0,Daang Bakal,Maytunas Creek,12.1,340.1,0.598,0.768,34922,14,104.8,263.7,356.4,26.4,83.5,27.8,1.38,256.7,14.1,High
FLD-002458,2023-10-14,2023,10,Saturday,1,1,0,Barangka Ibaba,Pasig River,7.5,111.0,0.491,0.883,40870,17,31.7,79.5,232.4,31.3,74.6,10.5,1.34,157.8,3.8,Medium
FLD-002459,2021-10-02,2021,10,Saturday,1,1,0,Burol,Drainage,20.9,697.3,0.648,0.683,20324,9,5.2,133.8,175.0,29.4,68.0,12.5,1.08,0,9.1,Low
FLD-002460,2022-08-29,2022,8,Monday,0,1,0,Vergara,Drainage,24.0,794.8,0.702,0.666,27684,9,30.5,132.7,292.2,30.3,77.6,5.5,0.91,78.9,6.7,Medium
FLD-002461,2026-01-15,2026,1,Thursday,0,0,1,Mabini-J. Rizal,Maytunas Creek,15.8,467.9,0.598,0.754,29498,11,54.0,266.3,420.7,30.9,73.7,19.0,1.0,159.5,10.3,High
FLD-002462,2021-11-29,2021,11,Monday,0,1,1,Barangka Ibaba,Pasig River,7.4,63.3,0.445,0.886,41106,16,80.5,130.6,175.6,27.6,79.9,23.7,1.18,255.0,13.5,High
FLD-002463,2022-09-08,2022,9,Thursday,0,1,0,Mauway,Maytunas Creek,22.0,860.7,0.667,0.738,35040,12,24.3,82.9,124.3,28.7,79.3,3.9,1.2,16.2,5.5,High
FLD-002464,2024-02-18,2024,2,Sunday,1,0,0,Vergara,Drainage,23.7,830.6,0.737,0.65,24859,10,7.1,27.1,69.5,32.7,71.1,8.2,1.34,86.8,5.5,Low
FLD-002465,2024-09-29,2024,9,Sunday,1,1,2,Addition Hills,Maytunas Creek,24.5,1029.2,0.605,0.719,45470,7,178.0,239.6,311.8,22.5,88.3,25.1,0.94,233.4,14.8,High
FLD-002466,2021-09-21,2021,9,Tuesday,0,1,0,Old Zañiga,Buhangin Creek,7.2,155.3,0.534,0.821,34044,16,0.1,92.1,236.2,30.2,73.5,1.3,1.08,124.2,4.0,Medium
FLD-002467,2023-05-17,2023,5,Wednesday,0,1,0,Mauway,Maytunas Creek,23.9,877.3,0.725,0.734,38156,13,6.6,64.0,195.8,31.6,76.8,6.7,1.42,0.7,5.2,Low
FLD-002468,2024-01-04,2024,1,Thursday,0,0,1,Addition Hills,Maytunas Creek,25.9,984.3,0.77,0.771,45088,10,103.3,218.5,572.1,27.5,76.6,16.1,1.02,130.5,13.0,High
FLD-002469,2023-03-04,2023,3,Saturday,1,0,0,Old Zañiga,Buhangin Creek,6.0,169.2,0.492,0.729,35952,23,5.8,26.3,92.6,32.3,80.5,11.4,1.42,135.9,2.8,Medium
FLD-002470,2022-06-06,2022,6,Monday,0,1,0,Old Zañiga,Buhangin Creek,7.6,165.2,0.489,0.803,35469,17,26.8,46.5,81.6,28.4,75.0,8.1,1.19,96.6,8.6,Medium
FLD-002471,2022-02-18,2022,2,Friday,0,0,0,Hulo,Pasig River,6.5,60.0,0.439,0.865,34554,24,5.4,25.8,93.1,32.0,62.7,11.8,1.36,102.4,2.5,Low
FLD-002472,2022-07-15,2022,7,Friday,0,1,0,Old Zañiga,Buhangin Creek,7.2,157.2,0.478,0.799,37539,19,7.6,57.2,106.6,29.1,70.1,11.2,0.91,13.3,4.1,Low
FLD-002473,2024-06-11,2024,6,Tuesday,0,1,0,Mauway,Maytunas Creek,23.6,848.2,0.693,0.739,35048,9,30.2,150.4,204.1,29.3,79.6,14.7,1.43,72.4,8.1,Medium
FLD-002474,2026-04-26,2026,4,Sunday,1,0,0,Poblacion,Buhangin Creek,6.3,79.9,0.466,0.821,44102,12,6.0,52.2,151.2,30.3,59.0,9.2,1.43,100.8,4.3,Medium
FLD-002475,2021-07-09,2021,7,Friday,0,1,1,Hagdan Bato Itaas,Drainage,21.6,699.7,0.737,0.677,27304,12,16.3,125.7,184.8,26.8,72.0,31.8,1.2,127.2,6.1,Medium
FLD-002476,2021-11-28,2021,11,Sunday,1,1,1,Pleasant Hills,Ermitaño Creek,24.6,1022.1,0.784,0.672,27112,6,35.5,97.3,157.5,28.0,77.8,16.4,1.28,124.7,6.0,Low
FLD-002477,2024-06-09,2024,6,Sunday,1,1,1,Malamig,Tributary,20.4,631.6,0.7,0.666,31302,8,17.8,30.1,118.4,27.7,89.0,14.7,1.13,6.8,2.5,Low
FLD-002478,2024-08-03,2024,8,Saturday,1,1,2,Daang Bakal,Maytunas Creek,11.1,360.2,0.594,0.744,27368,12,45.2,81.2,193.4,30.3,79.8,32.2,0.95,210.2,9.9,Medium
FLD-002479,2022-06-08,2022,6,Wednesday,0,1,0,Barangka Drive,Pasig River,9.9,224.8,0.471,0.822,31239,20,3.3,117.8,175.3,31.3,71.3,4.0,1.05,110.1,6.1,Medium
FLD-002480,2022-03-16,2022,3,Wednesday,0,0,1,Mabini-J. Rizal,Maytunas Creek,16.3,417.4,0.595,0.766,29627,13,64.1,85.7,91.1,27.2,77.1,13.7,0.8,122.8,6.6,High
FLD-002481,2021-06-19,2021,6,Saturday,1,1,1,Vergara,Drainage,24.1,820.6,0.672,0.655,22193,14,33.5,60.1,117.7,30.3,70.1,38.6,0.71,4.7,4.3,Low
FLD-002482,2022-12-25,2022,12,Sunday,1,0,0,Vergara,Drainage,24.7,804.5,0.685,0.617,21490,12,43.1,81.8,207.3,29.7,68.4,2.5,1.06,3.4,0.5,Low
FLD-002483,2023-10-06,2023,10,Friday,0,1,2,Burol,Drainage,20.6,706.4,0.671,0.695,19506,8,79.3,129.3,360.0,28.6,76.5,18.7,1.58,170.5,7.6,High
FLD-002484,2025-08-16,2025,8,Saturday,1,1,0,Mabini-J. Rizal,Maytunas Creek,13.8,381.0,0.67,0.75,29127,14,1.9,107.9,196.6,27.9,84.7,16.3,0.27,14.8,4.3,Medium
FLD-002485,2024-10-12,2024,10,Saturday,1,1,0,Barangka Itaas,Pasig River,9.6,239.8,0.519,0.861,37654,16,23.8,130.3,328.5,28.4,80.2,10.3,0.89,140.4,10.5,Low
FLD-002486,2026-01-28,2026,1,Wednesday,0,0,1,Mabini-J. Rizal,Maytunas Creek,15.8,445.2,0.574,0.763,28461,13,22.7,47.5,128.4,31.0,81.7,35.0,0.51,82.6,4.8,Medium
FLD-002487,2026-03-08,2026,3,Sunday,1,0,0,Pag-Asa,Drainage,19.6,704.7,0.655,0.719,20789,15,12.5,36.0,112.1,30.7,65.5,5.4,0.53,124.0,2.0,Medium
FLD-002488,2021-12-22,2021,12,Wednesday,0,0,0,San Jose,Drainage,22.1,670.1,0.685,0.689,29111,16,33.3,64.5,141.7,32.5,64.8,7.4,0.92,7.9,6.4,Low
FLD-002489,2021-01-25,2021,1,Monday,0,0,0,Hulo,Pasig River,5.6,76.9,0.419,0.86,37605,17,46.1,68.4,171.0,27.7,67.9,0.5,1.19,48.8,4.5,High
FLD-002490,2021-11-18,2021,11,Thursday,0,1,0,Wack-Wack Greenhills East,Drainage,27.0,1185.1,0.836,0.631,15164,5,9.6,45.5,126.7,29.6,70.5,0.7,1.26,6.5,3.5,Low
FLD-002491,2025-10-03,2025,10,Friday,0,1,0,Mabini-J. Rizal,Maytunas Creek,15.7,483.2,0.601,0.731,31168,11,5.7,24.5,87.1,31.1,75.5,8.9,1.59,7.6,3.2,Low
FLD-002492,2026-06-24,2026,6,Wednesday,0,1,0,Poblacion,Buhangin Creek,5.6,95.1,0.479,0.857,41353,16,11.3,38.6,129.6,29.5,78.9,44.1,1.32,138.5,5.3,Medium
FLD-002493,2023-11-09,2023,11,Thursday,0,1,0,Wack-Wack Greenhills East,Drainage,28.9,1208.0,0.803,0.653,18508,5,14.2,30.0,128.3,26.2,72.0,9.1,1.44,0,4.2,Low
FLD-002494,2025-04-17,2025,4,Thursday,0,0,1,Hagdan Bato Libis,Drainage,16.6,492.6,0.613,0.693,27926,12,43.3,133.9,227.0,32.6,72.2,12.5,0.89,87.2,8.9,Medium
FLD-002495,2024-10-28,2024,10,Monday,0,1,0,Mauway,Maytunas Creek,22.9,832.9,0.636,0.654,37928,17,16.6,146.8,237.7,30.9,67.2,11.1,1.38,30.7,5.9,Medium
FLD-002496,2022-12-21,2022,12,Wednesday,0,0,1,Addition Hills,Maytunas Creek,24.6,957.9,0.723,0.731,47074,3,120.9,214.8,273.0,30.6,84.7,18.1,0.75,175.0,12.2,High
FLD-002497,2022-10-18,2022,10,Tuesday,0,1,1,Vergara,Drainage,24.4,815.3,0.684,0.635,26197,14,78.8,142.3,347.0,27.9,82.2,17.9,0.9,125.0,8.6,Medium
FLD-002498,2025-10-01,2025,10,Wednesday,0,1,0,Mauway,Maytunas Creek,24.0,854.7,0.698,0.658,38794,7,0.5,58.9,137.4,29.2,84.6,3.1,1.66,92.6,5.1,Medium
FLD-002499,2026-05-20,2026,5,Wednesday,0,1,2,Old Zañiga,Buhangin Creek,6.8,171.6,0.478,0.763,37099,24,40.7,78.0,289.9,27.8,74.8,23.9,1.52,198.7,7.7,High
FLD-002500,2024-02-26,2024,2,Monday,0,0,1,Namayan,Pasig River,9.4,150.6,0.548,0.862,35886,17,53.1,66.2,155.7,32.4,77.1,18.6,1.21,140.5,4.7,Medium
FLD-002501,2025-04-22,2025,4,Tuesday,0,0,0,Barangka Ilaya,Pasig River,8.5,114.6,0.474,0.815,35443,21,31.6,50.1,108.1,33.7,70.4,13.8,1.08,21.4,3.7,Medium
FLD-002502,2024-08-06,2024,8,Tuesday,0,1,0,Vergara,Drainage,24.2,766.3,0.696,0.637,29685,10,35.6,164.8,560.8,29.8,75.1,14.5,1.17,106.2,9.2,Medium
FLD-002503,2024-08-28,2024,8,Wednesday,0,1,1,Poblacion,Buhangin Creek,5.3,104.1,0.437,0.779,40597,22,112.1,121.6,270.3,24.7,78.1,12.7,0.83,281.1,8.2,High
FLD-002504,2024-05-25,2024,5,Saturday,1,1,0,Vergara,Drainage,23.5,809.2,0.728,0.656,25789,14,1.8,78.4,202.4,28.0,65.6,10.6,0.83,7.2,5.0,Low
FLD-002505,2025-11-27,2025,11,Thursday,0,1,2,Pleasant Hills,Ermitaño Creek,24.0,1052.3,0.697,0.661,27182,11,136.0,303.1,367.7,27.4,89.2,32.2,1.07,283.7,19.6,High
FLD-002506,2021-08-30,2021,8,Monday,0,1,0,Hulo,Pasig River,5.0,61.9,0.434,0.891,38894,20,71.1,109.6,282.0,26.4,81.0,12.4,0.87,233.8,10.0,Medium
FLD-002507,2026-05-30,2026,5,Saturday,1,1,0,Burol,Drainage,20.9,688.9,0.639,0.684,22617,13,4.2,51.0,131.3,29.6,67.3,8.7,1.03,59.5,4.8,Low
FLD-002508,2021-06-11,2021,6,Friday,0,1,1,Barangka Drive,Pasig River,9.4,212.5,0.515,0.818,39604,17,135.8,166.7,293.4,24.0,82.9,17.8,1.22,393.5,13.6,High
FLD-002509,2024-08-16,2024,8,Friday,0,1,0,Barangka Ibaba,Pasig River,6.4,75.6,0.473,0.925,44037,17,53.7,149.3,373.1,30.8,79.2,8.7,1.15,133.7,9.2,High
FLD-002510,2022-05-30,2022,5,Monday,0,1,0,Hagdan Bato Itaas,Drainage,22.4,767.5,0.678,0.609,30120,11,44.2,104.4,213.0,29.8,87.5,24.8,0.74,0.0,4.7,Low
FLD-002511,2024-05-26,2024,5,Sunday,1,1,0,Plainview,Estero,19.3,549.1,0.649,0.708,27295,11,1.6,82.0,149.1,29.0,72.0,32.9,1.02,52.6,7.6,Medium
FLD-002512,2023-02-14,2023,2,Tuesday,0,0,0,Poblacion,Buhangin Creek,5.1,86.5,0.499,0.805,41721,20,18.5,69.9,346.7,28.7,76.1,5.7,1.32,147.4,4.2,Medium
FLD-002513,2024-07-26,2024,7,Friday,0,1,0,Plainview,Estero,17.8,504.4,0.638,0.753,31120,12,30.3,68.5,259.0,28.9,82.3,4.6,0.81,137.5,6.6,Low
FLD-002514,2024-05-23,2024,5,Thursday,0,1,1,Burol,Drainage,21.6,713.9,0.647,0.681,20493,10,181.7,201.6,345.5,26.1,93.4,19.4,1.13,375.5,14.0,High
FLD-002515,2026-02-08,2026,2,Sunday,1,0,0,Harapin ang Bukas,Drainage,16.5,532.6,0.576,0.782,19067,15,1.5,116.5,218.1,29.1,73.4,10.2,0.99,12.0,6.0,Low
FLD-002516,2023-10-01,2023,10,Sunday,1,1,0,Highway Hills,Maytunas Creek,29.4,918.8,0.68,0.784,45111,4,15.7,47.2,311.9,29.6,77.6,7.3,1.21,49.9,4.4,Low
FLD-002517,2023-03-07,2023,3,Tuesday,0,0,1,Mauway,Maytunas Creek,23.0,855.5,0.723,0.7,34960,14,62.0,96.1,131.7,27.9,73.7,23.9,0.98,120.6,8.9,Medium
FLD-002518,2023-09-30,2023,9,Saturday,1,1,0,Vergara,Drainage,23.0,801.3,0.666,0.635,25623,8,3.7,11.2,136.8,29.6,77.8,7.6,1.12,34.1,1.9,Medium
FLD-002519,2022-10-24,2022,10,Monday,0,1,1,Daang Bakal,Maytunas Creek,11.6,340.3,0.591,0.794,32421,15,40.7,81.5,234.3,26.8,72.5,14.1,1.96,163.5,5.9,High
FLD-002520,2026-04-03,2026,4,Friday,0,0,0,Namayan,Pasig River,8.3,134.5,0.547,0.819,34034,20,0.1,2.8,67.6,33.3,68.2,3.7,1.13,5.7,5.2,Low
FLD-002521,2023-08-09,2023,8,Wednesday,0,1,0,Mabini-J. Rizal,Maytunas Creek,15.9,456.5,0.567,0.754,27653,19,10.7,20.7,208.3,33.1,70.2,15.1,0.92,47.6,4.7,Medium
FLD-002522,2022-11-08,2022,11,Tuesday,0,1,3,Mabini-J. Rizal,Maytunas Creek,14.9,440.7,0.59,0.731,31959,13,150.3,154.6,292.8,23.6,88.2,25.0,0.42,291.3,16.3,High
FLD-002523,2024-12-27,2024,12,Friday,0,0,0,Wack-Wack Greenhills East,Drainage,27.2,1200.1,0.845,0.587,20014,3,29.6,73.0,190.2,32.1,74.4,4.7,0.9,7.1,2.5,Low
FLD-002524,2025-10-15,2025,10,Wednesday,0,1,0,Burol,Drainage,19.8,691.9,0.65,0.685,18936,14,6.7,130.1,162.0,27.6,69.9,12.2,1.43,84.6,4.6,Low
FLD-002525,2022-05-22,2022,5,Sunday,1,1,0,Pag-Asa,Drainage,20.4,638.2,0.632,0.742,24558,10,49.6,155.1,240.5,28.2,74.8,8.9,1.32,60.2,8.9,High
FLD-002526,2023-09-19,2023,9,Tuesday,0,1,0,Barangka Drive,Pasig River,9.2,182.8,0.478,0.799,36696,20,9.2,283.5,410.3,33.0,78.8,14.1,1.31,130.4,13.2,High
FLD-002527,2026-04-11,2026,4,Saturday,1,0,0,Old Zañiga,Buhangin Creek,7.4,158.0,0.468,0.827,37018,16,6.4,55.1,161.6,34.2,70.2,2.6,0.97,11.0,3.1,Low
FLD-002528,2024-07-01,2024,7,Monday,0,1,0,Wack-Wack Greenhills East,Drainage,29.1,1213.8,0.783,0.674,16844,9,31.7,71.3,117.8,27.9,73.2,13.0,1.44,3.6,6.3,Low
FLD-002529,2023-03-19,2023,3,Sunday,1,0,0,Wack-Wack Greenhills East,Drainage,27.4,1147.6,0.83,0.672,18347,10,14.9,60.7,95.8,32.6,57.2,22.2,0.84,2.3,1.5,Low
FLD-002530,2021-04-30,2021,4,Friday,0,0,0,Malamig,Tributary,19.9,564.2,0.706,0.653,27471,11,8.0,61.7,113.9,32.3,77.3,0.4,1.47,4.0,5.1,Low
FLD-002531,2022-06-25,2022,6,Saturday,1,1,0,Hagdan Bato Itaas,Drainage,22.2,787.9,0.693,0.668,29595,13,2.7,12.5,220.7,30.5,85.0,3.2,1.11,59.2,2.2,Low
FLD-002532,2021-01-16,2021,1,Saturday,1,0,0,Addition Hills,Maytunas Creek,25.8,1003.7,0.648,0.727,44153,12,48.9,68.6,102.3,31.7,67.2,3.5,0.89,100.3,5.6,Medium
FLD-002533,2026-02-10,2026,2,Tuesday,0,0,0,Vergara,Drainage,22.5,773.9,0.751,0.623,23115,12,0.8,75.8,112.1,32.3,63.1,3.2,0.85,2.7,3.8,Low
FLD-002534,2023-07-17,2023,7,Monday,0,1,0,Pag-Asa,Drainage,20.3,592.6,0.629,0.673,20049,13,1.9,12.8,98.9,27.5,61.1,13.8,1.11,51.3,0.5,Low
FLD-002535,2026-01-23,2026,1,Friday,0,0,0,Harapin ang Bukas,Drainage,16.9,530.3,0.562,0.784,21967,15,50.0,119.7,164.8,32.1,72.2,8.9,0.69,78.8,8.8,Medium
FLD-002536,2022-06-04,2022,6,Saturday,1,1,0,Highway Hills,Maytunas Creek,29.8,891.5,0.768,0.791,46719,4,9.6,18.5,138.3,30.1,74.6,9.4,1.23,6.9,1.1,Low
FLD-002537,2025-01-06,2025,1,Monday,0,0,0,Old Zañiga,Buhangin Creek,6.1,191.7,0.547,0.846,33325,14,2.8,214.9,329.9,32.8,66.9,2.7,0.31,77.2,10.4,High
FLD-002538,2021-02-08,2021,2,Monday,0,0,1,Mabini-J. Rizal,Maytunas Creek,14.2,468.6,0.586,0.698,31186,21,17.7,20.9,112.8,30.2,59.4,26.8,0.86,113.8,5.2,Medium
FLD-002539,2022-12-05,2022,12,Monday,0,0,0,Malamig,Tributary,20.8,585.4,0.679,0.728,29235,9,50.5,86.6,195.4,29.3,72.1,13.9,1.33,19.2,4.8,Low
FLD-002540,2025-05-16,2025,5,Friday,0,1,0,Wack-Wack Greenhills East,Drainage,27.6,1175.2,0.817,0.662,16308,6,10.3,44.1,96.0,27.3,70.7,7.6,0.89,12.3,1.9,Low
FLD-002541,2025-11-17,2025,11,Monday,0,1,0,Barangka Ilaya,Pasig River,7.0,133.7,0.462,0.82,37719,14,1.9,36.9,185.1,28.9,77.0,17.3,1.51,172.1,4.2,Medium
FLD-002542,2024-10-30,2024,10,Wednesday,0,1,0,Mauway,Maytunas Creek,22.3,873.8,0.712,0.711,35174,10,7.7,128.4,204.8,29.7,72.6,5.2,1.43,14.3,5.6,Low
FLD-002543,2025-02-03,2025,2,Monday,0,0,1,Malamig,Tributary,20.4,609.1,0.687,0.671,32083,14,65.4,91.9,219.8,29.4,72.4,14.1,0.96,89.4,6.8,Medium
FLD-002544,2026-03-29,2026,3,Sunday,1,0,0,Vergara,Drainage,23.7,793.8,0.721,0.619,22834,13,2.5,33.3,84.7,31.2,75.6,8.3,1.2,76.5,5.1,Low
FLD-002545,2021-07-31,2021,7,Saturday,1,1,1,Barangka Ilaya,Pasig River,7.3,174.8,0.507,0.787,41205,18,12.0,44.2,84.6,28.5,64.0,29.4,1.12,136.4,5.8,Low
FLD-002546,2025-02-13,2025,2,Thursday,0,0,1,Vergara,Drainage,23.6,796.8,0.66,0.635,23054,11,109.8,155.5,286.5,27.5,82.2,21.0,1.0,170.3,10.1,High
FLD-002547,2024-12-20,2024,12,Friday,0,0,2,Plainview,Estero,19.4,453.4,0.671,0.681,30442,12,85.1,159.7,200.5,30.8,63.1,20.6,1.39,188.7,9.3,High
FLD-002548,2023-08-29,2023,8,Tuesday,0,1,3,Vergara,Drainage,23.9,832.7,0.684,0.657,25226,8,182.7,401.7,600.0,29.0,89.8,25.5,1.19,361.0,18.2,High
FLD-002549,2023-01-09,2023,1,Monday,0,0,0,Barangka Ilaya,Pasig River,7.8,210.8,0.506,0.851,35495,24,9.8,68.1,138.2,31.9,67.4,9.3,1.53,179.0,8.3,Medium
FLD-002550,2025-09-07,2025,9,Sunday,1,1,0,New Zañiga,Buhangin Creek,7.7,172.5,0.532,0.739,37802,15,18.6,59.0,242.9,29.2,88.3,5.7,1.56,204.3,6.7,Medium
FLD-002551,2021-11-26,2021,11,Friday,0,1,0,Burol,Drainage,21.1,701.4,0.608,0.712,19788,14,12.5,95.8,146.2,28.3,79.5,5.8,1.38,4.4,3.2,Low
FLD-002552,2021-07-15,2021,7,Thursday,0,1,1,Mauway,Maytunas Creek,22.3,844.1,0.678,0.673,37440,14,88.0,153.3,255.2,29.2,77.7,24.6,1.14,175.8,9.3,High
FLD-002553,2021-03-20,2021,3,Saturday,1,0,0,Harapin ang Bukas,Drainage,17.7,578.0,0.576,0.729,23734,13,2.6,7.6,53.8,32.1,53.0,15.1,0.79,60.3,2.6,Low
FLD-002554,2023-03-28,2023,3,Tuesday,0,0,0,Barangka Ibaba,Pasig River,6.6,60.6,0.415,0.86,39051,22,10.5,60.3,119.3,30.4,58.5,3.5,0.99,68.3,6.8,Low
FLD-002555,2023-12-08,2023,12,Friday,0,0,0,Wack-Wack Greenhills East,Drainage,27.4,1177.4,0.856,0.651,20500,1,9.2,226.5,264.0,31.1,65.3,10.5,0.71,37.9,9.3,Low
FLD-002556,2024-10-27,2024,10,Sunday,1,1,1,Old Zañiga,Buhangin Creek,8.4,155.4,0.551,0.845,36592,17,164.7,271.3,438.2,25.1,87.6,14.8,0.74,338.9,18.1,High
FLD-002557,2025-10-04,2025,10,Saturday,1,1,0,Hagdan Bato Libis,Drainage,14.8,509.3,0.592,0.747,30222,18,5.7,32.5,262.9,31.2,73.3,3.6,0.49,12.3,4.2,Low
FLD-002558,2025-06-23,2025,6,Monday,0,1,0,New Zañiga,Buhangin Creek,7.0,113.9,0.515,0.762,35480,23,13.8,106.9,160.5,31.1,79.3,2.1,1.55,51.7,8.4,High
FLD-002559,2025-01-14,2025,1,Tuesday,0,0,1,Mauway,Maytunas Creek,21.9,830.5,0.662,0.684,35510,10,67.1,166.0,402.4,29.1,75.5,10.4,0.8,162.7,11.8,Medium
FLD-002560,2026-01-12,2026,1,Monday,0,0,0,Barangka Ibaba,Pasig River,6.7,75.7,0.466,0.872,40923,17,14.5,86.9,108.5,32.4,61.6,0,1.31,76.9,7.4,High
FLD-002561,2024-09-27,2024,9,Friday,0,1,2,Poblacion,Buhangin Creek,5.5,80.6,0.49,0.804,42177,19,81.7,134.7,329.1,27.1,81.8,32.3,1.19,337.7,10.2,High
FLD-002562,2022-12-17,2022,12,Saturday,1,0,1,Burol,Drainage,20.5,705.3,0.679,0.687,18459,6,13.6,46.2,91.9,34.1,67.4,5.9,0.71,97.6,6.1,Low
FLD-002563,2025-04-30,2025,4,Wednesday,0,0,0,Old Zañiga,Buhangin Creek,7.3,178.4,0.471,0.777,34292,20,11.5,50.6,89.4,32.7,76.2,18.3,0.71,4.4,5.5,Low
FLD-002564,2024-03-25,2024,3,Monday,0,0,0,Mauway,Maytunas Creek,23.2,845.6,0.674,0.72,36561,11,19.7,42.2,110.1,30.5,61.9,4.6,0.9,54.0,5.5,Medium
FLD-002565,2026-01-26,2026,1,Monday,0,0,2,Plainview,Estero,17.3,537.1,0.628,0.681,28876,12,110.9,186.6,205.0,27.2,66.8,19.4,0.69,272.6,11.1,High
FLD-002566,2022-12-26,2022,12,Monday,0,0,0,Barangka Ilaya,Pasig River,8.2,169.1,0.434,0.814,36431,22,133.2,157.9,251.6,29.9,79.6,14.7,1.16,292.0,10.8,High
FLD-002567,2024-05-14,2024,5,Tuesday,0,1,0,San Jose,Drainage,22.0,674.8,0.701,0.721,29598,9,3.4,83.6,454.8,30.6,73.0,6.9,1.08,0.4,3.9,Low
FLD-002568,2022-03-19,2022,3,Saturday,1,0,1,Burol,Drainage,20.3,728.1,0.651,0.676,19699,14,42.9,85.3,217.6,29.8,69.6,26.4,1.49,155.2,5.7,Medium
FLD-002569,2021-10-09,2021,10,Saturday,1,1,0,Harapin ang Bukas,Drainage,17.1,531.5,0.649,0.735,23507,15,14.0,87.0,296.9,29.3,76.5,9.9,1.39,0,5.1,Low
FLD-002570,2024-08-27,2024,8,Tuesday,0,1,0,Bagong Silang,Drainage,17.6,568.5,0.645,0.686,26603,11,5.8,25.9,111.7,29.3,67.0,2.7,1.1,2.9,3.0,Low
FLD-002571,2024-03-23,2024,3,Saturday,1,0,1,Plainview,Estero,17.5,515.8,0.669,0.759,31962,12,94.6,188.6,256.9,28.7,78.2,15.0,0.72,152.1,12.2,High
FLD-002572,2024-09-14,2024,9,Saturday,1,1,0,Daang Bakal,Maytunas Creek,12.2,367.8,0.581,0.786,33907,14,0.7,15.1,184.1,33.2,64.9,5.0,0.9,7.3,5.4,Low
FLD-002573,2025-09-18,2025,9,Thursday,0,1,0,Namayan,Pasig River,6.9,150.8,0.492,0.796,29321,15,40.6,70.3,137.4,29.0,70.9,5.7,1.63,148.6,4.5,High
FLD-002574,2024-09-05,2024,9,Thursday,0,1,0,Barangka Itaas,Pasig River,11.0,279.4,0.553,0.832,34243,19,5.8,114.9,246.6,30.4,75.7,15.4,1.41,110.7,7.6,High
FLD-002575,2021-10-22,2021,10,Friday,0,1,0,Pag-Asa,Drainage,19.9,671.1,0.627,0.671,29305,8,21.3,44.9,96.5,29.1,80.3,13.1,0.33,44.7,1.9,Low
FLD-002576,2026-01-06,2026,1,Tuesday,0,0,0,Daang Bakal,Maytunas Creek,11.8,333.0,0.53,0.792,33269,16,0.9,83.3,168.5,33.2,64.6,24.7,0.93,185.6,9.6,Medium
FLD-002577,2026-04-26,2026,4,Sunday,1,0,0,Highway Hills,Maytunas Creek,29.5,924.0,0.692,0.822,43224,14,2.2,43.4,72.7,29.6,67.1,7.3,1.1,0,1.2,Low
FLD-002578,2023-08-02,2023,8,Wednesday,0,1,1,Old Zañiga,Buhangin Creek,7.7,153.1,0.504,0.822,37555,15,29.8,55.0,145.6,27.3,77.1,17.1,0.82,206.5,7.1,Medium
FLD-002579,2023-11-29,2023,11,Wednesday,0,1,1,Wack-Wack Greenhills East,Drainage,29.3,1214.3,0.79,0.604,17277,3,17.0,84.8,225.1,30.3,74.3,57.2,1.41,0.3,6.8,Low
FLD-002580,2024-12-29,2024,12,Sunday,1,0,0,Bagong Silang,Drainage,16.7,580.1,0.582,0.783,27898,11,18.9,123.5,305.0,29.3,71.0,5.4,0.45,103.0,8.6,Medium
FLD-002581,2022-08-20,2022,8,Saturday,1,1,1,Pag-Asa,Drainage,19.7,669.2,0.55,0.744,25153,13,65.3,96.4,125.7,26.6,83.2,27.4,0.75,136.1,8.5,High
FLD-002582,2026-03-20,2026,3,Friday,0,0,2,Bagong Silang,Drainage,18.4,564.4,0.622,0.749,25508,13,87.0,122.3,194.7,29.4,67.6,15.3,1.29,206.0,9.9,High
FLD-002583,2022-10-04,2022,10,Tuesday,0,1,0,Plainview,Estero,16.5,454.8,0.641,0.745,31572,12,9.8,134.3,205.1,31.1,68.8,9.5,1.35,128.3,8.1,Medium
FLD-002584,2022-08-16,2022,8,Tuesday,0,1,1,Hulo,Pasig River,7.1,87.8,0.47,0.864,40248,12,44.3,163.2,220.3,27.3,86.1,12.2,1.14,168.0,8.9,High
FLD-002585,2025-03-30,2025,3,Sunday,1,0,0,Mabini-J. Rizal,Maytunas Creek,15.6,463.1,0.624,0.747,30896,13,0.3,117.6,162.1,31.7,75.1,5.5,1.6,158.3,5.3,Medium
FLD-002586,2022-02-19,2022,2,Saturday,1,0,0,Vergara,Drainage,23.6,780.3,0.77,0.654,25499,12,2.8,28.5,122.0,30.2,68.9,4.7,1.0,69.7,5.4,Low
FLD-002587,2024-07-08,2024,7,Monday,0,1,0,Hagdan Bato Itaas,Drainage,22.6,750.6,0.66,0.656,26077,12,52.8,97.0,455.0,28.1,77.2,12.3,0.98,129.5,4.4,Medium
FLD-002588,2024-11-06,2024,11,Wednesday,0,1,0,Mauway,Maytunas Creek,24.1,830.5,0.673,0.716,39145,13,1.4,73.9,288.3,31.4,83.4,8.7,1.25,5.1,5.0,Low
FLD-002589,2023-03-09,2023,3,Thursday,0,0,0,Old Zañiga,Buhangin Creek,7.5,124.7,0.479,0.818,30678,20,21.7,44.0,104.1,31.4,72.4,20.8,1.53,97.4,7.7,Medium
FLD-002590,2025-12-30,2025,12,Tuesday,0,0,0,Vergara,Drainage,23.5,761.0,0.67,0.693,24806,12,95.8,180.3,295.4,30.8,65.9,5.7,0.68,18.3,6.2,Low
FLD-002591,2023-09-18,2023,9,Monday,0,1,0,Malamig,Tributary,19.4,650.2,0.694,0.745,29981,12,21.5,40.7,280.8,30.4,75.7,5.8,1.34,57.8,6.2,Medium
FLD-002592,2022-11-12,2022,11,Saturday,1,1,0,Mauway,Maytunas Creek,23.2,884.7,0.658,0.683,36646,15,3.0,30.2,95.9,28.5,68.9,7.8,0.82,89.2,2.8,Low
FLD-002593,2024-12-15,2024,12,Sunday,1,0,2,Hagdan Bato Libis,Drainage,17.5,460.0,0.555,0.74,32120,17,78.7,111.9,170.1,31.0,67.9,29.5,0.51,209.7,9.1,High
FLD-002594,2024-03-12,2024,3,Tuesday,0,0,1,Mauway,Maytunas Creek,22.4,878.7,0.684,0.74,34939,9,41.9,67.0,140.7,33.1,67.2,24.0,0.9,88.5,6.6,Medium
FLD-002595,2023-05-28,2023,5,Sunday,1,1,1,Pleasant Hills,Ermitaño Creek,25.8,986.8,0.753,0.724,24768,9,9.2,436.3,467.8,30.0,75.7,10.4,1.46,116.5,16.7,Medium
FLD-002596,2022-07-01,2022,7,Friday,0,1,0,Malamig,Tributary,20.3,609.7,0.64,0.703,29648,8,8.6,58.2,251.8,28.3,72.0,2.2,1.38,49.8,6.8,Low
FLD-002597,2025-10-14,2025,10,Tuesday,0,1,0,Pag-Asa,Drainage,21.2,671.8,0.699,0.742,24764,13,13.9,152.1,298.3,27.5,77.0,5.3,1.1,94.4,6.5,Medium
FLD-002598,2024-07-31,2024,7,Wednesday,0,1,0,Mabini-J. Rizal,Maytunas Creek,15.3,459.6,0.637,0.702,29538,12,5.4,74.7,334.1,29.5,78.0,19.6,1.34,73.8,4.3,Medium
FLD-002599,2022-05-06,2022,5,Friday,0,1,0,Buayang Bato,Buayang Bato Creek,13.6,263.2,0.529,0.7,31242,21,19.1,38.2,138.5,30.1,78.5,1.3,1.02,74.5,6.2,Medium
FLD-002600,2021-10-20,2021,10,Wednesday,0,1,0,Burol,Drainage,20.9,691.8,0.649,0.666,17586,11,50.2,134.8,155.5,28.4,72.0,7.2,1.08,107.5,8.8,Medium
FLD-002601,2026-04-16,2026,4,Thursday,0,0,0,Buayang Bato,Buayang Bato Creek,13.8,328.4,0.541,0.715,33090,19,78.3,119.6,177.1,27.0,81.0,8.7,1.26,131.6,10.1,High
FLD-002602,2025-12-26,2025,12,Friday,0,0,0,Pleasant Hills,Ermitaño Creek,25.1,1007.7,0.757,0.68,28461,9,3.1,32.5,132.4,33.0,65.1,9.8,1.49,11.1,4.8,Low
FLD-002603,2025-01-13,2025,1,Monday,0,0,0,Hulo,Pasig River,7.0,70.9,0.448,0.883,39298,15,141.0,189.1,220.0,28.6,80.8,13.1,1.03,294.6,11.0,High
FLD-002604,2024-10-13,2024,10,Sunday,1,1,0,Poblacion,Buhangin Creek,7.1,103.2,0.438,0.877,40194,19,71.4,108.7,123.2,28.7,76.5,40.4,1.2,250.1,9.2,High
FLD-002605,2023-11-29,2023,11,Wednesday,0,1,0,Plainview,Estero,17.8,527.0,0.63,0.725,30151,13,1.1,6.4,166.1,31.4,74.8,7.8,0.77,141.5,5.3,Medium
FLD-002606,2021-04-22,2021,4,Thursday,0,0,0,Hagdan Bato Itaas,Drainage,21.7,728.0,0.708,0.741,26623,6,39.1,95.9,169.9,32.2,73.7,9.6,1.12,117.4,6.5,Medium
FLD-002607,2024-11-06,2024,11,Wednesday,0,1,0,Mabini-J. Rizal,Maytunas Creek,13.9,413.8,0.563,0.763,30766,18,4.9,89.2,118.1,29.7,68.8,19.6,1.22,112.2,5.9,Medium
FLD-002608,2024-03-31,2024,3,Sunday,1,0,0,Pleasant Hills,Ermitaño Creek,25.5,1004.0,0.734,0.658,25652,9,1.9,19.1,230.7,31.3,72.4,5.1,1.27,1.3,3.6,Low
FLD-002609,2026-04-03,2026,4,Friday,0,0,1,Harapin ang Bukas,Drainage,17.2,582.0,0.565,0.777,19705,16,87.5,114.0,197.5,29.7,67.9,18.7,0.94,214.4,7.2,High
FLD-002610,2023-05-09,2023,5,Tuesday,0,1,0,San Jose,Drainage,23.7,675.5,0.719,0.658,28889,15,33.6,221.1,299.0,31.7,78.3,18.2,0.79,12.7,13.9,Low
FLD-002611,2025-03-30,2025,3,Sunday,1,0,0,Pag-Asa,Drainage,19.3,621.9,0.678,0.706,21651,16,4.9,24.8,126.5,33.7,61.2,5.2,1.35,121.5,3.2,Low
FLD-002612,2021-02-06,2021,2,Saturday,1,0,0,San Jose,Drainage,22.7,658.3,0.727,0.671,28811,6,27.9,80.9,189.7,31.2,65.4,6.1,0.64,9.9,7.0,Low
FLD-002613,2022-02-14,2022,2,Monday,0,0,2,Barangka Ilaya,Pasig River,8.7,153.4,0.404,0.903,39127,16,102.7,127.1,208.1,28.5,88.4,26.9,1.49,318.3,13.9,High
FLD-002614,2023-07-07,2023,7,Friday,0,1,0,Namayan,Pasig River,8.9,126.5,0.491,0.778,31274,21,12.4,157.9,204.5,29.2,77.0,12.7,1.06,56.1,7.0,Medium
FLD-002615,2022-12-24,2022,12,Saturday,1,0,0,Old Zañiga,Buhangin Creek,7.2,141.8,0.498,0.856,37116,15,30.9,101.7,252.5,31.3,63.4,21.1,0.9,80.5,8.4,Medium
FLD-002616,2021-03-13,2021,3,Saturday,1,0,0,Barangka Drive,Pasig River,8.9,241.8,0.461,0.815,37511,16,2.3,84.4,136.9,31.9,67.0,8.9,0.58,18.9,4.0,Medium
FLD-002617,2023-07-28,2023,7,Friday,0,1,1,San Jose,Drainage,21.5,728.8,0.651,0.697,26745,12,16.7,83.0,205.6,30.8,74.1,11.9,1.08,110.4,8.1,Low
FLD-002618,2021-08-01,2021,8,Sunday,1,1,0,Pleasant Hills,Ermitaño Creek,25.3,1019.5,0.708,0.716,24242,11,41.0,177.8,273.5,29.2,74.2,11.1,0.59,6.4,5.4,Low
FLD-002619,2026-03-17,2026,3,Tuesday,0,0,0,Vergara,Drainage,23.7,788.9,0.804,0.699,19696,4,24.2,110.7,235.6,31.9,64.1,2.3,1.26,6.1,5.1,Low
FLD-002620,2021-03-16,2021,3,Tuesday,0,0,0,Malamig,Tributary,19.7,604.4,0.669,0.755,30777,11,2.5,23.3,113.1,31.8,76.2,0.3,0.99,9.0,2.6,Low
FLD-002621,2025-09-19,2025,9,Friday,0,1,2,Burol,Drainage,20.7,666.2,0.645,0.623,21408,16,66.8,98.3,156.8,27.3,73.6,21.2,1.56,135.8,9.9,High
FLD-002622,2023-09-02,2023,9,Saturday,1,1,0,Pag-Asa,Drainage,21.1,672.3,0.645,0.696,23019,9,6.0,88.1,146.6,28.1,68.0,7.7,1.54,162.7,8.1,Medium
FLD-002623,2026-04-02,2026,4,Thursday,0,0,0,Pleasant Hills,Ermitaño Creek,25.3,993.0,0.756,0.686,27847,11,86.9,100.7,199.2,30.4,73.9,13.6,0.8,165.5,5.8,Medium
FLD-002624,2026-06-10,2026,6,Wednesday,0,1,0,Malamig,Tributary,19.6,603.3,0.697,0.653,30008,12,1.7,80.4,245.7,31.7,68.3,8.0,1.59,160.0,5.5,Medium
FLD-002625,2024-07-26,2024,7,Friday,0,1,0,Mauway,Maytunas Creek,24.1,872.9,0.618,0.715,37172,15,177.0,243.3,312.6,27.7,96.4,35.2,0.76,304.1,13.4,High
FLD-002626,2022-06-04,2022,6,Saturday,1,1,0,Addition Hills,Maytunas Creek,25.6,1022.3,0.598,0.731,48157,12,13.8,42.4,348.0,30.3,76.2,1.9,0.8,0,3.0,Low
FLD-002627,2026-01-07,2026,1,Wednesday,0,0,0,Bagong Silang,Drainage,18.3,640.2,0.609,0.736,26767,12,3.7,61.5,94.9,31.6,60.2,15.0,1.41,9.3,4.3,Low
FLD-002628,2025-05-30,2025,5,Friday,0,1,0,Barangka Drive,Pasig River,8.2,249.3,0.422,0.847,36324,19,25.3,52.8,97.0,30.2,77.4,24.0,0.81,102.5,9.7,Low
FLD-002629,2024-03-19,2024,3,Tuesday,0,0,0,Addition Hills,Maytunas Creek,25.0,998.1,0.671,0.761,50622,16,28.7,124.0,135.7,31.7,60.5,5.5,0.65,163.8,6.4,Medium
FLD-002630,2023-09-16,2023,9,Saturday,1,1,0,Highway Hills,Maytunas Creek,30.2,904.7,0.821,0.786,46670,7,60.5,81.9,138.0,27.5,74.6,2.7,0.89,99.2,6.9,Medium
FLD-002631,2021-03-06,2021,3,Saturday,1,0,0,Hulo,Pasig River,5.2,86.9,0.377,0.839,38063,20,63.8,131.3,197.4,31.0,58.8,2.5,1.25,192.4,11.7,High
FLD-002632,2022-03-07,2022,3,Monday,0,0,1,Highway Hills,Maytunas Creek,29.7,928.3,0.711,0.817,45726,7,15.6,93.5,132.2,32.0,75.3,25.5,0.77,38.0,9.0,Low
FLD-002633,2023-12-25,2023,12,Monday,0,0,1,Plainview,Estero,17.3,509.0,0.623,0.759,30370,16,56.0,109.5,187.7,31.2,78.2,14.5,1.42,151.3,4.1,High
FLD-002634,2025-01-19,2025,1,Sunday,1,0,3,Hagdan Bato Itaas,Drainage,22.2,730.7,0.71,0.668,30741,8,103.3,166.5,342.5,29.2,84.5,31.5,1.53,272.3,11.6,High
FLD-002635,2022-07-24,2022,7,Sunday,1,1,0,Namayan,Pasig River,8.1,153.8,0.46,0.76,32795,23,30.3,61.2,150.9,28.3,74.1,19.6,0.69,179.3,8.8,Medium
FLD-002636,2024-06-15,2024,6,Saturday,1,1,0,Pleasant Hills,Ermitaño Creek,24.3,987.7,0.692,0.741,27456,6,58.6,91.4,193.2,28.4,84.2,1.6,1.22,159.9,9.8,Medium
FLD-002637,2021-12-26,2021,12,Sunday,1,0,1,Mauway,Maytunas Creek,23.6,856.0,0.683,0.705,36182,14,87.1,111.9,156.4,30.2,87.4,14.0,1.19,177.0,6.3,High
FLD-002638,2022-07-21,2022,7,Thursday,0,1,0,Hagdan Bato Itaas,Drainage,21.1,785.1,0.684,0.699,25895,12,18.3,121.1,319.4,30.3,82.9,0,1.07,6.1,2.9,Low
FLD-002639,2022-07-06,2022,7,Wednesday,0,1,0,Barangka Drive,Pasig River,10.0,154.2,0.454,0.813,32983,18,1.0,114.5,175.6,30.2,78.8,21.2,1.48,70.6,6.2,Medium
FLD-002640,2022-07-04,2022,7,Monday,0,1,0,San Jose,Drainage,23.3,701.1,0.727,0.702,27903,10,37.1,47.9,579.9,29.8,74.8,7.2,1.22,147.9,7.5,Medium
FLD-002641,2021-02-10,2021,2,Wednesday,0,0,1,Harapin ang Bukas,Drainage,16.9,548.7,0.631,0.725,26726,12,13.8,15.7,39.9,33.9,72.0,17.5,0.99,129.6,4.8,Medium
FLD-002642,2023-06-10,2023,6,Saturday,1,1,1,Mabini-J. Rizal,Maytunas Creek,14.9,457.8,0.608,0.671,27853,12,85.1,126.7,229.9,27.6,89.6,21.8,1.57,220.2,9.8,High
FLD-002643,2025-04-08,2025,4,Tuesday,0,0,0,Poblacion,Buhangin Creek,5.9,92.3,0.427,0.805,38928,19,2.2,31.9,47.4,33.9,68.2,13.2,0.91,161.6,5.5,Medium
FLD-002644,2021-07-22,2021,7,Thursday,0,1,0,Bagong Silang,Drainage,16.2,576.3,0.577,0.707,23808,14,76.3,96.4,243.5,29.5,82.4,12.8,0.38,78.5,8.4,Medium
FLD-002645,2021-12-22,2021,12,Wednesday,0,0,1,Barangka Ibaba,Pasig River,6.5,99.1,0.438,0.878,40935,19,35.1,67.6,156.5,30.8,75.5,15.1,1.03,117.7,7.9,High
FLD-002646,2025-02-20,2025,2,Thursday,0,0,2,Bagong Silang,Drainage,18.6,654.9,0.633,0.749,26765,13,83.9,143.3,261.7,29.4,74.3,27.4,1.32,237.2,10.7,High
FLD-002647,2022-10-27,2022,10,Thursday,0,1,0,Barangka Drive,Pasig River,8.7,191.0,0.473,0.837,34965,24,76.2,237.0,363.5,29.4,74.8,1.3,1.33,197.2,13.0,High
FLD-002648,2024-09-07,2024,9,Saturday,1,1,0,Mabini-J. Rizal,Maytunas Creek,14.8,445.4,0.583,0.733,29684,11,63.5,147.4,270.7,25.9,80.0,4.2,1.18,162.7,10.2,High
FLD-002649,2025-09-07,2025,9,Sunday,1,1,0,Hagdan Bato Itaas,Drainage,21.1,767.4,0.694,0.697,30005,12,9.0,147.8,281.8,28.8,77.7,0,0.81,0.9,7.4,Low
FLD-002650,2025-10-04,2025,10,Saturday,1,1,0,Highway Hills,Maytunas Creek,30.6,873.7,0.773,0.824,44135,6,23.5,50.3,127.8,29.4,81.4,4.8,1.11,5.9,2.8,Low
FLD-002651,2021-12-18,2021,12,Saturday,1,0,1,Burol,Drainage,22.1,702.8,0.638,0.722,22301,12,38.3,91.5,121.3,31.5,69.7,13.4,0.52,104.8,3.3,Medium
FLD-002652,2021-09-05,2021,9,Sunday,1,1,0,San Jose,Drainage,22.9,692.5,0.738,0.678,29945,11,31.7,60.4,151.2,28.6,70.9,0,0.28,64.7,5.5,Medium
FLD-002653,2024-09-03,2024,9,Tuesday,0,1,1,Malamig,Tributary,20.4,570.2,0.633,0.671,31117,9,85.9,112.1,291.7,26.9,80.5,13.6,1.04,153.8,8.8,High
FLD-002654,2025-03-01,2025,3,Saturday,1,0,0,Hagdan Bato Libis,Drainage,16.9,527.9,0.657,0.78,31652,11,10.0,33.9,59.9,32.3,62.0,12.1,1.04,0.9,4.4,Low
FLD-002655,2026-01-03,2026,1,Saturday,1,0,0,Addition Hills,Maytunas Creek,26.0,1003.1,0.699,0.704,44732,9,11.2,25.0,97.5,32.4,75.8,34.5,1.34,1.2,2.8,Low
FLD-002656,2023-04-05,2023,4,Wednesday,0,0,0,Hulo,Pasig River,5.4,114.7,0.464,0.881,39011,19,4.2,27.6,50.5,28.3,77.3,5.9,1.03,142.9,3.5,Medium
FLD-002657,2025-02-22,2025,2,Saturday,1,0,2,Mabini-J. Rizal,Maytunas Creek,15.4,495.4,0.654,0.743,31767,13,83.3,105.2,210.3,30.1,62.3,16.3,0.9,270.0,7.5,High
FLD-002658,2023-09-22,2023,9,Friday,0,1,0,Vergara,Drainage,24.1,777.8,0.712,0.616,27425,15,6.4,92.1,142.0,28.8,79.7,12.0,0.81,26.4,9.7,Medium
FLD-002659,2024-11-19,2024,11,Tuesday,0,1,0,Addition Hills,Maytunas Creek,26.1,997.4,0.667,0.677,44252,13,9.5,58.8,232.5,29.0,69.4,1.3,0.66,0,2.5,Medium
FLD-002660,2024-12-14,2024,12,Saturday,1,0,0,Pag-Asa,Drainage,17.9,630.4,0.673,0.741,23180,14,1.6,101.8,192.1,33.9,58.5,8.4,1.13,104.9,4.3,Medium
FLD-002661,2025-03-07,2025,3,Friday,0,0,0,Addition Hills,Maytunas Creek,24.1,1021.6,0.685,0.728,45692,4,9.8,136.3,346.6,31.9,76.2,2.6,1.59,7.0,8.4,Low
FLD-002662,2021-01-21,2021,1,Thursday,0,0,0,Mabini-J. Rizal,Maytunas Creek,14.3,472.9,0.579,0.696,29144,14,1.1,3.3,66.5,31.2,62.9,2.9,1.49,141.5,2.9,Medium
FLD-002663,2024-12-28,2024,12,Saturday,1,0,1,Barangka Ibaba,Pasig River,8.0,111.4,0.452,0.876,42078,20,11.8,35.0,87.7,31.3,65.8,15.8,0.98,111.6,7.4,Medium
FLD-002664,2022-12-03,2022,12,Saturday,1,0,0,Malamig,Tributary,20.6,610.5,0.713,0.692,28772,11,0.3,84.8,123.0,31.4,66.0,0,1.36,10.3,0.9,Low
FLD-002665,2023-08-15,2023,8,Tuesday,0,1,0,Wack-Wack Greenhills East,Drainage,28.1,1200.0,0.79,0.633,17335,6,28.1,103.6,355.3,27.5,79.8,10.3,1.75,118.6,5.0,Medium
FLD-002666,2025-09-10,2025,9,Wednesday,0,1,0,Hulo,Pasig River,5.7,128.5,0.375,0.849,37326,18,12.8,17.6,171.2,29.8,61.8,20.6,1.09,127.1,9.1,Medium
FLD-002667,2023-04-13,2023,4,Thursday,0,0,1,Pleasant Hills,Ermitaño Creek,24.8,990.7,0.63,0.694,24845,12,121.5,126.3,211.0,28.1,68.0,18.8,0.98,189.0,7.9,High
FLD-002668,2024-01-10,2024,1,Wednesday,0,0,0,Poblacion,Buhangin Creek,6.2,94.8,0.469,0.815,42283,24,3.4,14.5,52.0,30.5,66.4,8.3,1.04,0.9,2.7,Low
FLD-002669,2025-06-28,2025,6,Saturday,1,1,2,Buayang Bato,Buayang Bato Creek,13.2,314.0,0.52,0.732,34738,16,46.5,105.3,386.8,29.5,74.7,48.0,0.85,174.0,10.1,High
FLD-002670,2025-12-29,2025,12,Monday,0,0,0,Namayan,Pasig River,8.1,131.8,0.485,0.843,36546,21,9.3,34.9,112.6,33.8,61.3,17.7,1.39,151.5,5.3,Medium
FLD-002671,2022-03-19,2022,3,Saturday,1,0,0,Addition Hills,Maytunas Creek,24.4,1014.4,0.635,0.732,50182,10,71.9,137.9,171.7,30.5,71.6,7.4,0.62,127.1,6.9,Medium
FLD-002672,2025-06-06,2025,6,Friday,0,1,0,Mauway,Maytunas Creek,22.7,841.9,0.628,0.718,34237,11,24.4,326.1,585.0,29.4,77.0,14.8,1.24,73.9,13.1,High
FLD-002673,2021-07-28,2021,7,Wednesday,0,1,1,Daang Bakal,Maytunas Creek,11.8,353.8,0.583,0.747,33063,18,37.3,79.1,247.3,30.2,76.8,11.3,1.14,12.2,6.0,Low
FLD-002674,2024-07-02,2024,7,Tuesday,0,1,0,Buayang Bato,Buayang Bato Creek,14.3,310.3,0.528,0.759,35728,19,2.8,59.9,311.9,31.5,78.7,9.7,1.11,40.6,4.0,Medium
FLD-002675,2024-09-01,2024,9,Sunday,1,1,0,Bagong Silang,Drainage,17.9,584.0,0.647,0.763,24668,14,23.2,113.1,171.8,28.1,73.2,14.7,1.24,32.8,10.2,Medium
FLD-002676,2023-10-27,2023,10,Friday,0,1,0,Mauway,Maytunas Creek,21.9,817.7,0.735,0.759,42429,13,38.1,107.9,225.1,28.3,73.7,5.3,1.82,113.2,3.5,High
FLD-002677,2024-11-21,2024,11,Thursday,0,1,2,Wack-Wack Greenhills East,Drainage,27.3,1205.4,0.816,0.672,16058,7,91.9,108.5,217.0,26.1,80.8,30.0,0.81,141.0,6.3,High
FLD-002678,2021-08-06,2021,8,Friday,0,1,0,Harapin ang Bukas,Drainage,17.0,538.5,0.657,0.81,22991,10,8.6,85.4,116.3,27.3,59.1,9.8,1.44,122.1,6.0,Medium
FLD-002679,2023-02-01,2023,2,Wednesday,0,0,0,Mauway,Maytunas Creek,21.8,872.6,0.683,0.696,38592,9,46.7,124.3,194.4,32.5,64.8,0,1.3,170.6,5.9,Medium
FLD-002680,2023-07-16,2023,7,Sunday,1,1,0,Pleasant Hills,Ermitaño Creek,25.3,1012.6,0.686,0.623,23003,7,24.4,139.6,272.6,28.5,75.1,15.8,1.31,130.4,7.1,Low
FLD-002681,2023-01-05,2023,1,Thursday,0,0,0,Vergara,Drainage,24.4,822.8,0.721,0.623,24478,12,21.9,67.3,139.8,31.1,58.7,27.1,1.53,101.5,4.5,Medium
FLD-002682,2023-03-04,2023,3,Saturday,1,0,1,San Jose,Drainage,22.0,751.8,0.773,0.706,25276,9,43.3,162.3,179.1,28.4,66.4,12.4,0.99,100.0,11.0,Medium
FLD-002683,2022-05-20,2022,5,Friday,0,1,1,Pag-Asa,Drainage,19.0,650.7,0.597,0.689,21767,17,25.4,93.2,275.2,29.3,82.1,24.0,1.62,107.0,7.7,Medium
FLD-002684,2022-10-31,2022,10,Monday,0,1,0,San Jose,Drainage,22.3,665.4,0.674,0.658,27933,9,6.4,63.5,117.7,32.0,88.6,3.8,1.15,6.6,4.5,Low
FLD-002685,2023-07-02,2023,7,Sunday,1,1,1,Hagdan Bato Itaas,Drainage,21.2,743.1,0.736,0.687,26165,9,41.7,174.5,553.8,28.0,60.3,15.7,0.92,174.2,11.4,High
FLD-002686,2022-02-25,2022,2,Friday,0,0,0,Mabini-J. Rizal,Maytunas Creek,14.7,461.5,0.584,0.734,26660,16,80.5,147.1,216.3,28.4,74.6,16.5,0.99,213.2,7.0,High
FLD-002687,2021-09-25,2021,9,Saturday,1,1,3,New Zañiga,Buhangin Creek,7.1,166.9,0.491,0.834,34677,17,104.5,152.0,351.7,27.7,91.2,22.8,0.95,358.8,14.3,High
FLD-002688,2026-02-17,2026,2,Tuesday,0,0,0,Barangka Itaas,Pasig River,10.1,215.0,0.487,0.81,37716,21,27.2,44.4,353.4,30.8,67.6,14.5,0.73,155.2,6.9,Medium
FLD-002689,2023-11-03,2023,11,Friday,0,1,3,Malamig,Tributary,20.1,591.0,0.671,0.714,27728,13,241.0,256.1,374.9,24.4,100,27.9,1.22,418.2,17.4,High
FLD-002690,2022-09-09,2022,9,Friday,0,1,1,Highway Hills,Maytunas Creek,31.0,893.2,0.735,0.793,43605,3,34.9,110.4,220.1,28.9,88.5,9.4,1.52,132.4,9.1,Low
FLD-002691,2026-04-26,2026,4,Sunday,1,0,0,Barangka Drive,Pasig River,8.6,229.1,0.502,0.839,33599,20,1.2,9.3,97.8,33.0,64.2,5.6,0.87,142.2,3.1,Medium
FLD-002692,2025-03-10,2025,3,Monday,0,0,1,Highway Hills,Maytunas Creek,29.3,927.5,0.763,0.789,42370,5,34.1,99.6,296.6,33.1,66.2,18.5,0.74,1.7,8.3,Low
FLD-002693,2026-03-18,2026,3,Wednesday,0,0,0,Highway Hills,Maytunas Creek,29.9,918.2,0.735,0.819,45286,9,3.1,41.2,148.2,30.6,56.6,13.4,0.88,4.8,1.6,Low
FLD-002694,2025-01-05,2025,1,Sunday,1,0,0,New Zañiga,Buhangin Creek,6.6,168.3,0.533,0.791,40474,18,6.8,78.3,153.6,31.0,55.6,14.2,0.67,207.7,10.4,Medium
FLD-002695,2022-03-21,2022,3,Monday,0,0,0,Vergara,Drainage,22.6,865.4,0.659,0.597,24120,17,2.4,33.0,81.5,32.4,70.8,7.2,1.49,40.3,4.2,Medium
FLD-002696,2024-12-17,2024,12,Tuesday,0,0,2,Pleasant Hills,Ermitaño Creek,25.8,1024.3,0.723,0.644,26313,12,148.2,156.4,185.1,25.4,89.4,32.5,0.54,175.0,9.8,Medium
FLD-002697,2024-08-06,2024,8,Tuesday,0,1,2,Harapin ang Bukas,Drainage,17.6,552.3,0.572,0.741,18706,12,152.2,161.1,422.7,24.8,93.1,15.4,0.76,341.7,11.3,High
FLD-002698,2025-10-27,2025,10,Monday,0,1,0,Plainview,Estero,18.5,465.7,0.664,0.712,33646,16,16.9,180.9,274.4,30.7,81.4,8.7,0.96,148.0,11.3,Medium
FLD-002699,2023-12-06,2023,12,Wednesday,0,0,0,Barangka Ilaya,Pasig River,8.5,156.2,0.482,0.843,38728,18,12.8,68.5,117.4,30.6,69.9,5.2,0.91,5.5,7.9,Low
FLD-002700,2022-10-02,2022,10,Sunday,1,1,1,Mabini-J. Rizal,Maytunas Creek,14.5,414.2,0.616,0.733,29550,12,67.1,81.9,313.0,26.8,85.2,19.9,1.57,190.7,9.8,High
FLD-002701,2021-11-23,2021,11,Tuesday,0,1,1,Hulo,Pasig River,5.9,97.7,0.476,0.86,41427,22,60.9,81.1,210.8,31.1,76.0,8.7,1.24,230.0,3.8,High
FLD-002702,2022-08-12,2022,8,Friday,0,1,0,Hulo,Pasig River,4.8,151.3,0.416,0.88,35535,16,13.7,52.7,172.8,31.1,78.2,9.5,1.38,11.8,5.3,Low
FLD-002703,2025-08-19,2025,8,Tuesday,0,1,1,Addition Hills,Maytunas Creek,25.0,958.7,0.634,0.746,48777,6,34.1,90.2,324.3,31.1,71.2,14.8,0.98,188.7,8.6,Medium
FLD-002704,2026-04-29,2026,4,Wednesday,0,0,0,Mauway,Maytunas Creek,22.5,875.3,0.623,0.675,38158,14,6.2,97.2,199.8,31.3,69.8,6.1,1.1,129.6,7.2,Low
FLD-002705,2023-04-02,2023,4,Sunday,1,0,0,Vergara,Drainage,23.8,772.6,0.667,0.631,26431,11,65.3,84.4,167.4,29.4,76.3,2.7,1.23,141.1,5.8,Medium
FLD-002706,2026-03-21,2026,3,Saturday,1,0,0,New Zañiga,Buhangin Creek,6.4,131.1,0.551,0.769,38270,26,2.7,9.4,69.5,30.7,63.1,1.7,0.5,200.6,5.9,Low
FLD-002707,2023-05-15,2023,5,Monday,0,1,0,Hulo,Pasig River,5.6,121.9,0.452,0.877,38888,21,3.1,34.2,85.4,30.9,78.6,21.8,1.25,21.4,5.7,Low
FLD-002708,2025-11-16,2025,11,Sunday,1,1,0,Burol,Drainage,21.3,711.6,0.628,0.72,21107,14,82.2,110.5,170.1,26.9,91.2,32.4,1.42,166.6,10.6,Low
FLD-002709,2021-09-03,2021,9,Friday,0,1,2,Pag-Asa,Drainage,21.0,622.4,0.648,0.78,21020,14,87.0,123.8,171.9,28.2,70.3,31.3,1.18,182.1,7.9,High
FLD-002710,2025-01-25,2025,1,Saturday,1,0,0,Mauway,Maytunas Creek,23.1,885.0,0.642,0.709,37908,9,2.9,122.1,337.7,32.5,71.0,0,0.96,2.8,7.0,Low
FLD-002711,2026-01-14,2026,1,Wednesday,0,0,2,Wack-Wack Greenhills East,Drainage,27.8,1217.6,0.813,0.635,20391,7,95.1,121.0,190.5,30.1,76.5,19.8,0.76,182.0,12.9,Medium
FLD-002712,2025-03-18,2025,3,Tuesday,0,0,0,Poblacion,Buhangin Creek,8.0,98.7,0.471,0.854,41590,21,7.2,53.9,70.7,32.4,64.0,11.1,0.66,85.8,5.8,High
FLD-002713,2025-08-18,2025,8,Monday,0,1,0,Poblacion,Buhangin Creek,5.3,146.4,0.496,0.826,39069,18,1.2,54.2,80.7,28.4,66.7,19.9,1.13,126.0,8.2,Low
FLD-002714,2025-11-09,2025,11,Sunday,1,1,3,San Jose,Drainage,21.4,692.3,0.622,0.706,25683,16,132.9,166.1,304.5,22.9,86.2,36.5,0.82,266.8,12.4,High
FLD-002715,2024-09-18,2024,9,Wednesday,0,1,0,Poblacion,Buhangin Creek,6.4,70.0,0.511,0.817,44037,18,5.8,33.0,145.6,30.0,72.1,13.2,0.8,113.5,6.1,Medium
FLD-002716,2025-05-09,2025,5,Friday,0,1,0,Malamig,Tributary,20.5,624.1,0.656,0.682,27985,14,19.7,111.3,238.3,26.3,83.2,32.8,0.68,0.9,6.6,Low
FLD-002717,2021-06-10,2021,6,Thursday,0,1,0,Hagdan Bato Itaas,Drainage,21.1,682.9,0.702,0.657,24299,8,6.2,81.1,181.3,28.8,73.2,16.6,0.61,103.3,6.2,Medium
FLD-002718,2024-07-02,2024,7,Tuesday,0,1,0,Burol,Drainage,20.7,678.8,0.687,0.62,20007,15,0.5,53.6,179.0,28.1,65.8,16.1,1.31,114.9,5.6,Medium
FLD-002719,2024-10-26,2024,10,Saturday,1,1,0,Burol,Drainage,20.4,723.6,0.68,0.707,18888,10,5.3,78.1,250.0,31.7,70.1,1.8,1.16,2.5,3.0,Low
FLD-002720,2022-02-03,2022,2,Thursday,0,0,1,Barangka Ilaya,Pasig River,7.4,175.2,0.493,0.831,35324,19,14.5,49.5,187.7,31.4,80.8,10.9,1.04,113.4,5.1,High
FLD-002721,2024-08-12,2024,8,Monday,0,1,1,Old Zañiga,Buhangin Creek,6.4,159.4,0.511,0.844,40846,16,47.3,111.5,321.8,29.2,77.1,8.1,1.59,147.7,7.5,High
FLD-002722,2022-01-06,2022,1,Thursday,0,0,2,Burol,Drainage,21.3,713.1,0.671,0.629,17071,11,196.6,290.4,441.4,28.3,86.6,25.8,1.08,302.9,17.9,High
FLD-002723,2023-11-26,2023,11,Sunday,1,1,1,Mauway,Maytunas Creek,23.0,876.3,0.661,0.657,37860,9,77.0,182.2,230.6,25.6,78.3,30.3,0.97,211.0,10.3,Medium
FLD-002724,2023-01-22,2023,1,Sunday,1,0,1,Burol,Drainage,20.6,649.0,0.638,0.703,22984,12,33.2,112.1,164.0,30.4,58.4,9.0,0.61,159.7,8.8,Medium
FLD-002725,2024-12-04,2024,12,Wednesday,0,0,0,Hagdan Bato Itaas,Drainage,22.0,762.1,0.71,0.689,27581,3,6.6,18.3,37.6,29.9,64.8,3.0,0.98,5.0,0.5,Low
FLD-002726,2022-05-17,2022,5,Tuesday,0,1,0,Vergara,Drainage,22.4,824.2,0.677,0.653,25945,13,1.6,82.9,236.5,29.8,70.0,12.4,1.46,54.0,3.9,Low
FLD-002727,2023-08-20,2023,8,Sunday,1,1,2,Hagdan Bato Libis,Drainage,15.9,490.3,0.641,0.726,32251,18,96.3,153.1,215.2,27.7,77.6,33.7,1.15,269.4,13.1,High
FLD-002728,2024-07-31,2024,7,Wednesday,0,1,0,Mauway,Maytunas Creek,22.2,821.9,0.699,0.702,35139,15,58.4,131.5,234.6,28.9,81.9,5.5,1.43,57.6,10.8,Medium
FLD-002729,2026-01-23,2026,1,Friday,0,0,0,Hagdan Bato Libis,Drainage,15.3,548.7,0.665,0.746,29900,13,25.3,104.2,139.1,28.8,55.9,14.2,0.97,35.5,6.0,Low
FLD-002730,2023-08-11,2023,8,Friday,0,1,2,Barangka Drive,Pasig River,8.8,229.8,0.549,0.857,34893,19,144.9,189.9,269.3,24.9,93.2,20.1,0.59,247.2,16.3,High
FLD-002731,2021-12-25,2021,12,Saturday,1,0,0,Namayan,Pasig River,7.2,132.5,0.517,0.803,38369,12,76.9,101.8,207.3,29.4,84.2,14.4,1.7,206.2,7.8,High
FLD-002732,2021-04-21,2021,4,Wednesday,0,0,0,San Jose,Drainage,21.8,710.0,0.686,0.714,26625,9,24.4,81.3,131.5,32.3,64.5,10.9,0.76,0.3,6.6,Low
FLD-002733,2024-06-25,2024,6,Tuesday,0,1,1,Hulo,Pasig River,4.8,91.5,0.444,0.809,42872,18,72.1,121.7,178.4,26.2,86.1,15.4,1.75,183.5,10.2,High
FLD-002734,2021-02-11,2021,2,Thursday,0,0,0,Mabini-J. Rizal,Maytunas Creek,14.3,446.9,0.633,0.709,30053,14,58.9,86.0,136.0,30.2,78.4,22.6,0.85,12.0,3.6,Low
FLD-002735,2025-08-01,2025,8,Friday,0,1,3,Buayang Bato,Buayang Bato Creek,13.8,291.3,0.599,0.762,33372,16,270.1,305.1,372.7,22,100,44.1,1.0,554.7,18.9,High
FLD-002736,2022-02-20,2022,2,Sunday,1,0,1,San Jose,Drainage,22.9,706.7,0.711,0.674,25303,15,24.7,43.5,178.2,31.2,54.9,22.6,0.57,74.7,7.8,Medium
FLD-002737,2025-08-21,2025,8,Thursday,0,1,0,Buayang Bato,Buayang Bato Creek,14.3,297.5,0.557,0.737,32662,16,14.0,61.9,172.1,31.9,70.2,18.8,1.51,53.3,5.8,Low
FLD-002738,2024-12-30,2024,12,Monday,0,0,0,Old Zañiga,Buhangin Creek,7.5,158.2,0.505,0.751,36046,20,1.2,23.4,74.2,32.8,71.5,5.9,0.96,77.2,8.5,Medium
FLD-002739,2022-12-25,2022,12,Sunday,1,0,0,Addition Hills,Maytunas Creek,25.2,992.8,0.712,0.701,45013,13,3.6,29.1,131.2,30.5,69.5,5.0,1.23,1.7,3.0,Low
FLD-002740,2022-03-15,2022,3,Tuesday,0,0,0,Vergara,Drainage,24.6,858.8,0.72,0.667,27915,7,13.5,44.7,157.7,32.0,72.1,13.4,1.04,171.4,3.1,Medium
FLD-002741,2022-04-02,2022,4,Saturday,1,0,0,Harapin ang Bukas,Drainage,16.4,585.4,0.519,0.758,24164,18,2.8,57.4,168.6,30.1,71.7,9.1,0.97,64.3,5.5,Medium
FLD-002742,2022-08-19,2022,8,Friday,0,1,1,Addition Hills,Maytunas Creek,24.1,1035.6,0.753,0.681,47853,9,128.2,235.1,401.5,25.7,81.7,22.0,1.47,207.7,10.8,High
FLD-002743,2021-09-26,2021,9,Sunday,1,1,0,Barangka Itaas,Pasig River,11.6,198.4,0.564,0.832,38412,17,8.4,147.0,257.8,30.2,69.1,13.8,0.95,107.0,8.4,High
FLD-002744,2023-06-12,2023,6,Monday,0,1,0,Plainview,Estero,18.6,504.4,0.65,0.68,31477,10,12.9,42.4,227.3,28.1,85.8,0.5,1.31,8.3,5.2,Low
FLD-002745,2023-04-27,2023,4,Thursday,0,0,0,Harapin ang Bukas,Drainage,18.2,580.4,0.571,0.791,23428,14,8.7,25.0,63.2,32.1,60.0,9.6,0.61,107.4,6.1,Low
FLD-002746,2025-11-08,2025,11,Saturday,1,1,0,Barangka Ilaya,Pasig River,7.8,170.4,0.521,0.828,36048,17,13.0,37.5,217.9,27.9,80.1,19.9,1.15,4.3,2.4,Low
FLD-002747,2021-04-23,2021,4,Friday,0,0,1,Highway Hills,Maytunas Creek,30.5,918.4,0.719,0.725,43842,8,85.8,95.5,211.7,30.1,79.9,22.3,1.42,181.1,5.2,High
FLD-002748,2021-07-14,2021,7,Wednesday,0,1,1,Hagdan Bato Itaas,Drainage,21.9,744.5,0.732,0.654,26674,10,91.0,120.3,183.6,28.1,81.0,6.1,1.27,262.6,6.5,High
FLD-002749,2026-06-15,2026,6,Monday,0,1,1,New Zañiga,Buhangin Creek,6.7,130.6,0.566,0.768,35967,20,126.5,161.0,306.7,26.0,91.3,16.3,0.98,294.9,9.9,High
FLD-002750,2025-12-03,2025,12,Wednesday,0,0,0,Old Zañiga,Buhangin Creek,6.9,133.5,0.531,0.793,35230,19,5.4,31.9,78.4,34.5,64.2,6.7,1.17,25.3,3.8,Low
FLD-002751,2022-06-02,2022,6,Thursday,0,1,0,Malamig,Tributary,19.9,598.5,0.648,0.768,30476,12,9.5,125.1,263.2,30.5,62.0,2.5,1.11,129.4,9.0,Medium
FLD-002752,2025-09-14,2025,9,Sunday,1,1,0,Barangka Ilaya,Pasig River,8.4,157.1,0.515,0.844,38029,16,33.6,100.8,199.1,27.4,84.8,15.1,1.23,122.9,5.4,Medium
FLD-002753,2023-03-13,2023,3,Monday,0,0,1,Mabini-J. Rizal,Maytunas Creek,14.8,444.5,0.526,0.728,31688,16,37.2,66.8,135.2,32.1,66.9,19.2,1.41,171.5,9.6,Medium
FLD-002754,2024-01-28,2024,1,Sunday,1,0,0,Barangka Itaas,Pasig River,10.2,201.4,0.543,0.842,31692,17,17.6,67.9,187.3,30.2,73.4,32.4,1.74,143.0,6.0,Medium
FLD-002755,2021-04-08,2021,4,Thursday,0,0,0,Mauway,Maytunas Creek,22.7,851.9,0.636,0.679,37550,14,11.0,22.5,188.8,31.2,61.2,9.0,1.04,129.9,1.9,Low
FLD-002756,2022-03-06,2022,3,Sunday,1,0,0,Malamig,Tributary,19.5,574.5,0.648,0.65,28419,14,5.9,111.9,186.0,30.2,73.2,4.6,0.99,126.2,7.8,Medium
FLD-002757,2023-10-11,2023,10,Wednesday,0,1,3,Hulo,Pasig River,7.3,71.6,0.416,0.848,39879,23,63.7,82.8,300.2,29.0,92.5,28.2,1.52,275.1,11.7,High
FLD-002758,2024-12-29,2024,12,Sunday,1,0,0,Mauway,Maytunas Creek,23.1,853.3,0.71,0.711,38376,14,9.0,47.4,153.5,32.0,70.9,14.0,1.31,116.0,1.0,Medium
FLD-002759,2022-06-07,2022,6,Tuesday,0,1,0,Hagdan Bato Itaas,Drainage,21.6,730.5,0.714,0.697,28348,13,1.1,52.7,381.4,30.4,70.5,24.0,1.44,8.5,4.6,Low
FLD-002760,2023-03-07,2023,3,Tuesday,0,0,1,Addition Hills,Maytunas Creek,24.6,990.7,0.539,0.715,45642,10,117.3,170.7,263.2,30.3,84.0,12.2,0.96,251.3,9.5,High
FLD-002761,2022-12-06,2022,12,Tuesday,0,0,1,Highway Hills,Maytunas Creek,30.5,885.2,0.789,0.732,44287,7,62.6,183.8,231.1,30.8,74.9,16.4,0.85,121.4,10.4,High
FLD-002762,2025-03-12,2025,3,Wednesday,0,0,1,Malamig,Tributary,20.6,598.4,0.693,0.745,30647,15,70.3,83.8,96.9,28.5,59.4,6.5,1.05,180.1,4.8,Medium
FLD-002763,2023-07-02,2023,7,Sunday,1,1,1,Buayang Bato,Buayang Bato Creek,15.9,327.4,0.584,0.722,32756,15,10.5,65.5,254.5,30.1,69.1,11.7,1.07,86.8,7.8,Medium
FLD-002764,2021-03-03,2021,3,Wednesday,0,0,3,Mabini-J. Rizal,Maytunas Creek,15.7,448.1,0.642,0.741,30284,12,95.7,134.3,223.0,30.8,81.9,60.8,0.94,276.9,12.1,High
FLD-002765,2022-12-05,2022,12,Monday,0,0,0,Malamig,Tributary,20.0,582.6,0.648,0.691,28204,13,5.1,32.6,58.9,33.3,65.3,7.4,0.76,8.0,2.6,Low
FLD-002766,2022-07-27,2022,7,Wednesday,0,1,1,Poblacion,Buhangin Creek,5.8,89.5,0.444,0.871,43834,21,10.4,44.3,69.5,30.1,71.5,14.4,1.26,87.8,6.6,Medium
FLD-002767,2025-05-26,2025,5,Monday,0,1,0,Malamig,Tributary,19.5,578.9,0.633,0.688,29796,15,1.1,10.1,222.6,26.8,58.0,7.9,0.47,44.5,1.6,Medium
FLD-002768,2025-06-30,2025,6,Monday,0,1,1,Vergara,Drainage,23.9,805.8,0.751,0.643,23638,8,32.9,82.4,104.3,28.6,78.9,11.4,0.84,0.6,2.5,Low
FLD-002769,2026-03-16,2026,3,Monday,0,0,0,Wack-Wack Greenhills East,Drainage,27.6,1180.7,0.848,0.593,21382,5,16.9,59.2,267.3,30.5,74.9,6.5,0.81,0.9,5.0,Low
FLD-002770,2023-07-01,2023,7,Saturday,1,1,0,Old Zañiga,Buhangin Creek,6.0,194.5,0.508,0.803,34669,15,11.9,45.0,245.0,27.9,66.5,1.5,1.3,119.0,4.7,Low
FLD-002771,2022-01-30,2022,1,Sunday,1,0,0,Hagdan Bato Libis,Drainage,15.0,494.4,0.602,0.729,29098,20,26.5,47.7,96.3,31.2,64.7,10.7,1.03,0.0,3.0,Low
FLD-002772,2021-08-07,2021,8,Saturday,1,1,0,Burol,Drainage,21.5,730.0,0.665,0.722,19506,14,1.2,46.1,101.3,31.0,83.7,8.7,1.23,2.0,6.2,Low
FLD-002773,2021-11-12,2021,11,Friday,0,1,0,Hagdan Bato Itaas,Drainage,21.9,716.7,0.68,0.717,26716,8,6.3,88.1,171.4,28.6,67.2,12.7,0.93,0.5,8.2,Low
FLD-002774,2021-08-10,2021,8,Tuesday,0,1,0,San Jose,Drainage,21.5,727.9,0.694,0.601,30080,15,2.0,44.2,352.7,28.3,61.0,11.3,1.46,41.9,5.0,Low
FLD-002775,2025-03-18,2025,3,Tuesday,0,0,0,Barangka Drive,Pasig River,10.0,220.3,0.474,0.808,34706,19,50.4,82.9,181.3,29.7,60.7,30.7,1.21,105.2,3.6,High
FLD-002776,2022-05-20,2022,5,Friday,0,1,1,Barangka Drive,Pasig River,9.4,207.6,0.503,0.751,31169,17,10.9,46.2,365.8,31.0,68.4,21.5,1.49,191.1,7.0,Medium
FLD-002777,2024-01-05,2024,1,Friday,0,0,2,Burol,Drainage,20.5,714.1,0.73,0.65,22529,11,30.2,65.1,112.4,29.9,66.8,21.4,0.66,136.2,8.1,Medium
FLD-002778,2025-11-26,2025,11,Wednesday,0,1,0,Vergara,Drainage,23.7,794.6,0.724,0.593,21814,8,5.2,157.7,418.0,29.1,66.0,15.0,1.62,124.0,10.2,Medium
FLD-002779,2023-02-01,2023,2,Wednesday,0,0,1,San Jose,Drainage,22.8,715.9,0.637,0.684,25546,9,148.4,172.0,192.0,26.6,76.5,11.9,0.65,173.4,11.8,High
FLD-002780,2024-09-17,2024,9,Tuesday,0,1,1,Barangka Drive,Pasig River,7.1,194.0,0.436,0.824,33999,16,57.6,118.5,198.4,29.1,87.3,16.4,0.84,177.0,5.2,High
FLD-002781,2026-06-29,2026,6,Monday,0,1,1,Mabini-J. Rizal,Maytunas Creek,14.9,450.3,0.548,0.751,31622,19,39.0,74.8,90.0,27.8,81.1,13.4,1.35,158.5,6.9,Medium
FLD-002782,2024-01-18,2024,1,Thursday,0,0,0,Mauway,Maytunas Creek,22.8,824.1,0.727,0.7,36918,9,20.1,51.3,242.8,32.1,76.7,18.1,1.0,10.3,2.8,Low
FLD-002783,2022-04-30,2022,4,Saturday,1,0,0,Daang Bakal,Maytunas Creek,11.7,336.3,0.568,0.769,30234,20,62.5,96.4,140.9,31.1,69.7,20.8,1.35,117.2,7.6,Medium
FLD-002784,2022-03-11,2022,3,Friday,0,0,0,Wack-Wack Greenhills East,Drainage,27.6,1220.4,0.825,0.623,20311,8,36.4,153.1,311.7,33.1,74.6,8.4,0.9,47.3,6.7,Medium
FLD-002785,2023-05-29,2023,5,Monday,0,1,0,Barangka Ilaya,Pasig River,8.0,147.2,0.456,0.841,36783,19,17.3,152.8,256.7,29.6,80.6,5.8,1.19,178.0,9.3,Medium
FLD-002786,2021-11-07,2021,11,Sunday,1,1,0,Barangka Drive,Pasig River,9.1,211.5,0.511,0.812,38830,17,38.5,134.4,227.1,27.6,75.5,0,1.16,129.5,9.2,High
FLD-002787,2022-09-28,2022,9,Wednesday,0,1,0,Daang Bakal,Maytunas Creek,13.5,377.3,0.621,0.74,34734,17,6.7,108.8,377.8,28.1,73.0,0.0,0.69,97.8,9.5,Medium
FLD-002788,2024-01-13,2024,1,Saturday,1,0,1,Wack-Wack Greenhills East,Drainage,27.7,1193.6,0.836,0.618,17921,6,30.8,59.8,105.5,32.5,71.6,17.2,0.88,10.6,3.9,Low
FLD-002789,2023-03-16,2023,3,Thursday,0,0,1,Hagdan Bato Libis,Drainage,16.7,510.6,0.569,0.73,28154,13,13.4,49.5,145.1,30.3,59.9,13.3,1.14,143.6,7.0,Medium
FLD-002790,2023-03-25,2023,3,Saturday,1,0,0,Pleasant Hills,Ermitaño Creek,25.4,1020.4,0.736,0.712,23985,10,4.4,23.1,172.3,32.2,72.6,10.5,0.73,50.4,2.1,Low
FLD-002791,2024-07-23,2024,7,Tuesday,0,1,0,Barangka Itaas,Pasig River,9.8,266.7,0.551,0.821,38216,17,1.5,43.9,296.6,29.5,70.5,22.7,1.38,161.6,5.4,Medium
FLD-002792,2024-02-27,2024,2,Tuesday,0,0,0,Hulo,Pasig River,6.4,146.4,0.426,0.862,38308,21,7.7,51.7,179.9,31.5,62.7,10.7,1.28,67.3,5.1,Medium
FLD-002793,2024-06-16,2024,6,Sunday,1,1,0,Barangka Itaas,Pasig River,9.4,237.3,0.555,0.825,36976,19,2.8,48.0,166.7,31.4,75.9,6.3,1.32,186.0,5.4,Low
FLD-002794,2021-09-10,2021,9,Friday,0,1,0,New Zañiga,Buhangin Creek,7.7,176.4,0.564,0.807,35059,17,55.0,80.2,252.5,28.5,78.1,3.5,0.89,124.6,6.3,High
FLD-002795,2021-12-11,2021,12,Saturday,1,0,0,Barangka Itaas,Pasig River,10.2,211.6,0.478,0.808,39851,20,42.7,139.9,187.5,30.4,74.9,14.7,1.0,167.7,7.5,Medium
FLD-002796,2022-04-17,2022,4,Sunday,1,0,0,Poblacion,Buhangin Creek,6.5,92.1,0.535,0.846,41859,18,3.5,47.8,93.2,35.3,57.5,31.2,0.84,54.6,1.6,Medium
FLD-002797,2026-06-18,2026,6,Thursday,0,1,0,Highway Hills,Maytunas Creek,30.8,908.6,0.686,0.78,48929,6,80.6,130.3,274.7,27.9,91.0,18.2,1.16,131.7,4.5,Medium
FLD-002798,2024-08-22,2024,8,Thursday,0,1,0,Barangka Itaas,Pasig River,9.7,231.1,0.553,0.895,35229,17,24.9,90.3,217.1,31.0,75.1,9.7,0.91,109.0,4.6,Medium
FLD-002799,2024-03-10,2024,3,Sunday,1,0,0,Barangka Ilaya,Pasig River,7.7,139.0,0.488,0.815,35858,18,1.7,31.0,157.7,31.9,66.5,6.0,0.74,109.4,4.5,High
FLD-002800,2021-05-26,2021,5,Wednesday,0,1,0,Mabini-J. Rizal,Maytunas Creek,15.8,458.4,0.596,0.803,33769,14,28.3,32.4,86.1,30.6,74.2,1.2,1.32,86.5,4.7,Low
FLD-002801,2022-12-30,2022,12,Friday,0,0,1,Hagdan Bato Libis,Drainage,14.8,480.3,0.626,0.718,31302,16,26.5,73.8,132.5,30.1,65.8,12.2,1.16,113.1,6.8,Medium
FLD-002802,2025-09-23,2025,9,Tuesday,0,1,0,Harapin ang Bukas,Drainage,15.5,592.9,0.646,0.731,20222,15,28.0,87.4,163.4,29.7,83.0,8.3,1.69,96.8,4.6,Medium
FLD-002803,2021-10-01,2021,10,Friday,0,1,1,Wack-Wack Greenhills East,Drainage,27.7,1222.9,0.853,0.623,15493,13,31.2,114.6,207.7,30.0,76.9,39.6,1.4,134.9,6.3,Low
FLD-002804,2022-07-06,2022,7,Wednesday,0,1,0,Barangka Itaas,Pasig River,10.4,211.0,0.452,0.817,39103,19,11.3,35.2,143.0,32.3,74.6,4.6,0.61,85.7,4.3,Medium
FLD-002805,2022-03-05,2022,3,Saturday,1,0,1,Pag-Asa,Drainage,19.4,681.0,0.625,0.74,25418,15,48.2,99.4,286.7,32.1,79.7,20.2,1.01,1.2,8.1,Low
FLD-002806,2023-05-06,2023,5,Saturday,1,1,2,Hulo,Pasig River,5.1,78.0,0.428,0.897,39216,23,43.6,191.9,308.8,30.4,77.6,14.2,0.97,233.1,13.0,High
FLD-002807,2026-05-20,2026,5,Wednesday,0,1,0,Addition Hills,Maytunas Creek,24.3,1011.7,0.669,0.768,45867,13,26.7,60.8,199.6,27.0,78.2,20.6,1.15,15.9,0.5,Low
FLD-002808,2024-04-14,2024,4,Sunday,1,0,2,Wack-Wack Greenhills East,Drainage,27.1,1209.8,0.75,0.615,15246,9,49.4,55.8,141.1,30.2,60.3,28.4,0.93,267.4,7.4,Low
FLD-002809,2025-03-14,2025,3,Friday,0,0,0,Vergara,Drainage,24.7,846.0,0.761,0.635,25259,10,0.9,29.5,145.8,31.5,60.3,6.9,0.73,120.4,5.0,Low
FLD-002810,2022-09-05,2022,9,Monday,0,1,0,Barangka Ibaba,Pasig River,5.3,59.0,0.429,0.897,40128,18,14.2,30.3,80.8,31.7,87.3,8.5,1.17,157.8,8.9,Medium
FLD-002811,2021-06-27,2021,6,Sunday,1,1,1,Addition Hills,Maytunas Creek,24.4,945.0,0.649,0.731,45649,12,12.3,111.7,189.8,27.4,79.0,12.9,1.08,104.1,7.6,Low
FLD-002812,2025-01-07,2025,1,Tuesday,0,0,1,Bagong Silang,Drainage,18.2,599.6,0.608,0.692,23353,14,21.7,43.1,245.8,29.8,68.8,20.7,1.1,53.1,4.7,Medium
FLD-002813,2021-08-31,2021,8,Tuesday,0,1,0,Namayan,Pasig River,8.0,146.7,0.527,0.806,31444,22,58.6,200.4,322.9,26.0,73.9,2.4,0.74,134.3,9.0,High
FLD-002814,2024-07-19,2024,7,Friday,0,1,0,Hulo,Pasig River,5.7,96.3,0.438,0.885,38649,21,52.6,144.0,493.9,29.3,80.9,4.7,1.3,242.3,10.5,High
FLD-002815,2023-11-18,2023,11,Saturday,1,1,0,Highway Hills,Maytunas Creek,30.3,913.4,0.722,0.793,43171,5,41.2,185.2,332.6,29.8,72.8,8.7,1.1,41.8,7.8,Low
FLD-002816,2021-03-01,2021,3,Monday,0,0,0,Bagong Silang,Drainage,16.2,595.9,0.594,0.705,23608,15,5.6,28.8,87.2,32.2,63.9,30.6,0.83,183.6,5.7,Medium
FLD-002817,2021-04-17,2021,4,Saturday,1,0,1,Old Zañiga,Buhangin Creek,7.1,223.4,0.519,0.831,33942,15,62.8,105.2,135.8,29.8,59.8,11.4,1.14,177.1,9.7,High
FLD-002818,2022-08-31,2022,8,Wednesday,0,1,3,Barangka Drive,Pasig River,7.7,272.7,0.477,0.818,38096,19,125.3,141.7,268.6,26.2,74.9,36.9,0.96,415.5,14.6,High
FLD-002819,2022-01-18,2022,1,Tuesday,0,0,1,Barangka Itaas,Pasig River,9.7,269.0,0.518,0.788,37494,19,34.2,39.9,87.2,33.3,77.2,15.5,1.04,78.7,5.1,Medium
FLD-002820,2022-06-25,2022,6,Saturday,1,1,1,Namayan,Pasig River,8.0,138.6,0.463,0.769,33582,20,22.2,71.0,209.9,29.7,72.8,16.1,1.09,140.2,7.6,Medium
FLD-002821,2021-01-03,2021,1,Sunday,1,0,1,Vergara,Drainage,23.8,795.8,0.716,0.669,25108,7,97.0,122.8,140.8,31.5,79.6,25.8,1.12,306.8,8.8,High
FLD-002822,2026-06-28,2026,6,Sunday,1,1,0,Barangka Itaas,Pasig River,10.1,299.5,0.506,0.86,35371,18,27.9,98.6,161.3,29.7,78.2,28.1,1.3,82.1,8.6,Medium
FLD-002823,2026-02-27,2026,2,Friday,0,0,0,Old Zañiga,Buhangin Creek,8.6,180.2,0.455,0.788,33380,20,78.9,130.6,258.5,29.7,70.8,11.5,0.89,207.3,11.2,High
FLD-002824,2022-12-05,2022,12,Monday,0,0,0,Addition Hills,Maytunas Creek,23.9,940.9,0.72,0.789,47152,12,49.5,80.4,161.2,32.3,73.5,15.9,1.15,74.4,5.1,Medium
FLD-002825,2022-06-01,2022,6,Wednesday,0,1,0,Hagdan Bato Itaas,Drainage,21.9,784.7,0.699,0.76,28509,8,64.9,193.9,351.8,27.5,66.1,22.9,1.25,230.2,9.0,High
FLD-002826,2021-06-30,2021,6,Wednesday,0,1,1,Addition Hills,Maytunas Creek,24.6,957.3,0.712,0.713,45346,9,45.6,165.8,246.7,28.5,72.0,19.2,1.08,70.7,8.8,Medium
FLD-002827,2021-07-03,2021,7,Saturday,1,1,3,Barangka Drive,Pasig River,8.8,216.2,0.466,0.787,36535,16,105.1,223.0,434.7,29.0,75.1,37.7,1.06,293.2,14.5,High
FLD-002828,2023-08-20,2023,8,Sunday,1,1,0,Plainview,Estero,17.2,484.1,0.613,0.697,32424,13,40.4,122.1,296.5,28.6,87.2,13.4,0.93,96.1,8.6,Medium
FLD-002829,2021-02-14,2021,2,Sunday,1,0,0,Pag-Asa,Drainage,20.2,640.5,0.56,0.752,24433,16,35.4,51.7,68.0,32.0,75.8,20.8,0.52,6.1,5.0,Low
FLD-002830,2024-12-22,2024,12,Sunday,1,0,0,Barangka Ibaba,Pasig River,6.3,72.9,0.44,0.868,38523,23,3.3,72.2,154.9,31.6,69.4,13.8,1.24,126.5,4.4,Medium
FLD-002831,2023-06-18,2023,6,Sunday,1,1,0,Old Zañiga,Buhangin Creek,7.3,155.5,0.517,0.789,32437,20,4.4,26.0,332.5,31.2,73.2,11.9,1.07,180.4,5.2,Medium
FLD-002832,2022-01-11,2022,1,Tuesday,0,0,0,Burol,Drainage,22.0,708.3,0.628,0.67,21493,15,1.6,47.6,216.6,32.1,66.0,5.7,0.93,0.8,2.8,Low
FLD-002833,2021-04-29,2021,4,Thursday,0,0,1,Old Zañiga,Buhangin Creek,7.5,134.7,0.504,0.793,38182,16,31.0,60.2,73.6,27.8,72.7,27.8,1.29,236.4,6.6,High
FLD-002834,2026-05-01,2026,5,Friday,0,1,1,Poblacion,Buhangin Creek,6.4,67.4,0.408,0.859,44093,22,3.6,62.2,191.9,28.3,83.3,11.1,0.7,137.3,7.6,Medium
FLD-002835,2025-05-20,2025,5,Tuesday,0,1,1,Mabini-J. Rizal,Maytunas Creek,15.3,390.7,0.616,0.721,32503,12,41.8,182.6,396.9,28.2,80.1,11.3,1.69,58.0,7.7,High
FLD-002836,2023-03-30,2023,3,Thursday,0,0,2,Mabini-J. Rizal,Maytunas Creek,16.0,477.3,0.65,0.683,30999,15,72.3,198.8,292.9,25.8,81.6,32.6,1.27,232.0,11.0,High
FLD-002837,2021-07-12,2021,7,Monday,0,1,0,Mabini-J. Rizal,Maytunas Creek,14.8,450.8,0.559,0.748,28926,12,65.9,105.9,193.9,27.2,68.5,7.0,0.91,162.6,9.1,Medium
FLD-002838,2026-05-22,2026,5,Friday,0,1,1,Namayan,Pasig River,7.5,149.3,0.507,0.79,34092,18,19.9,68.5,497.4,30.5,75.8,14.9,1.49,235.8,9.8,High
FLD-002839,2025-09-04,2025,9,Thursday,0,1,0,Barangka Ibaba,Pasig River,7.9,107.8,0.42,0.932,42210,22,4.9,258.5,419.0,31.6,66.7,36.4,0.96,152.3,11.7,High
FLD-002840,2023-12-08,2023,12,Friday,0,0,0,Harapin ang Bukas,Drainage,16.5,563.8,0.609,0.755,23186,15,10.5,43.6,109.7,30.8,73.9,9.2,0.8,1.7,3.9,Low
FLD-002841,2025-07-16,2025,7,Wednesday,0,1,0,Buayang Bato,Buayang Bato Creek,15.1,255.0,0.593,0.776,32973,14,15.2,35.5,99.4,29.6,82.1,10.8,1.05,76.7,6.5,Medium
FLD-002842,2021-03-28,2021,3,Sunday,1,0,2,Vergara,Drainage,22.7,823.4,0.717,0.653,23051,14,42.1,61.2,65.4,28.4,80.0,32.6,0.87,202.0,5.8,Medium
FLD-002843,2023-01-01,2023,1,Sunday,1,0,0,Poblacion,Buhangin Creek,5.7,69.3,0.485,0.851,38010,21,4.5,97.4,238.2,33.7,64.9,7.9,1.3,138.8,9.7,Medium
FLD-002844,2025-11-04,2025,11,Tuesday,0,1,2,Poblacion,Buhangin Creek,5.2,104.0,0.506,0.871,41431,19,188.8,242.4,287.4,23.5,98.6,23.7,0.88,387.1,17.5,High
FLD-002845,2023-10-06,2023,10,Friday,0,1,1,Pleasant Hills,Ermitaño Creek,25.3,1038.8,0.712,0.648,26479,9,40.4,70.8,129.6,30.9,81.8,31.7,1.45,67.5,5.7,Medium
FLD-002846,2024-10-08,2024,10,Tuesday,0,1,2,San Jose,Drainage,21.1,703.9,0.69,0.716,25197,7,223.9,331.8,444.8,24.0,98.9,33.4,0.79,402.3,18.8,High
FLD-002847,2025-01-12,2025,1,Sunday,1,0,0,Buayang Bato,Buayang Bato Creek,12.8,296.9,0.56,0.716,36488,17,34.1,51.9,235.3,30.9,65.5,3.3,0.96,143.1,5.4,Medium
FLD-002848,2022-01-22,2022,1,Saturday,1,0,1,Addition Hills,Maytunas Creek,24.2,970.1,0.715,0.744,49191,11,33.4,248.4,398.1,29.8,70.2,23.5,0.7,143.3,11.0,Medium
FLD-002849,2023-11-08,2023,11,Wednesday,0,1,0,Barangka Ilaya,Pasig River,7.6,198.6,0.48,0.844,38473,16,103.0,139.1,183.4,24.4,83.1,7.8,1.17,325.8,10.9,High
FLD-002850,2021-09-12,2021,9,Sunday,1,1,0,Vergara,Drainage,23.1,831.6,0.719,0.626,22126,11,33.8,171.1,345.3,29.0,80.8,0.6,1.37,104.7,11.8,Medium
FLD-002851,2021-02-17,2021,2,Wednesday,0,0,0,Mabini-J. Rizal,Maytunas Creek,14.9,443.7,0.612,0.739,31687,17,1.4,54.4,113.1,32.0,60.0,12.7,1.0,116.2,5.3,Low
FLD-002852,2024-06-14,2024,6,Friday,0,1,0,Highway Hills,Maytunas Creek,30.8,885.5,0.762,0.744,40146,7,3.1,59.4,220.0,30.7,67.0,15.9,0.79,8.2,5.3,Low
FLD-002853,2024-09-08,2024,9,Sunday,1,1,0,Barangka Drive,Pasig River,8.5,213.0,0.505,0.788,35495,14,14.7,35.4,38.9,29.9,73.8,5.7,1.09,143.7,1.6,Medium
FLD-002854,2021-01-15,2021,1,Friday,0,0,1,Hulo,Pasig River,5.3,116.4,0.445,0.857,43121,19,33.0,50.8,103.8,28.8,73.6,23.8,0.81,190.2,8.7,High
FLD-002855,2022-03-31,2022,3,Thursday,0,0,0,Buayang Bato,Buayang Bato Creek,13.3,302.6,0.542,0.729,32905,23,66.9,245.0,285.2,28.1,73.8,17.7,0.61,192.5,11.6,High
FLD-002856,2023-07-06,2023,7,Thursday,0,1,0,Vergara,Drainage,24.1,790.9,0.803,0.689,21873,6,4.4,31.3,177.7,31.5,80.8,18.0,1.16,54.4,3.1,Low
FLD-002857,2025-04-20,2025,4,Sunday,1,0,1,Barangka Itaas,Pasig River,9.9,262.4,0.528,0.798,32559,19,27.0,86.8,146.8,31.1,58.8,13.5,0.92,4.5,8.4,Low
FLD-002858,2024-03-24,2024,3,Sunday,1,0,1,San Jose,Drainage,23.0,684.7,0.707,0.7,28203,9,24.1,85.6,170.2,30.6,60.7,39.5,1.14,119.4,5.3,Medium
FLD-002859,2022-12-03,2022,12,Saturday,1,0,0,Vergara,Drainage,24.4,833.1,0.706,0.695,24308,8,8.7,42.8,121.7,30.1,52.2,7.9,1.44,0,1.8,Low
FLD-002860,2021-07-19,2021,7,Monday,0,1,0,Barangka Drive,Pasig River,7.7,230.6,0.464,0.865,36190,19,2.5,17.8,61.0,30.1,70.3,5.0,1.66,8.6,2.2,Low
FLD-002861,2024-08-16,2024,8,Friday,0,1,0,Namayan,Pasig River,8.3,101.6,0.527,0.816,28967,20,1.6,119.9,345.8,28.4,78.2,22.0,1.46,5.7,8.4,Low
FLD-002862,2022-10-16,2022,10,Sunday,1,1,0,Bagong Silang,Drainage,17.6,585.8,0.528,0.74,23418,18,8.1,130.6,180.6,30.3,89.0,3.4,1.28,159.3,10.9,Medium
FLD-002863,2021-04-17,2021,4,Saturday,1,0,0,Barangka Drive,Pasig River,9.2,221.6,0.553,0.792,38997,18,6.4,33.2,176.3,32.6,70.5,9.7,1.0,88.9,4.0,Medium
FLD-002864,2025-06-02,2025,6,Monday,0,1,0,Hagdan Bato Libis,Drainage,15.9,513.4,0.616,0.714,28552,18,121.3,210.7,346.9,28.7,84.8,18.3,1.11,183.0,10.1,High
FLD-002865,2026-02-04,2026,2,Wednesday,0,0,0,New Zañiga,Buhangin Creek,6.6,154.2,0.516,0.804,35996,17,36.5,106.1,131.1,31.8,68.6,7.7,0.63,184.8,6.1,High
FLD-002866,2026-04-25,2026,4,Saturday,1,0,1,Namayan,Pasig River,7.5,187.9,0.538,0.82,33317,18,81.1,114.0,246.9,30.1,72.7,8.2,1.4,240.9,9.7,High
FLD-002867,2022-03-14,2022,3,Monday,0,0,0,Highway Hills,Maytunas Creek,30.4,885.6,0.763,0.748,42933,10,15.8,42.3,318.9,30.0,71.4,9.9,1.21,98.4,5.8,Medium
FLD-002868,2025-01-04,2025,1,Saturday,1,0,0,Poblacion,Buhangin Creek,5.2,115.0,0.476,0.823,41834,19,10.3,81.4,188.5,32.3,70.0,7.9,1.3,143.5,9.9,Medium
FLD-002869,2021-12-26,2021,12,Sunday,1,0,0,San Jose,Drainage,21.7,707.4,0.623,0.683,24898,9,5.4,67.0,393.6,30.7,67.5,23.7,0.84,3.5,2.6,Low
FLD-002870,2023-08-08,2023,8,Tuesday,0,1,0,Barangka Itaas,Pasig River,10.6,290.0,0.525,0.762,34311,20,20.0,89.8,236.8,30.3,79.0,7.8,0.92,169.2,7.1,Low
FLD-002871,2023-01-18,2023,1,Wednesday,0,0,0,Burol,Drainage,20.6,654.7,0.676,0.668,21350,12,18.1,100.8,197.7,32.1,70.5,12.2,1.27,12.2,6.1,Low
FLD-002872,2022-01-19,2022,1,Wednesday,0,0,1,Hagdan Bato Libis,Drainage,15.6,489.1,0.567,0.737,28170,19,71.0,82.4,176.5,27.7,78.7,18.3,1.24,194.8,5.8,High
FLD-002873,2023-02-05,2023,2,Sunday,1,0,0,Barangka Ibaba,Pasig River,6.8,84.2,0.5,0.88,39149,20,5.4,38.9,81.0,31.7,67.2,4.8,0.92,12.5,2.5,Low
FLD-002874,2023-08-19,2023,8,Saturday,1,1,0,Mauway,Maytunas Creek,22.6,829.1,0.699,0.719,40810,11,13.3,98.3,337.7,29.2,87.7,12.4,1.38,7.0,4.8,Low
FLD-002875,2023-08-25,2023,8,Friday,0,1,1,Addition Hills,Maytunas Creek,26.0,995.0,0.693,0.72,46798,6,27.0,92.0,173.8,27.1,78.9,6.3,0.85,41.3,7.6,High
FLD-002876,2023-07-19,2023,7,Wednesday,0,1,0,Addition Hills,Maytunas Creek,26.2,985.7,0.689,0.712,46306,13,29.0,89.0,178.7,29.6,82.9,13.5,0.82,60.0,7.6,Medium
FLD-002877,2023-02-08,2023,2,Wednesday,0,0,0,Poblacion,Buhangin Creek,5.3,80.1,0.414,0.872,41630,24,37.8,149.0,263.6,29.4,67.5,0.8,1.35,140.2,8.2,High
FLD-002878,2023-04-18,2023,4,Tuesday,0,0,0,Bagong Silang,Drainage,17.7,557.6,0.579,0.718,27418,16,29.2,109.0,164.7,32.5,70.4,7.2,1.14,7.6,6.6,Low
FLD-002879,2024-02-18,2024,2,Sunday,1,0,1,Wack-Wack Greenhills East,Drainage,28.5,1203.9,0.804,0.651,15080,4,94.5,121.8,247.4,30.3,82.9,13.4,0.67,122.8,11.6,Medium
FLD-002880,2025-01-11,2025,1,Saturday,1,0,0,Mauway,Maytunas Creek,23.5,843.3,0.689,0.678,34706,12,4.5,72.4,141.9,31.7,62.9,1.9,1.33,11.5,4.5,Low
FLD-002881,2023-03-21,2023,3,Tuesday,0,0,0,Barangka Ibaba,Pasig River,7.5,90.3,0.504,0.887,40844,21,2.8,108.3,434.7,30.6,60.3,4.5,1.4,113.3,7.5,Medium
FLD-002882,2022-11-24,2022,11,Thursday,0,1,0,Barangka Drive,Pasig River,8.6,216.6,0.478,0.874,32943,23,1.0,79.6,143.6,31.4,73.2,6.0,0.79,0.8,4.3,Low
FLD-002883,2024-11-30,2024,11,Saturday,1,1,0,Plainview,Estero,18.1,494.8,0.592,0.715,30216,15,43.8,142.5,227.3,30.9,73.3,30.7,1.29,25.9,5.1,Medium
FLD-002884,2023-06-27,2023,6,Tuesday,0,1,0,Hagdan Bato Libis,Drainage,15.8,512.5,0.722,0.687,31658,13,1.0,4.9,140.3,30.4,84.9,21.7,1.23,58.6,1.2,Medium
FLD-002885,2022-06-05,2022,6,Sunday,1,1,0,Barangka Ibaba,Pasig River,7.7,166.2,0.442,0.875,37317,17,8.6,21.1,167.3,31.3,69.2,10.9,1.37,39.8,1.5,Medium
FLD-002886,2025-03-12,2025,3,Wednesday,0,0,1,Bagong Silang,Drainage,19.4,551.3,0.585,0.725,26574,14,23.0,56.2,108.7,30.5,75.2,15.1,1.28,179.3,8.2,Medium
FLD-002887,2022-05-30,2022,5,Monday,0,1,0,Mabini-J. Rizal,Maytunas Creek,15.3,527.5,0.595,0.712,32509,13,3.0,58.4,595.2,30.3,73.6,36.2,1.04,116.9,2.3,Low
FLD-002888,2024-04-22,2024,4,Monday,0,0,0,Barangka Ilaya,Pasig River,7.2,195.8,0.431,0.808,38919,20,37.0,52.8,211.9,30.1,58.5,12.9,1.16,135.9,4.9,Medium
FLD-002889,2022-05-28,2022,5,Saturday,1,1,1,Harapin ang Bukas,Drainage,16.7,568.8,0.626,0.724,22675,12,120.5,247.1,350.9,26.3,88.8,12.4,1.18,200.6,13.1,High
FLD-002890,2024-09-17,2024,9,Tuesday,0,1,0,Hagdan Bato Libis,Drainage,16.5,483.5,0.553,0.71,29585,15,5.6,80.9,245.9,30.0,73.2,7.6,0.64,5.8,5.6,Low
FLD-002891,2025-07-07,2025,7,Monday,0,1,0,Namayan,Pasig River,8.5,182.3,0.428,0.81,31297,19,62.5,157.0,238.7,26.1,75.2,4.7,1.3,251.4,6.7,High
FLD-002892,2021-03-16,2021,3,Tuesday,0,0,2,Mabini-J. Rizal,Maytunas Creek,15.3,445.0,0.548,0.749,28556,19,120.6,182.0,320.5,25.9,72.0,47.1,0.65,216.0,13.5,High
FLD-002893,2021-01-03,2021,1,Sunday,1,0,0,Barangka Ibaba,Pasig River,7.3,90.4,0.422,0.911,41839,20,10.1,100.1,181.7,31.4,67.2,9.5,1.01,35.5,8.1,High
FLD-002894,2021-04-15,2021,4,Thursday,0,0,2,Barangka Ilaya,Pasig River,6.9,103.6,0.514,0.749,35415,23,237.3,344.1,424.2,24.3,89.5,17.3,1.15,519.6,21.6,High
FLD-002895,2023-03-14,2023,3,Tuesday,0,0,0,Old Zañiga,Buhangin Creek,7.2,131.7,0.479,0.768,33515,20,61.0,98.9,168.8,30.5,73.5,7.1,0.88,250.1,11.1,Medium
FLD-002896,2026-05-08,2026,5,Friday,0,1,1,Namayan,Pasig River,7.0,159.7,0.458,0.813,34198,18,26.8,130.4,189.6,31.1,68.0,12.1,0.78,7.5,7.7,Low
FLD-002897,2021-06-15,2021,6,Tuesday,0,1,2,Barangka Ilaya,Pasig River,8.2,120.1,0.473,0.814,37712,17,153.9,285.3,532.1,22.4,89.4,25.7,0.92,431.0,16.2,High
FLD-002898,2022-11-27,2022,11,Sunday,1,1,0,San Jose,Drainage,22.4,690.2,0.706,0.687,27442,12,1.5,35.0,225.8,30.8,74.3,0,0.94,4.7,2.3,Low
FLD-002899,2021-12-17,2021,12,Friday,0,0,0,Barangka Itaas,Pasig River,10.6,263.8,0.447,0.785,33884,20,18.7,29.8,105.5,30.7,64.1,15.2,0.86,53.3,3.5,Medium
FLD-002900,2025-05-21,2025,5,Wednesday,0,1,0,Barangka Drive,Pasig River,8.8,199.0,0.475,0.838,34578,19,1.9,29.5,123.8,32.2,78.0,12.6,1.34,95.3,3.4,Medium
FLD-002901,2023-02-17,2023,2,Friday,0,0,0,Bagong Silang,Drainage,17.4,564.8,0.651,0.702,26506,16,0.3,22.7,29.4,33.2,66.8,19.9,1.03,0.1,1.8,Low
FLD-002902,2022-07-03,2022,7,Sunday,1,1,0,Barangka Ilaya,Pasig River,7.3,180.9,0.443,0.854,37924,19,40.1,108.4,124.7,27.9,70.7,1.3,1.3,133.9,10.0,High
FLD-002903,2024-10-30,2024,10,Wednesday,0,1,0,Barangka Ibaba,Pasig River,7.8,118.3,0.413,0.861,36075,21,17.5,56.3,156.6,29.8,65.7,0,1.31,88.3,9.8,Medium
FLD-002904,2026-06-05,2026,6,Friday,0,1,1,Pleasant Hills,Ermitaño Creek,26.3,1005.5,0.717,0.621,25115,7,57.6,186.5,296.9,27.4,82.7,10.0,1.31,230.6,8.6,Medium
FLD-002905,2023-01-23,2023,1,Monday,0,0,1,Daang Bakal,Maytunas Creek,12.1,332.1,0.591,0.769,35390,14,100.5,210.5,222.1,31.1,80.7,35.7,1.23,320.1,12.5,High
FLD-002906,2022-05-01,2022,5,Sunday,1,1,1,Barangka Ilaya,Pasig River,8.2,162.0,0.467,0.851,35044,18,101.1,116.0,397.3,26.3,82.9,6.6,1.32,331.3,9.0,High
FLD-002907,2026-01-25,2026,1,Sunday,1,0,0,Barangka Itaas,Pasig River,10.8,298.1,0.534,0.806,34990,17,2.6,10.8,70.2,33.1,69.8,16.8,1.03,9.2,4.0,Low
FLD-002908,2024-12-21,2024,12,Saturday,1,0,0,Hagdan Bato Itaas,Drainage,22.3,698.6,0.684,0.718,26195,12,7.5,27.2,109.1,31.0,63.4,11.6,1.04,5.5,3.8,Low
FLD-002909,2024-11-30,2024,11,Saturday,1,1,1,Hagdan Bato Itaas,Drainage,21.6,755.8,0.713,0.683,28625,10,20.1,192.7,348.8,29.8,61.6,14.9,1.5,90.7,10.7,Medium
FLD-002910,2025-04-13,2025,4,Sunday,1,0,0,Old Zañiga,Buhangin Creek,6.6,149.7,0.436,0.842,39968,26,15.8,29.9,63.6,30.0,63.4,10.1,1.08,5.0,4.8,Low
FLD-002911,2022-01-05,2022,1,Wednesday,0,0,0,Harapin ang Bukas,Drainage,17.8,556.7,0.624,0.793,17726,16,16.0,64.5,257.4,32.9,65.4,2.5,1.03,97.2,5.8,Medium
FLD-002912,2024-03-23,2024,3,Saturday,1,0,1,Barangka Drive,Pasig River,9.9,192.7,0.461,0.791,31118,22,106.2,166.9,322.3,30.4,75.9,20.2,1.0,288.1,9.9,High
FLD-002913,2021-05-31,2021,5,Monday,0,1,1,Namayan,Pasig River,8.7,138.4,0.464,0.835,36870,25,174.1,187.4,295.2,25.7,90.6,27.1,1.3,441.0,16.3,High
FLD-002914,2021-09-26,2021,9,Sunday,1,1,0,Pag-Asa,Drainage,20.5,654.3,0.594,0.715,25118,16,61.0,154.1,212.6,28.9,74.3,16.6,1.22,174.4,12.0,Medium
FLD-002915,2021-09-06,2021,9,Monday,0,1,1,Vergara,Drainage,24.7,845.5,0.734,0.657,26821,9,94.2,119.2,207.5,26.6,90.0,9.2,0.96,191.3,10.9,Low
FLD-002916,2023-10-01,2023,10,Sunday,1,1,0,Plainview,Estero,19.1,503.1,0.667,0.69,30771,16,15.9,119.3,269.0,28.5,73.2,11.7,0.57,64.9,7.0,Medium
FLD-002917,2022-10-02,2022,10,Sunday,1,1,0,Buayang Bato,Buayang Bato Creek,12.8,270.2,0.618,0.679,36563,15,32.7,105.7,182.9,27.9,67.9,4.4,0.64,102.8,9.8,Medium
FLD-002918,2025-10-04,2025,10,Saturday,1,1,2,Vergara,Drainage,24.6,800.5,0.795,0.698,24251,11,76.5,157.9,227.9,27.6,80.3,23.4,1.66,129.7,10.9,High
FLD-002919,2021-11-24,2021,11,Wednesday,0,1,1,Old Zañiga,Buhangin Creek,7.6,114.2,0.456,0.787,38738,19,41.6,136.0,309.3,29.5,80.5,13.5,1.03,155.9,9.2,High
FLD-002920,2023-08-03,2023,8,Thursday,0,1,0,Namayan,Pasig River,7.4,160.4,0.511,0.81,35304,19,3.0,83.8,239.2,28.0,77.3,7.2,1.61,107.7,5.3,Low
FLD-002921,2023-10-31,2023,10,Tuesday,0,1,1,Harapin ang Bukas,Drainage,16.4,524.6,0.639,0.737,25706,12,63.7,102.0,158.9,30.4,80.7,13.6,0.9,144.9,8.8,Medium
FLD-002922,2025-10-11,2025,10,Saturday,1,1,1,Wack-Wack Greenhills East,Drainage,28.8,1159.7,0.824,0.685,17368,7,107.7,120.0,207.0,27.1,81.0,14.3,0.69,175.6,6.5,Medium
FLD-002923,2026-06-07,2026,6,Sunday,1,1,1,Harapin ang Bukas,Drainage,18.0,572.5,0.614,0.721,21656,12,43.7,67.3,168.6,27.7,75.0,5.4,1.04,130.6,8.5,Medium
FLD-002924,2021-10-22,2021,10,Friday,0,1,1,Pleasant Hills,Ermitaño Creek,24.6,971.6,0.678,0.713,27232,9,106.4,223.7,317.6,27.0,92.5,7.4,1.67,146.5,9.8,High
FLD-002925,2022-05-09,2022,5,Monday,0,1,0,Hagdan Bato Libis,Drainage,16.1,516.4,0.617,0.744,29930,11,33.6,148.9,324.8,28.9,69.2,8.1,1.3,124.7,6.4,Medium
FLD-002926,2022-07-02,2022,7,Saturday,1,1,1,Mabini-J. Rizal,Maytunas Creek,13.2,427.7,0.587,0.733,32294,16,26.7,417.4,593.0,32.1,80.7,30.8,0.98,191.8,20.3,High
FLD-002927,2022-01-19,2022,1,Wednesday,0,0,1,Hagdan Bato Itaas,Drainage,23.5,774.2,0.68,0.675,28530,14,51.6,105.1,194.5,29.3,69.8,23.0,1.12,140.8,7.5,High
FLD-002928,2022-02-04,2022,2,Friday,0,0,0,Wack-Wack Greenhills East,Drainage,27.3,1198.2,0.796,0.667,19978,11,8.0,107.1,155.4,29.8,57.7,0,1.5,113.8,6.9,Low
FLD-002929,2026-05-24,2026,5,Sunday,1,1,0,Harapin ang Bukas,Drainage,16.9,513.0,0.577,0.758,22267,13,11.0,77.2,240.9,30.6,78.9,41.1,1.73,87.6,7.1,Medium
FLD-002930,2025-01-24,2025,1,Friday,0,0,2,Namayan,Pasig River,8.1,132.7,0.525,0.764,35096,16,150.9,193.0,392.9,27.0,81.0,21.8,0.74,363.0,14.5,High
FLD-002931,2022-11-11,2022,11,Friday,0,1,0,Namayan,Pasig River,8.6,118.9,0.499,0.795,31476,18,44.2,78.7,198.2,29.0,84.2,4.6,0.74,103.9,5.5,Medium
FLD-002932,2026-02-28,2026,2,Saturday,1,0,0,Bagong Silang,Drainage,17.9,606.5,0.617,0.703,26609,14,68.4,139.1,231.2,30.0,75.5,15.5,0.66,226.8,12.2,Medium
FLD-002933,2021-05-02,2021,5,Sunday,1,1,0,Barangka Drive,Pasig River,9.7,204.3,0.485,0.822,32974,19,13.7,53.6,176.7,29.4,84.8,8.1,0.42,39.9,6.5,Medium
FLD-002934,2022-02-18,2022,2,Friday,0,0,2,Plainview,Estero,18.0,526.5,0.641,0.755,28599,10,45.0,98.0,166.1,28.7,76.5,27.1,0.94,161.2,9.4,High
FLD-002935,2026-05-19,2026,5,Tuesday,0,1,0,Bagong Silang,Drainage,18.3,564.1,0.698,0.671,23796,13,2.8,32.7,102.4,30.8,73.3,6.8,1.63,6.1,4.7,Low
FLD-002936,2025-04-07,2025,4,Monday,0,0,0,Harapin ang Bukas,Drainage,17.2,493.3,0.652,0.735,24102,12,9.7,135.9,191.1,31.7,65.7,5.4,1.34,77.3,6.5,Low
FLD-002937,2021-05-28,2021,5,Friday,0,1,0,Hagdan Bato Libis,Drainage,15.5,495.1,0.611,0.764,28405,15,5.6,129.3,237.8,28.1,80.5,0.9,1.21,81.1,7.5,Medium
FLD-002938,2024-01-26,2024,1,Friday,0,0,0,Daang Bakal,Maytunas Creek,11.7,414.7,0.632,0.751,32279,15,3.3,109.8,132.5,29.3,53.1,12.9,1.09,112.8,8.0,Medium
FLD-002939,2024-11-11,2024,11,Monday,0,1,0,Hagdan Bato Libis,Drainage,15.5,499.6,0.631,0.688,31991,17,36.0,88.0,199.1,27.9,76.0,11.9,1.51,176.7,8.0,Medium
FLD-002940,2023-11-27,2023,11,Monday,0,1,0,Burol,Drainage,20.8,694.4,0.613,0.652,20216,11,10.6,98.9,140.0,31.1,76.0,22.5,1.52,1.0,5.9,Low
FLD-002941,2022-11-09,2022,11,Wednesday,0,1,1,Pag-Asa,Drainage,20.7,628.6,0.643,0.697,29532,13,73.9,127.1,452.4,30.6,85.6,23.2,1.25,193.7,9.6,High
FLD-002942,2023-12-07,2023,12,Thursday,0,0,0,Barangka Drive,Pasig River,8.1,242.5,0.441,0.796,34473,15,0.6,61.2,266.3,31.5,57.3,7.2,0.94,71.5,6.4,Medium
FLD-002943,2021-05-09,2021,5,Sunday,1,1,0,Burol,Drainage,21.4,704.5,0.633,0.693,21860,14,1.7,18.0,119.4,29.4,73.7,8.1,0.96,1.5,1.8,Low
FLD-002944,2025-01-20,2025,1,Monday,0,0,2,Hagdan Bato Libis,Drainage,15.9,534.1,0.624,0.736,32268,16,35.4,81.3,151.4,30.7,74.8,33.7,1.79,122.9,8.2,High
FLD-002945,2025-05-25,2025,5,Sunday,1,1,0,Barangka Drive,Pasig River,9.7,222.9,0.487,0.786,34544,15,26.4,39.7,245.2,28.5,76.1,12.2,1.88,202.6,3.8,High
FLD-002946,2024-09-10,2024,9,Tuesday,0,1,0,Addition Hills,Maytunas Creek,23.6,975.9,0.69,0.723,46117,5,4.8,24.3,265.5,30.6,78.5,7.7,1.25,67.9,3.8,Low
FLD-002947,2024-06-06,2024,6,Thursday,0,1,0,Barangka Ibaba,Pasig River,6.9,91.2,0.473,0.881,42225,16,2.4,126.6,206.7,30.4,75.8,8.5,1.39,99.6,10.1,Low
FLD-002948,2022-03-28,2022,3,Monday,0,0,1,Malamig,Tributary,20.1,586.4,0.688,0.741,29647,9,53.8,86.4,127.5,31.0,65.9,15.4,0.96,121.9,4.5,Medium
FLD-002949,2022-12-07,2022,12,Wednesday,0,0,0,Barangka Itaas,Pasig River,9.9,255.2,0.517,0.719,32873,13,43.5,158.5,208.3,30.1,71.7,4.7,0.98,60.1,7.1,High
FLD-002950,2023-07-20,2023,7,Thursday,0,1,0,Harapin ang Bukas,Drainage,17.2,534.4,0.573,0.748,20706,19,6.7,88.5,287.2,29.6,65.8,3.3,1.29,79.6,5.5,High
FLD-002951,2022-03-02,2022,3,Wednesday,0,0,0,Daang Bakal,Maytunas Creek,10.9,351.3,0.602,0.736,32915,16,17.0,26.7,123.7,29.8,69.4,3.3,0.8,6.5,3.7,Low
FLD-002952,2021-01-02,2021,1,Saturday,1,0,0,Hagdan Bato Libis,Drainage,15.9,523.2,0.589,0.729,29255,11,65.7,84.1,167.3,29.9,64.8,12.0,0.99,183.7,9.4,Medium
FLD-002953,2021-07-15,2021,7,Thursday,0,1,0,Hulo,Pasig River,4.8,104.2,0.466,0.893,37130,27,0.4,37.4,265.8,28.8,71.2,10.7,1.5,111.3,7.5,High
FLD-002954,2024-10-22,2024,10,Tuesday,0,1,1,Mabini-J. Rizal,Maytunas Creek,14.3,464.1,0.606,0.702,31896,13,16.5,93.5,256.0,29.2,73.1,14.4,0.99,189.8,7.0,Low
FLD-002955,2024-06-16,2024,6,Sunday,1,1,0,Vergara,Drainage,25.0,745.3,0.692,0.64,25184,8,1.7,60.8,327.1,30.0,73.0,17.7,0.97,7.3,5.2,Low
FLD-002956,2022-06-18,2022,6,Saturday,1,1,0,Wack-Wack Greenhills East,Drainage,28.5,1186.0,0.8,0.675,18641,12,4.6,28.0,87.5,32.1,80.9,8.8,0.5,0,3.2,Low
FLD-002957,2021-12-10,2021,12,Friday,0,0,0,New Zañiga,Buhangin Creek,6.7,198.5,0.537,0.836,37320,13,71.1,110.8,212.8,31.3,87.6,16.4,1.04,145.4,6.4,High
FLD-002958,2023-03-18,2023,3,Saturday,1,0,0,Harapin ang Bukas,Drainage,16.8,568.2,0.615,0.747,20448,12,7.0,95.6,119.5,30.6,64.0,21.2,1.21,63.8,6.9,Medium
FLD-002959,2024-11-14,2024,11,Thursday,0,1,3,Pag-Asa,Drainage,20.1,623.1,0.639,0.732,25599,14,65.9,124.5,176.3,27.0,81.0,40.6,1.14,240.6,9.8,High
FLD-002960,2025-07-14,2025,7,Monday,0,1,1,San Jose,Drainage,21.8,711.9,0.704,0.713,24517,10,80.5,110.0,206.0,27.0,76.1,10.1,0.88,149.0,4.6,Medium
FLD-002961,2021-09-20,2021,9,Monday,0,1,2,Plainview,Estero,18.4,537.5,0.656,0.714,31632,14,60.4,131.2,279.7,30.2,75.7,28.4,1.03,126.4,9.9,High
FLD-002962,2021-12-06,2021,12,Monday,0,0,2,Barangka Itaas,Pasig River,11.2,226.1,0.536,0.776,34959,22,75.1,106.1,211.2,28.3,73.7,27.0,0.98,247.6,11.6,High
FLD-002963,2025-12-30,2025,12,Tuesday,0,0,0,Highway Hills,Maytunas Creek,29.7,935.9,0.74,0.762,44879,9,4.9,13.0,122.5,32.2,65.0,9.4,0.88,141.7,7.1,Medium
FLD-002964,2025-06-06,2025,6,Friday,0,1,0,Poblacion,Buhangin Creek,6.9,80.2,0.47,0.804,41139,23,16.6,77.0,167.0,30.1,67.7,11.3,0.96,173.6,8.0,Medium
FLD-002965,2025-05-25,2025,5,Sunday,1,1,2,Mauway,Maytunas Creek,22.7,853.2,0.67,0.682,40461,9,178.0,241.7,305.8,26.4,99.6,38.3,1.08,346.9,15.1,High
FLD-002966,2025-12-14,2025,12,Sunday,1,0,2,Bagong Silang,Drainage,19.3,576.8,0.596,0.71,25385,11,55.1,91.3,217.1,28.3,72.4,19.8,1.08,100.9,9.7,Medium
FLD-002967,2025-04-09,2025,4,Wednesday,0,0,0,Mauway,Maytunas Creek,23.2,834.6,0.707,0.757,37145,10,0.5,98.4,298.2,32.8,70.6,19.7,0.56,90.6,5.7,Medium
FLD-002968,2025-09-06,2025,9,Saturday,1,1,1,Namayan,Pasig River,8.0,168.3,0.55,0.816,33934,17,68.9,204.5,315.2,26.4,78.9,20.6,0.79,141.5,11.0,High
FLD-002969,2024-11-14,2024,11,Thursday,0,1,0,Barangka Ilaya,Pasig River,8.3,104.7,0.461,0.839,37937,20,6.7,70.7,304.2,30.1,73.5,22.8,0.81,76.8,8.9,High
FLD-002970,2024-07-26,2024,7,Friday,0,1,0,Burol,Drainage,19.9,667.6,0.631,0.677,21500,14,18.3,47.1,77.3,27.7,78.0,4.1,0.52,2.7,3.4,Low
FLD-002971,2022-07-14,2022,7,Thursday,0,1,1,Hulo,Pasig River,5.8,113.3,0.466,0.849,38046,20,23.4,39.4,176.1,30.5,83.4,18.2,1.0,150.0,5.6,High
FLD-002972,2021-08-16,2021,8,Monday,0,1,0,Namayan,Pasig River,7.6,147.7,0.45,0.809,37079,15,67.7,138.6,215.2,30.6,85.6,8.6,1.17,183.0,9.3,High
FLD-002973,2021-10-05,2021,10,Tuesday,0,1,3,Vergara,Drainage,24.3,801.2,0.666,0.689,24771,10,185.7,325.5,434.0,26.7,98.7,40.1,1.27,348.4,17.2,High
FLD-002974,2025-09-28,2025,9,Sunday,1,1,2,Namayan,Pasig River,7.7,138.1,0.541,0.791,33580,22,67.5,105.3,204.7,28.1,71.8,16.3,1.42,317.8,10.0,High
FLD-002975,2024-12-31,2024,12,Tuesday,0,0,0,Barangka Ilaya,Pasig River,6.7,93.8,0.528,0.875,36291,16,23.2,79.3,117.2,30.8,63.7,18.9,1.1,125.6,4.6,Medium
FLD-002976,2025-06-20,2025,6,Friday,0,1,0,Mabini-J. Rizal,Maytunas Creek,15.6,454.0,0.624,0.752,32417,15,0.7,78.0,178.1,30.7,80.3,8.1,1.07,71.4,5.4,Low
FLD-002977,2024-02-02,2024,2,Friday,0,0,0,Wack-Wack Greenhills East,Drainage,28.5,1195.3,0.809,0.632,19612,4,2.0,14.1,82.1,33.6,71.6,20.9,0.79,0.1,4.2,Low
FLD-002978,2023-08-22,2023,8,Tuesday,0,1,0,Daang Bakal,Maytunas Creek,11.9,340.6,0.521,0.749,37229,12,1.6,46.0,173.2,32.3,78.2,4.1,1.19,6.5,4.6,Low
FLD-002979,2026-02-22,2026,2,Sunday,1,0,1,Hagdan Bato Libis,Drainage,15.5,553.0,0.629,0.698,31286,14,64.8,88.3,133.1,29.9,68.5,10.9,1.14,124.7,4.2,Medium
FLD-002980,2021-03-13,2021,3,Saturday,1,0,0,Pleasant Hills,Ermitaño Creek,25.4,962.9,0.656,0.71,27657,9,24.5,44.3,96.6,31.3,78.0,18.0,1.29,103.2,4.6,Medium
FLD-002981,2022-10-01,2022,10,Saturday,1,1,2,Namayan,Pasig River,9.6,150.0,0.518,0.806,29944,21,80.4,90.8,413.6,26.1,74.1,20.3,1.24,302.8,11.1,High
FLD-002982,2021-09-28,2021,9,Tuesday,0,1,0,Bagong Silang,Drainage,18.3,640.6,0.548,0.698,26271,12,46.4,99.3,142.9,29.0,70.7,7.0,1.0,129.3,6.9,Medium
FLD-002983,2025-03-17,2025,3,Monday,0,0,0,Vergara,Drainage,23.5,811.0,0.749,0.582,26332,13,17.9,105.4,166.7,33.9,75.5,12.4,1.12,0.8,6.1,Low
FLD-002984,2025-11-16,2025,11,Sunday,1,1,1,New Zañiga,Buhangin Creek,7.7,153.1,0.544,0.743,34960,19,33.2,51.3,117.1,29.3,87.4,18.6,1.11,101.0,8.1,Medium
FLD-002985,2026-04-03,2026,4,Friday,0,0,0,Buayang Bato,Buayang Bato Creek,14.2,319.7,0.608,0.793,34142,19,14.4,23.0,46.1,28.7,64.1,6.9,1.08,169.8,4.5,High
FLD-002986,2022-02-07,2022,2,Monday,0,0,0,Burol,Drainage,21.4,708.3,0.705,0.63,22160,11,1.4,59.1,127.0,32.7,75.8,1.0,0.22,3.4,2.4,Low
FLD-002987,2023-01-10,2023,1,Tuesday,0,0,0,Barangka Drive,Pasig River,8.8,222.8,0.537,0.749,37590,18,19.2,143.0,175.5,30.4,68.2,11.2,0.68,133.5,9.7,High
FLD-002988,2021-05-20,2021,5,Thursday,0,1,0,San Jose,Drainage,22.9,689.0,0.665,0.705,28914,15,11.9,73.7,267.1,30.3,76.1,15.4,0.96,71.2,3.8,Medium
FLD-002989,2022-07-14,2022,7,Thursday,0,1,0,Pag-Asa,Drainage,20.0,663.3,0.678,0.73,23082,13,7.8,30.8,246.8,30.8,78.7,30.6,1.45,68.6,4.5,Medium
FLD-002990,2025-05-13,2025,5,Tuesday,0,1,0,Mauway,Maytunas Creek,22.7,870.2,0.742,0.749,33418,11,6.2,78.5,175.0,30.3,69.0,9.0,1.48,0.4,2.5,Low
FLD-002991,2024-02-27,2024,2,Tuesday,0,0,0,Plainview,Estero,18.4,498.9,0.65,0.75,30568,17,21.1,59.3,146.8,30.8,80.4,4.2,0.91,12.5,6.8,Low
FLD-002992,2024-05-02,2024,5,Thursday,0,1,2,Wack-Wack Greenhills East,Drainage,27.6,1235.5,0.889,0.61,22474,8,43.0,53.7,553.9,28.8,83.2,29.3,1.04,129.1,5.4,Medium
FLD-002993,2025-10-04,2025,10,Saturday,1,1,1,Mauway,Maytunas Creek,22.8,824.3,0.716,0.672,37423,7,200.6,232.8,354.6,27.5,100,13.8,1.07,292.5,12.2,High
FLD-002994,2023-03-21,2023,3,Tuesday,0,0,3,Malamig,Tributary,20.1,578.0,0.686,0.695,31888,8,125.7,151.1,290.6,27.9,80.0,27.4,1.7,313.0,11.5,High
FLD-002995,2025-10-24,2025,10,Friday,0,1,0,Malamig,Tributary,20.3,613.7,0.665,0.719,28217,11,78.0,264.2,380.5,30.1,79.7,2.5,1.45,131.9,14.6,High
FLD-002996,2026-02-02,2026,2,Monday,0,0,0,Old Zañiga,Buhangin Creek,7.9,157.9,0.489,0.845,36386,20,1.4,33.7,102.9,31.6,75.5,0,1.32,38.8,3.6,Low
FLD-002997,2026-03-21,2026,3,Saturday,1,0,0,Pleasant Hills,Ermitaño Creek,25.0,983.9,0.657,0.699,26069,10,4.3,34.9,132.4,33.2,61.4,0,1.28,0.7,1.9,Low
FLD-002998,2022-05-19,2022,5,Thursday,0,1,0,Poblacion,Buhangin Creek,6.5,89.7,0.503,0.83,41945,19,32.5,182.4,288.1,29.3,75.0,24.4,0.84,114.1,9.5,High
FLD-002999,2024-02-22,2024,2,Thursday,0,0,0,Mabini-J. Rizal,Maytunas Creek,14.9,433.3,0.579,0.755,33183,10,0.1,16.1,78.7,34.3,67.7,13.9,0.74,2.5,4.9,Low
FLD-003000,2022-07-15,2022,7,Friday,0,1,0,Addition Hills,Maytunas Creek,24.5,944.9,0.631,0.776,46948,9,73.2,77.4,191.0,28.2,68.4,2.5,1.09,131.5,3.9,High
FLD-003001,2024-11-28,2024,11,Thursday,0,1,1,Mauway,Maytunas Creek,23.8,830.3,0.655,0.744,40036,10,183.5,250.7,378.7,26.7,99.2,28.4,1.32,294.3,11.9,High
FLD-003002,2025-01-15,2025,1,Wednesday,0,0,0,Plainview,Estero,18.4,538.9,0.672,0.698,31899,14,38.6,107.5,184.7,27.9,69.8,3.9,1.3,176.9,6.5,Medium
FLD-003003,2025-05-31,2025,5,Saturday,1,1,0,Mauway,Maytunas Creek,22.1,866.4,0.693,0.709,37757,5,5.9,35.7,80.3,28.1,71.3,5.3,1.39,70.5,0.8,Low
FLD-003004,2023-04-28,2023,4,Friday,0,0,0,Old Zañiga,Buhangin Creek,7.3,130.1,0.559,0.796,35611,16,21.1,46.1,116.6,32.0,68.3,18.3,0.85,34.6,1.9,Low
FLD-003005,2023-03-26,2023,3,Sunday,1,0,1,Mabini-J. Rizal,Maytunas Creek,15.6,448.3,0.663,0.724,30430,14,104.9,135.6,208.3,30.2,88.0,23.1,0.98,291.0,11.0,High
FLD-003006,2022-01-29,2022,1,Saturday,1,0,0,Old Zañiga,Buhangin Creek,6.2,127.4,0.489,0.787,37381,16,47.3,170.6,381.8,28.3,75.8,21.1,0.2,229.4,14.6,High
FLD-003007,2022-10-06,2022,10,Thursday,0,1,0,New Zañiga,Buhangin Creek,8.3,159.5,0.47,0.782,33702,23,2.0,86.1,149.1,28.8,76.4,20.8,1.33,80.8,5.6,Medium
FLD-003008,2024-10-15,2024,10,Tuesday,0,1,1,New Zañiga,Buhangin Creek,7.2,142.3,0.495,0.825,38060,23,112.2,189.7,689.3,28.9,93.6,24.7,1.2,264.2,11.5,High
FLD-003009,2022-03-30,2022,3,Wednesday,0,0,0,Vergara,Drainage,24.2,832.6,0.704,0.647,22135,11,3.1,69.7,247.7,31.6,67.4,12.1,1.83,69.7,5.3,Low
FLD-003010,2022-12-03,2022,12,Saturday,1,0,0,Plainview,Estero,17.7,542.9,0.675,0.696,30427,16,95.7,216.5,410.9,28.1,81.0,11.3,0.77,212.6,13.3,High
FLD-003011,2025-10-15,2025,10,Wednesday,0,1,1,Pleasant Hills,Ermitaño Creek,25.4,1031.2,0.641,0.671,23597,15,6.6,102.1,143.8,30.2,60.2,11.4,1.05,85.9,6.7,Low
FLD-003012,2021-08-28,2021,8,Saturday,1,1,3,New Zañiga,Buhangin Creek,6.9,176.4,0.545,0.815,37677,15,127.2,141.9,295.4,25.1,94.2,32.8,1.32,300.4,13.7,High
FLD-003013,2023-07-14,2023,7,Friday,0,1,0,Daang Bakal,Maytunas Creek,10.9,356.7,0.54,0.769,33880,16,3.6,35.5,94.2,28.7,70.4,11.6,1.23,15.9,6.3,Low
FLD-003014,2026-03-10,2026,3,Tuesday,0,0,0,Barangka Drive,Pasig River,8.7,209.3,0.484,0.763,33301,21,40.8,90.9,118.0,32.9,72.4,11.1,0.84,161.5,7.5,Medium
FLD-003015,2022-04-05,2022,4,Tuesday,0,0,0,Hulo,Pasig River,5.9,97.9,0.436,0.862,40527,21,45.5,46.0,104.9,33.5,71.3,12.5,0.56,85.3,5.2,High
FLD-003016,2023-09-03,2023,9,Sunday,1,1,2,Harapin ang Bukas,Drainage,16.6,591.7,0.58,0.764,18158,13,79.3,137.1,221.0,29.6,78.4,33.0,1.5,261.2,13.3,High
FLD-003017,2026-06-08,2026,6,Monday,0,1,0,San Jose,Drainage,21.7,724.2,0.751,0.693,25906,11,2.3,65.8,318.7,31.0,68.1,12.9,1.41,62.7,3.1,Low
FLD-003018,2022-01-23,2022,1,Sunday,1,0,0,Plainview,Estero,17.8,491.2,0.607,0.736,27758,17,0.9,30.0,185.7,32.6,70.2,4.9,1.21,87.8,3.9,Low
FLD-003019,2023-02-22,2023,2,Wednesday,0,0,0,New Zañiga,Buhangin Creek,6.5,144.1,0.521,0.845,35234,22,5.0,10.9,36.9,31.5,58.1,5.9,1.05,108.6,3.4,High
FLD-003020,2025-01-01,2025,1,Wednesday,0,0,0,Plainview,Estero,18.7,448.9,0.607,0.724,34791,13,39.2,49.0,194.3,31.0,61.7,16.8,1.44,154.1,5.2,Medium
FLD-003021,2024-07-22,2024,7,Monday,0,1,0,Daang Bakal,Maytunas Creek,11.2,373.8,0.586,0.745,31612,17,63.9,82.1,169.7,30.5,83.3,19.8,1.02,158.5,4.9,High
FLD-003022,2025-04-01,2025,4,Tuesday,0,0,0,Daang Bakal,Maytunas Creek,10.7,364.0,0.573,0.733,33354,15,19.5,68.9,215.3,31.3,73.6,2.2,1.3,55.3,7.9,High
FLD-003023,2024-04-30,2024,4,Tuesday,0,0,0,Harapin ang Bukas,Drainage,17.1,533.1,0.605,0.726,24241,13,7.2,49.3,151.6,30.7,67.5,5.1,1.15,85.9,3.7,Medium
FLD-003024,2023-05-11,2023,5,Thursday,0,1,0,San Jose,Drainage,21.6,721.1,0.625,0.638,28397,10,30.2,181.5,286.1,28.1,69.9,20.2,0.8,88.4,13.0,Medium
FLD-003025,2025-09-27,2025,9,Saturday,1,1,0,Wack-Wack Greenhills East,Drainage,28.5,1200.6,0.829,0.711,19296,6,2.6,127.3,171.8,29.8,83.4,14.0,1.7,1.3,7.3,Low
FLD-003026,2023-01-22,2023,1,Sunday,1,0,1,Barangka Drive,Pasig River,8.1,270.3,0.553,0.812,34488,21,23.1,115.6,362.4,30.1,65.0,18.8,0.93,128.2,11.9,High
FLD-003027,2024-06-19,2024,6,Wednesday,0,1,1,Barangka Ibaba,Pasig River,6.1,87.4,0.432,0.84,36489,18,21.2,50.2,78.3,26.8,66.0,12.2,0.69,187.8,9.7,Medium
FLD-003028,2025-11-30,2025,11,Sunday,1,1,1,Mabini-J. Rizal,Maytunas Creek,15.1,455.1,0.653,0.754,31311,15,21.6,55.0,92.2,26.8,73.9,13.0,0.96,222.4,7.1,Medium
FLD-003029,2022-05-31,2022,5,Tuesday,0,1,1,Malamig,Tributary,19.6,607.0,0.731,0.666,26854,10,26.3,103.5,177.2,28.8,75.3,14.4,1.17,120.0,9.0,Low
FLD-003030,2023-08-05,2023,8,Saturday,1,1,1,Wack-Wack Greenhills East,Drainage,28.3,1197.6,0.821,0.667,22634,11,29.0,100.1,238.4,28.7,79.8,14.6,0.96,2.3,7.6,Low
FLD-003031,2024-01-05,2024,1,Friday,0,0,2,Plainview,Estero,18.7,448.2,0.612,0.733,31152,11,86.2,168.2,217.9,28.7,74.2,29.0,0.85,232.3,11.7,High
FLD-003032,2024-11-05,2024,11,Tuesday,0,1,1,Addition Hills,Maytunas Creek,25.3,982.7,0.658,0.72,44054,8,112.8,167.7,237.8,26.7,87.0,7.7,1.52,189.5,9.2,High
FLD-003033,2025-01-12,2025,1,Sunday,1,0,0,Daang Bakal,Maytunas Creek,12.2,333.2,0.615,0.767,33795,15,36.4,78.0,231.1,28.8,66.7,3.2,0.71,69.6,3.9,Medium
FLD-003034,2022-04-10,2022,4,Sunday,1,0,2,Vergara,Drainage,24.2,793.5,0.71,0.644,22426,14,11.1,87.8,154.9,30.8,73.9,19.8,0.6,108.6,8.0,Medium
FLD-003035,2025-03-14,2025,3,Friday,0,0,0,Mauway,Maytunas Creek,23.1,833.0,0.633,0.732,36746,8,131.1,202.7,295.2,27.5,67.9,3.7,1.18,230.3,12.4,High
FLD-003036,2021-07-05,2021,7,Monday,0,1,1,Old Zañiga,Buhangin Creek,6.0,116.3,0.479,0.817,35059,15,74.3,111.2,169.8,27.5,87.8,12.8,1.26,288.3,9.0,High
FLD-003037,2025-05-20,2025,5,Tuesday,0,1,0,Vergara,Drainage,23.8,812.5,0.715,0.64,22468,10,1.2,69.0,362.3,30.6,72.4,12.6,0.87,19.5,6.5,Low
FLD-003038,2025-09-27,2025,9,Saturday,1,1,0,Wack-Wack Greenhills East,Drainage,27.2,1253.5,0.848,0.662,16518,12,2.7,47.4,168.8,30.9,69.0,8.5,1.15,69.9,4.5,Low
FLD-003039,2026-01-31,2026,1,Saturday,1,0,1,Harapin ang Bukas,Drainage,17.6,553.5,0.568,0.749,23557,15,144.0,212.9,416.0,27.4,84.5,14.0,0.86,355.7,15.9,High
FLD-003040,2021-05-19,2021,5,Wednesday,0,1,1,Barangka Ibaba,Pasig River,8.0,83.8,0.506,0.812,42944,18,81.5,93.5,201.1,29.3,89.0,16.1,1.29,208.6,8.5,High
FLD-003041,2023-09-28,2023,9,Thursday,0,1,0,Wack-Wack Greenhills East,Drainage,27.7,1165.0,0.807,0.646,18256,11,45.7,174.2,257.7,27.6,80.7,6.2,1.1,79.9,6.6,Low
FLD-003042,2021-11-30,2021,11,Tuesday,0,1,0,New Zañiga,Buhangin Creek,7.7,148.1,0.539,0.759,37177,17,8.3,110.2,211.1,28.6,75.2,23.5,1.1,140.5,6.9,High
FLD-003043,2021-01-30,2021,1,Saturday,1,0,1,Hagdan Bato Itaas,Drainage,23.1,718.1,0.708,0.675,24248,5,41.8,124.8,167.3,33.3,76.2,12.8,1.26,2.1,10.0,Low
FLD-003044,2025-10-29,2025,10,Wednesday,0,1,2,Barangka Drive,Pasig River,9.2,243.1,0.555,0.791,31102,17,53.8,100.4,213.2,30.1,79.8,27.7,1.28,204.3,14.0,High
FLD-003045,2023-07-11,2023,7,Tuesday,0,1,0,Hulo,Pasig River,6.7,127.7,0.4,0.805,34562,24,2.3,42.7,198.9,30.6,84.8,7.0,1.5,71.4,8.1,Medium
FLD-003046,2026-04-26,2026,4,Sunday,1,0,0,Buayang Bato,Buayang Bato Creek,13.5,313.6,0.589,0.746,36122,13,40.5,128.4,375.8,30.6,72.5,8.5,1.09,143.3,6.4,High
FLD-003047,2025-11-09,2025,11,Sunday,1,1,0,Mabini-J. Rizal,Maytunas Creek,16.0,460.8,0.622,0.701,30968,14,1.1,20.8,70.3,28.5,66.4,5.7,1.32,29.4,1.8,Low
FLD-003048,2021-10-15,2021,10,Friday,0,1,0,Highway Hills,Maytunas Creek,30.5,897.6,0.736,0.749,40778,7,80.6,125.3,309.9,30.8,98.5,0,0.72,134.6,3.9,Medium
FLD-003049,2021-06-18,2021,6,Friday,0,1,0,Poblacion,Buhangin Creek,5.4,63.9,0.44,0.774,42868,18,21.9,66.4,103.1,33.0,74.6,2.6,1.11,130.4,1.9,Medium
FLD-003050,2025-03-19,2025,3,Wednesday,0,0,1,Pag-Asa,Drainage,19.9,649.3,0.659,0.758,25921,14,118.9,140.9,193.9,26.9,77.0,18.0,0.68,219.4,11.2,High
FLD-003051,2023-04-13,2023,4,Thursday,0,0,0,Highway Hills,Maytunas Creek,29.9,894.9,0.728,0.745,44022,6,2.1,77.8,119.3,30.9,70.0,2.7,1.52,4.0,2.3,Low
FLD-003052,2024-02-27,2024,2,Tuesday,0,0,0,Barangka Itaas,Pasig River,9.6,285.1,0.57,0.831,30217,18,32.6,129.9,163.6,32.7,70.9,14.1,1.21,58.5,5.8,Medium
FLD-003053,2022-03-28,2022,3,Monday,0,0,0,Barangka Ibaba,Pasig River,6.8,43.7,0.505,0.869,42799,23,29.3,114.7,241.9,30.4,67.4,9.1,0.36,77.4,5.7,High
FLD-003054,2023-03-02,2023,3,Thursday,0,0,0,Barangka Ilaya,Pasig River,8.8,186.7,0.441,0.85,34440,22,0.6,199.5,296.4,31.2,69.4,30.8,0.9,99.8,10.5,Medium
FLD-003055,2026-04-20,2026,4,Monday,0,0,2,Barangka Ilaya,Pasig River,8.7,170.4,0.499,0.838,41624,16,60.7,70.8,139.1,31.8,78.1,16.7,1.22,212.8,8.9,High
FLD-003056,2021-01-04,2021,1,Monday,0,0,0,Harapin ang Bukas,Drainage,17.8,559.1,0.583,0.784,22607,16,4.5,40.1,94.2,31.8,73.0,14.3,1.1,2.7,2.7,Low
FLD-003057,2023-08-02,2023,8,Wednesday,0,1,1,Harapin ang Bukas,Drainage,17.2,527.5,0.639,0.816,20807,12,149.6,299.6,342.7,27.5,92.2,18.1,1.13,330.1,15.0,High
FLD-003058,2022-01-16,2022,1,Sunday,1,0,1,Namayan,Pasig River,8.4,190.2,0.421,0.807,32624,18,82.8,109.8,138.0,29.6,73.4,10.5,0.87,286.5,10.8,High
FLD-003059,2021-04-23,2021,4,Friday,0,0,0,Pleasant Hills,Ermitaño Creek,24.8,1031.3,0.653,0.712,24816,9,3.9,76.4,224.4,33.8,64.8,7.3,0.94,92.3,5.8,Medium
FLD-003060,2026-01-16,2026,1,Friday,0,0,1,Malamig,Tributary,21.0,613.4,0.665,0.687,24605,5,90.3,137.8,264.2,28.9,69.4,11.7,1.42,286.7,8.9,High
FLD-003061,2023-02-09,2023,2,Thursday,0,0,0,Poblacion,Buhangin Creek,6.6,125.0,0.517,0.855,42942,18,17.3,68.0,166.0,31.4,55.2,1.0,0.93,185.9,2.3,Medium
FLD-003062,2025-05-16,2025,5,Friday,0,1,0,Old Zañiga,Buhangin Creek,6.7,195.3,0.493,0.787,34786,24,58.3,100.8,208.2,29.0,74.0,11.5,1.37,183.2,9.9,High
FLD-003063,2023-08-31,2023,8,Thursday,0,1,0,Plainview,Estero,18.0,501.5,0.625,0.759,29353,10,62.2,186.5,402.2,29.6,77.6,25.2,1.11,95.8,6.8,High
FLD-003064,2026-01-08,2026,1,Thursday,0,0,0,Buayang Bato,Buayang Bato Creek,14.3,275.0,0.523,0.784,34478,19,0.1,23.8,42.2,30.1,52.8,12.4,0.99,0.1,4.4,Low
FLD-003065,2025-11-27,2025,11,Thursday,0,1,1,Malamig,Tributary,21.1,540.7,0.625,0.704,33439,17,23.8,200.9,344.2,31.4,70.9,17.6,1.37,149.2,12.0,High
FLD-003066,2024-09-05,2024,9,Thursday,0,1,0,Buayang Bato,Buayang Bato Creek,14.9,297.9,0.552,0.77,31789,25,7.0,98.5,207.9,28.4,66.0,11.5,1.03,71.7,8.2,High
FLD-003067,2023-06-29,2023,6,Thursday,0,1,0,Addition Hills,Maytunas Creek,24.7,982.4,0.671,0.731,47392,11,6.9,83.3,204.5,29.5,62.0,5.2,1.28,31.5,6.3,Low
FLD-003068,2023-12-06,2023,12,Wednesday,0,0,1,Hagdan Bato Itaas,Drainage,20.9,734.8,0.652,0.731,29881,13,39.6,41.8,205.2,31.8,60.8,11.0,1.19,4.7,1.9,Low
FLD-003069,2022-07-25,2022,7,Monday,0,1,0,Daang Bakal,Maytunas Creek,12.9,344.5,0.56,0.755,29799,14,7.0,135.0,263.3,28.9,76.2,17.2,1.35,115.0,8.1,Medium
FLD-003070,2023-02-05,2023,2,Sunday,1,0,1,Pag-Asa,Drainage,20.8,671.7,0.66,0.727,20664,9,57.8,93.8,224.7,29.3,75.5,18.3,0.77,67.3,5.1,High
FLD-003071,2021-11-10,2021,11,Wednesday,0,1,0,Addition Hills,Maytunas Creek,24.8,966.6,0.685,0.7,45588,8,33.2,47.1,211.3,29.1,78.9,12.8,1.17,51.9,7.2,Medium
FLD-003072,2022-05-03,2022,5,Tuesday,0,1,0,Daang Bakal,Maytunas Creek,11.9,328.8,0.573,0.786,33255,15,2.3,37.0,69.1,32.4,71.0,8.7,1.11,12.5,3.1,Low
FLD-003073,2024-10-31,2024,10,Thursday,0,1,0,Barangka Drive,Pasig River,9.8,198.0,0.547,0.828,36054,22,8.8,24.4,175.6,29.7,81.7,3.5,0.91,122.1,6.2,Low
FLD-003074,2022-08-26,2022,8,Friday,0,1,2,Barangka Drive,Pasig River,8.2,205.3,0.517,0.824,34038,15,44.7,137.6,213.8,28.8,83.9,25.7,0.44,163.7,10.9,High
FLD-003075,2026-06-08,2026,6,Monday,0,1,1,Mauway,Maytunas Creek,23.2,855.6,0.656,0.723,40285,12,35.0,58.2,149.3,27.0,80.0,24.6,1.44,147.8,6.9,Medium
FLD-003076,2023-02-02,2023,2,Thursday,0,0,1,Wack-Wack Greenhills East,Drainage,29.1,1227.7,0.819,0.643,20937,6,71.3,115.9,159.1,30.2,64.7,15.4,1.08,117.9,8.6,Medium
FLD-003077,2024-09-12,2024,9,Thursday,0,1,1,Hagdan Bato Itaas,Drainage,21.6,745.3,0.675,0.668,28670,11,68.4,81.6,250.7,28.3,82.2,13.8,1.68,187.5,7.7,High
FLD-003078,2026-01-11,2026,1,Sunday,1,0,0,Malamig,Tributary,20.0,577.1,0.661,0.686,25145,13,20.8,100.0,212.7,32.0,67.3,26.8,0.98,119.1,5.1,Medium
FLD-003079,2021-12-13,2021,12,Monday,0,0,0,Wack-Wack Greenhills East,Drainage,28.4,1202.7,0.801,0.645,19927,5,3.4,61.1,101.3,31.7,70.0,4.3,1.12,66.1,6.5,Low
FLD-003080,2022-12-21,2022,12,Wednesday,0,0,0,Bagong Silang,Drainage,17.6,599.0,0.631,0.678,24051,13,66.8,96.0,225.3,30.2,72.5,5.8,1.17,149.5,2.6,Medium
FLD-003081,2021-04-13,2021,4,Tuesday,0,0,2,San Jose,Drainage,20.5,685.7,0.633,0.645,27098,13,145.2,295.9,415.3,29.5,88.7,16.5,0.71,336.0,12.7,High
FLD-003082,2025-02-23,2025,2,Sunday,1,0,0,Hagdan Bato Itaas,Drainage,21.9,792.6,0.7,0.716,27936,17,39.6,243.2,329.5,31.4,78.9,4.5,0.8,14.5,10.5,Low
FLD-003083,2022-08-22,2022,8,Monday,0,1,0,Pag-Asa,Drainage,21.2,622.8,0.607,0.766,24503,11,66.4,134.3,233.3,29.4,73.7,14.7,1.17,9.7,4.8,Low
FLD-003084,2022-05-01,2022,5,Sunday,1,1,1,Bagong Silang,Drainage,17.2,629.8,0.669,0.742,27576,13,123.7,190.7,365.2,28.8,92.2,18.9,0.62,282.6,11.6,High
FLD-003085,2024-05-01,2024,5,Wednesday,0,1,0,Burol,Drainage,21.3,664.3,0.674,0.653,21241,11,14.8,23.2,46.9,26.7,73.4,14.2,1.29,0.4,0.5,Low
FLD-003086,2022-04-03,2022,4,Sunday,1,0,1,Poblacion,Buhangin Creek,6.0,81.7,0.511,0.858,43183,21,28.6,71.3,174.9,33.4,65.4,24.3,1.36,168.4,8.2,Low
FLD-003087,2023-01-13,2023,1,Friday,0,0,0,Hagdan Bato Libis,Drainage,15.5,476.6,0.615,0.769,30337,14,8.6,38.6,85.0,31.7,58.2,6.7,1.37,122.2,3.8,Medium
FLD-003088,2026-01-18,2026,1,Sunday,1,0,1,Plainview,Estero,18.3,526.3,0.586,0.785,29898,18,25.0,60.4,94.1,30.8,56.5,32.5,1.19,110.7,4.6,Medium
FLD-003089,2021-07-04,2021,7,Sunday,1,1,1,Barangka Ilaya,Pasig River,9.2,107.8,0.502,0.787,33410,15,153.0,180.3,304.7,26.0,95.4,11.0,1.3,424.0,14.5,High
FLD-003090,2024-04-26,2024,4,Friday,0,0,1,Barangka Drive,Pasig River,9.0,218.0,0.506,0.855,31875,20,21.8,28.2,81.5,33.2,66.4,37.2,1.07,9.0,5.0,Low
FLD-003091,2022-08-22,2022,8,Monday,0,1,2,Mabini-J. Rizal,Maytunas Creek,14.4,450.9,0.563,0.733,31745,23,94.9,119.9,351.3,24.8,79.1,21.8,1.04,227.1,11.8,High
FLD-003092,2025-11-08,2025,11,Saturday,1,1,1,San Jose,Drainage,22.1,703.2,0.658,0.666,29591,10,126.0,139.9,147.1,27.2,85.8,34.5,1.04,116.9,7.0,High
FLD-003093,2025-06-07,2025,6,Saturday,1,1,1,Addition Hills,Maytunas Creek,25.7,1031.4,0.742,0.782,45241,4,92.1,143.2,215.9,30.3,81.0,15.8,0.93,109.2,9.2,High
FLD-003094,2025-11-29,2025,11,Saturday,1,1,0,Hagdan Bato Itaas,Drainage,22.5,743.5,0.671,0.682,25127,11,1.8,69.3,453.2,30.4,77.6,21.7,0.68,67.2,4.0,Low
FLD-003095,2022-07-17,2022,7,Sunday,1,1,0,Wack-Wack Greenhills East,Drainage,29.5,1190.4,0.858,0.65,16307,8,0.2,58.0,156.7,29.9,82.1,9.7,0.79,2.9,0.5,Low
FLD-003096,2023-06-04,2023,6,Sunday,1,1,0,Malamig,Tributary,21.2,603.9,0.626,0.729,33763,17,11.8,46.8,126.3,29.5,75.8,13.3,0.98,3.5,6.9,Low
FLD-003097,2022-10-26,2022,10,Wednesday,0,1,1,Barangka Ilaya,Pasig River,6.9,183.8,0.431,0.82,37006,18,35.1,65.2,153.3,27.1,74.5,19.1,1.04,85.6,5.7,Medium
FLD-003098,2021-07-07,2021,7,Wednesday,0,1,0,Malamig,Tributary,20.3,585.1,0.661,0.684,27432,14,47.4,96.9,169.9,29.7,93.4,13.6,1.33,170.8,4.0,Low
FLD-003099,2024-02-12,2024,2,Monday,0,0,0,Addition Hills,Maytunas Creek,25.3,988.2,0.615,0.774,47156,12,4.9,56.3,121.6,31.7,66.9,8.5,1.06,73.2,6.0,Low
FLD-003100,2022-04-18,2022,4,Monday,0,0,0,Hulo,Pasig River,6.3,138.8,0.411,0.827,38422,18,6.1,21.9,149.7,31.0,53.2,9.3,0.39,50.6,7.3,Medium
FLD-003101,2025-11-07,2025,11,Friday,0,1,0,Hagdan Bato Libis,Drainage,15.9,511.0,0.619,0.738,33070,12,1.4,72.9,137.3,29.9,76.1,26.8,1.72,48.4,6.9,High
FLD-003102,2024-11-01,2024,11,Friday,0,1,2,Pleasant Hills,Ermitaño Creek,25.0,985.7,0.709,0.676,25916,8,161.0,273.2,293.8,24.9,93.0,19.5,1.66,338.0,16.7,High
FLD-003103,2025-03-27,2025,3,Thursday,0,0,0,Harapin ang Bukas,Drainage,17.8,517.6,0.634,0.766,22877,9,1.4,37.7,59.9,30.5,64.4,18.3,0.56,6.2,4.0,Low
FLD-003104,2024-01-24,2024,1,Wednesday,0,0,0,Barangka Drive,Pasig River,8.2,182.9,0.472,0.788,34064,18,1.4,28.2,132.2,34.3,70.9,21.0,1.25,50.4,3.2,Low
FLD-003105,2026-01-10,2026,1,Saturday,1,0,0,Namayan,Pasig River,7.5,156.6,0.494,0.786,33508,17,12.7,39.6,110.1,31.3,64.5,0.8,0.74,109.5,1.4,Low
FLD-003106,2022-04-21,2022,4,Thursday,0,0,1,San Jose,Drainage,22.1,715.5,0.667,0.67,26927,12,77.0,181.0,365.9,28.8,80.8,19.1,0.8,210.6,14.3,High
FLD-003107,2021-11-01,2021,11,Monday,0,1,2,New Zañiga,Buhangin Creek,6.0,128.8,0.467,0.837,37816,21,130.2,220.7,405.6,25.7,80.6,45.6,1.86,340.0,16.8,High
FLD-003108,2022-09-29,2022,9,Thursday,0,1,1,Barangka Itaas,Pasig River,10.1,266.7,0.544,0.78,36170,17,20.0,103.6,119.5,28.0,77.7,19.8,1.27,146.6,7.3,Medium
FLD-003109,2022-03-16,2022,3,Wednesday,0,0,0,Barangka Ibaba,Pasig River,8.1,71.4,0.455,0.833,38110,15,23.0,36.2,130.0,29.3,62.9,6.1,1.56,151.7,4.9,Medium
FLD-003110,2026-06-28,2026,6,Sunday,1,1,0,Hulo,Pasig River,6.6,115.3,0.409,0.858,39016,22,32.1,76.2,248.4,29.4,87.1,7.5,1.6,131.2,7.0,High
FLD-003111,2024-12-16,2024,12,Monday,0,0,0,Barangka Itaas,Pasig River,9.2,326.5,0.552,0.826,34459,18,33.8,94.5,203.7,32.0,70.2,1.0,1.2,70.5,3.0,Low
FLD-003112,2024-04-15,2024,4,Monday,0,0,0,Vergara,Drainage,24.4,837.5,0.706,0.664,23614,9,109.5,142.3,199.1,27.7,70.1,0.6,1.18,189.1,11.2,Medium
FLD-003113,2021-11-23,2021,11,Tuesday,0,1,0,Namayan,Pasig River,8.9,157.0,0.488,0.81,32761,19,6.3,118.7,209.7,31.8,71.1,20.7,1.05,213.8,9.5,Medium
FLD-003114,2024-11-07,2024,11,Thursday,0,1,1,Mabini-J. Rizal,Maytunas Creek,14.9,479.7,0.558,0.725,31268,13,34.8,53.9,135.3,30.0,78.2,41.0,1.48,50.8,6.5,Low
FLD-003115,2021-03-10,2021,3,Wednesday,0,0,0,Bagong Silang,Drainage,18.1,612.1,0.643,0.722,28408,17,0.9,55.0,78.8,31.5,66.1,21.6,0.82,2.2,5.5,Low
FLD-003116,2021-09-29,2021,9,Wednesday,0,1,1,Bagong Silang,Drainage,17.9,633.8,0.664,0.678,28360,12,10.2,119.8,301.2,28.9,78.8,25.0,1.46,98.2,10.1,Medium
FLD-003117,2022-10-12,2022,10,Wednesday,0,1,0,Burol,Drainage,20.7,719.4,0.681,0.692,21158,9,12.6,20.9,74.0,29.4,76.0,6.2,1.11,67.2,3.4,Low
FLD-003118,2025-06-25,2025,6,Wednesday,0,1,2,Daang Bakal,Maytunas Creek,12.4,332.8,0.561,0.789,31049,19,31.9,130.9,311.4,27.3,69.1,33.1,1.69,236.5,12.3,High
FLD-003119,2022-02-03,2022,2,Thursday,0,0,2,Burol,Drainage,20.1,676.4,0.616,0.661,20739,15,113.0,185.1,232.7,29.0,71.8,18.0,0.62,213.5,17.3,Medium
FLD-003120,2023-06-23,2023,6,Friday,0,1,2,Old Zañiga,Buhangin Creek,6.8,143.0,0.497,0.828,34127,21,67.5,120.6,210.3,29.4,86.1,18.3,1.34,268.7,11.4,High
FLD-003121,2025-05-13,2025,5,Tuesday,0,1,3,Barangka Ilaya,Pasig River,7.8,156.8,0.522,0.85,34772,22,92.1,102.3,389.4,30.0,81.4,50.4,1.69,330.9,10.0,High
FLD-003122,2021-11-06,2021,11,Saturday,1,1,2,Mauway,Maytunas Creek,24.1,831.1,0.68,0.776,41774,12,177.0,232.2,388.6,25.6,92.1,28.1,1.68,248.8,13.5,High
FLD-003123,2023-10-08,2023,10,Sunday,1,1,0,Wack-Wack Greenhills East,Drainage,28.7,1220.0,0.802,0.62,24897,8,3.8,16.9,162.2,29.8,87.3,1.4,0.49,7.2,4.8,Low
FLD-003124,2023-07-28,2023,7,Friday,0,1,1,Pleasant Hills,Ermitaño Creek,25.9,977.2,0.724,0.639,24481,8,72.5,118.9,314.1,31.7,74.1,10.4,0.7,165.1,11.0,Medium
FLD-003125,2022-03-11,2022,3,Friday,0,0,0,Buayang Bato,Buayang Bato Creek,14.4,356.1,0.552,0.792,30640,15,20.1,59.9,182.7,32.5,57.5,11.7,0.56,53.3,7.6,Medium
FLD-003126,2026-02-19,2026,2,Thursday,0,0,0,Pag-Asa,Drainage,20.9,647.0,0.629,0.715,21414,11,7.2,148.1,515.5,34.7,59.7,11.4,1.1,45.6,8.8,High
FLD-003127,2024-01-19,2024,1,Friday,0,0,1,Buayang Bato,Buayang Bato Creek,13.9,335.0,0.583,0.774,38177,17,22.6,64.9,125.2,30.2,64.0,20.3,1.19,172.6,7.7,Medium
FLD-003128,2024-01-07,2024,1,Sunday,1,0,0,Addition Hills,Maytunas Creek,24.6,991.7,0.702,0.665,47993,9,27.0,77.1,120.7,32.4,57.5,20.9,1.14,11.9,6.0,Low
FLD-003129,2025-11-04,2025,11,Tuesday,0,1,1,Barangka Ibaba,Pasig River,7.7,111.8,0.459,0.819,43725,20,106.4,148.7,285.3,26.1,85.9,26.6,1.24,254.1,10.7,High
FLD-003130,2022-03-01,2022,3,Tuesday,0,0,0,Bagong Silang,Drainage,17.4,599.8,0.632,0.738,21075,11,5.4,20.9,103.3,30.5,65.8,8.6,1.37,65.1,4.6,High
FLD-003131,2023-06-15,2023,6,Thursday,0,1,0,Pag-Asa,Drainage,20.0,651.0,0.624,0.745,25216,12,81.4,104.1,216.8,27.8,85.1,8.4,0.94,146.5,7.4,Medium
FLD-003132,2025-12-23,2025,12,Tuesday,0,0,1,Addition Hills,Maytunas Creek,24.8,1020.3,0.633,0.755,44038,7,100.6,157.1,284.4,31.5,85.7,11.9,1.15,217.7,10.0,High
FLD-003133,2023-07-23,2023,7,Sunday,1,1,1,Daang Bakal,Maytunas Creek,11.6,359.8,0.536,0.745,33334,17,86.6,108.7,151.6,28.1,87.9,6.9,1.75,275.6,9.9,High
FLD-003134,2021-06-02,2021,6,Wednesday,0,1,0,Mabini-J. Rizal,Maytunas Creek,14.9,467.5,0.545,0.697,29505,17,3.5,29.4,128.6,27.8,75.6,11.2,0.67,86.9,3.0,Low
FLD-003135,2022-12-08,2022,12,Thursday,0,0,0,Old Zañiga,Buhangin Creek,7.2,158.8,0.537,0.78,33906,21,45.2,71.2,127.6,29.3,75.1,5.6,1.13,16.9,8.2,Low
FLD-003136,2023-09-18,2023,9,Monday,0,1,2,Pleasant Hills,Ermitaño Creek,23.8,1027.2,0.703,0.673,25944,6,33.0,106.1,240.6,28.9,79.3,35.5,1.46,147.9,7.7,Medium
FLD-003137,2025-10-02,2025,10,Thursday,0,1,0,Barangka Ilaya,Pasig River,8.4,125.0,0.519,0.876,36496,21,21.8,69.4,196.0,29.3,75.4,1.0,0.94,106.0,7.3,Medium
FLD-003138,2022-05-02,2022,5,Monday,0,1,0,Mabini-J. Rizal,Maytunas Creek,15.0,461.1,0.588,0.744,29689,17,21.2,30.1,99.0,29.2,77.6,1.9,1.28,96.3,4.4,Medium
FLD-003139,2023-04-16,2023,4,Sunday,1,0,2,Barangka Itaas,Pasig River,9.3,288.8,0.54,0.853,35531,18,98.2,127.8,311.8,31.4,77.5,21.4,1.12,287.8,14.2,High
FLD-003140,2026-05-14,2026,5,Thursday,0,1,0,Addition Hills,Maytunas Creek,25.5,1002.9,0.7,0.718,44957,0,0.5,62.8,164.3,29.0,67.3,12.6,1.2,6.2,2.1,Low
FLD-003141,2023-01-01,2023,1,Sunday,1,0,0,Old Zañiga,Buhangin Creek,8.1,159.7,0.494,0.75,34060,16,2.1,14.9,56.7,32.5,69.5,0,1.13,11.0,2.8,Low
FLD-003142,2025-07-23,2025,7,Wednesday,0,1,1,Barangka Ibaba,Pasig River,7.2,116.4,0.478,0.905,39160,23,30.9,45.9,90.2,29.4,73.1,16.7,1.17,127.9,8.2,High
FLD-003143,2022-08-05,2022,8,Friday,0,1,0,Hagdan Bato Libis,Drainage,16.9,522.3,0.561,0.737,27324,17,13.8,130.3,323.6,30.9,67.0,2.3,1.05,116.4,7.4,Medium
FLD-003144,2022-01-19,2022,1,Wednesday,0,0,0,Pag-Asa,Drainage,20.5,653.6,0.605,0.735,27152,11,14.9,45.0,80.8,32.3,67.4,10.9,1.01,40.9,2.2,Low
FLD-003145,2022-06-09,2022,6,Thursday,0,1,0,Hulo,Pasig River,6.6,125.9,0.426,0.811,39668,20,2.9,67.5,110.5,30.1,67.4,12.4,0.6,97.5,4.9,Medium
FLD-003146,2025-06-14,2025,6,Saturday,1,1,1,Harapin ang Bukas,Drainage,15.8,530.9,0.621,0.776,22671,15,39.7,131.7,202.7,31.0,76.4,15.4,0.95,167.4,8.8,High
FLD-003147,2026-01-05,2026,1,Monday,0,0,0,Addition Hills,Maytunas Creek,24.4,966.6,0.707,0.73,45547,6,11.5,47.0,169.2,31.3,70.4,2.1,1.21,2.4,4.2,Low
FLD-003148,2022-03-21,2022,3,Monday,0,0,1,Barangka Ibaba,Pasig River,7.2,71.4,0.479,0.9,40786,17,67.7,121.9,184.2,31.6,73.1,27.0,1.07,169.2,8.5,High
FLD-003149,2021-02-16,2021,2,Tuesday,0,0,1,Pag-Asa,Drainage,20.5,669.0,0.641,0.687,25072,15,204.1,328.9,378.3,25.2,87.5,18.9,1.25,325.9,18.9,High
FLD-003150,2025-02-06,2025,2,Thursday,0,0,0,Mauway,Maytunas Creek,22.8,835.6,0.68,0.702,38121,9,56.2,156.6,187.9,31.1,69.6,13.0,0.99,9.8,8.3,Low
FLD-003151,2022-06-18,2022,6,Saturday,1,1,0,Barangka Drive,Pasig River,9.1,214.1,0.502,0.737,31624,17,6.1,108.3,269.2,28.7,67.9,7.8,1.15,84.0,7.4,Medium
FLD-003152,2022-04-20,2022,4,Wednesday,0,0,0,Vergara,Drainage,24.5,794.2,0.723,0.638,25024,9,0.8,31.4,90.7,34.4,62.9,8.2,1.08,12.9,2.9,Low
FLD-003153,2024-10-27,2024,10,Sunday,1,1,0,Mabini-J. Rizal,Maytunas Creek,15.5,441.4,0.625,0.721,33282,13,53.0,86.2,166.8,26.3,80.7,28.7,0.91,5.6,6.2,Low
FLD-003154,2021-07-15,2021,7,Thursday,0,1,0,San Jose,Drainage,20.9,657.1,0.672,0.739,24308,12,3.1,95.5,172.4,28.5,74.3,2.3,1.32,17.2,4.3,Low
FLD-003155,2026-02-20,2026,2,Friday,0,0,0,Barangka Itaas,Pasig River,10.1,214.6,0.498,0.82,33407,21,15.3,73.2,96.8,30.7,75.7,7.4,0.67,72.7,5.4,High
FLD-003156,2023-07-08,2023,7,Saturday,1,1,1,Wack-Wack Greenhills East,Drainage,27.6,1178.8,0.819,0.67,21895,7,53.6,113.4,234.0,28.8,75.4,12.0,1.25,106.5,13.2,High
FLD-003157,2025-02-11,2025,2,Tuesday,0,0,0,Namayan,Pasig River,7.9,169.8,0.542,0.776,35559,15,5.1,147.3,161.4,33.2,74.6,9.2,1.07,72.0,8.4,Low
FLD-003158,2022-09-25,2022,9,Sunday,1,1,1,Wack-Wack Greenhills East,Drainage,28.3,1256.8,0.85,0.631,20940,7,32.4,99.8,323.3,27.6,79.2,11.6,1.25,4.7,3.6,Low
FLD-003159,2023-05-21,2023,5,Sunday,1,1,0,Vergara,Drainage,24.7,814.8,0.678,0.704,27127,10,70.7,83.6,110.8,27.0,86.7,6.7,1.08,176.1,9.5,High
FLD-003160,2022-11-23,2022,11,Wednesday,0,1,0,Harapin ang Bukas,Drainage,16.6,558.1,0.615,0.777,26915,9,16.8,66.4,212.9,28.6,75.5,16.3,1.17,108.9,5.2,Low
FLD-003161,2024-12-25,2024,12,Wednesday,0,0,0,Namayan,Pasig River,8.5,162.5,0.543,0.81,33296,22,19.6,49.1,74.9,32.4,69.2,14.5,0.95,126.5,5.7,Medium
FLD-003162,2026-05-01,2026,5,Friday,0,1,1,Pag-Asa,Drainage,19.6,644.4,0.597,0.732,25731,13,9.2,47.8,134.2,27.2,81.6,19.6,1.3,6.1,2.2,Low
FLD-003163,2025-10-25,2025,10,Saturday,1,1,0,Buayang Bato,Buayang Bato Creek,14.5,313.0,0.579,0.716,35317,12,39.3,113.4,303.3,27.2,67.0,10.2,1.27,173.3,5.5,Low
FLD-003164,2022-07-19,2022,7,Tuesday,0,1,2,Pag-Asa,Drainage,19.3,630.9,0.671,0.673,20176,11,8.2,45.1,273.6,31.1,83.3,32.5,1.07,137.5,5.7,Medium
FLD-003165,2023-02-01,2023,2,Wednesday,0,0,0,Hagdan Bato Libis,Drainage,16.4,527.9,0.614,0.732,33171,13,31.5,48.2,83.4,30.6,69.1,15.6,0.96,6.0,3.2,Low
FLD-003166,2023-11-09,2023,11,Thursday,0,1,0,Malamig,Tributary,20.5,630.8,0.629,0.715,28641,12,1.7,30.6,86.7,29.2,79.4,2.9,0.91,87.0,5.1,Low
FLD-003167,2021-05-21,2021,5,Friday,0,1,2,Barangka Ilaya,Pasig River,7.4,116.0,0.452,0.795,36563,15,62.4,131.4,342.5,29.7,85.8,22.2,0.66,290.0,12.8,High
FLD-003168,2022-04-09,2022,4,Saturday,1,0,1,Plainview,Estero,17.5,506.4,0.551,0.684,24668,13,16.1,97.0,301.8,29.6,65.2,20.6,1.53,169.1,8.9,Medium
FLD-003169,2025-09-02,2025,9,Tuesday,0,1,0,Harapin ang Bukas,Drainage,16.4,600.2,0.645,0.79,19729,13,7.1,130.3,303.2,31.2,72.4,17.4,0.92,0.6,6.9,Low
FLD-003170,2021-10-14,2021,10,Thursday,0,1,1,New Zañiga,Buhangin Creek,6.7,147.4,0.552,0.79,36022,23,64.3,159.1,301.3,27.7,75.2,27.8,1.57,115.3,9.6,High
FLD-003171,2024-05-15,2024,5,Wednesday,0,1,2,Mabini-J. Rizal,Maytunas Creek,15.8,500.0,0.631,0.784,31014,13,52.4,238.8,336.3,28.1,76.1,18.2,1.31,174.3,11.3,High
FLD-003172,2022-04-12,2022,4,Tuesday,0,0,0,Wack-Wack Greenhills East,Drainage,29.8,1211.0,0.801,0.672,18150,11,6.4,26.5,67.5,33.6,61.7,8.2,1.09,4.8,5.0,Low
FLD-003173,2021-06-24,2021,6,Thursday,0,1,3,Vergara,Drainage,24.2,868.4,0.67,0.639,22453,8,163.0,177.3,255.4,25.4,81.9,25.5,1.77,328.8,12.3,High
FLD-003174,2024-07-31,2024,7,Wednesday,0,1,0,Mabini-J. Rizal,Maytunas Creek,15.7,465.9,0.652,0.767,31231,15,12.6,72.5,300.0,28.4,76.1,0,1.52,71.8,6.9,Medium
FLD-003175,2021-08-12,2021,8,Thursday,0,1,1,Barangka Drive,Pasig River,8.6,230.0,0.547,0.807,31192,24,110.2,197.3,392.3,26.0,87.0,31.2,1.55,282.5,13.6,High
FLD-003176,2022-09-16,2022,9,Friday,0,1,1,New Zañiga,Buhangin Creek,6.9,156.3,0.524,0.821,34892,14,8.2,85.6,357.0,28.8,72.4,18.0,1.03,124.5,7.4,High
FLD-003177,2024-02-25,2024,2,Sunday,1,0,0,Highway Hills,Maytunas Creek,30.2,900.3,0.781,0.817,43103,7,3.4,13.0,102.6,33.3,58.6,13.6,0.93,5.7,4.1,Low
FLD-003178,2022-03-07,2022,3,Monday,0,0,0,Pag-Asa,Drainage,20.2,693.4,0.629,0.691,23277,10,1.4,107.1,127.0,32.7,63.2,4.4,0.46,122.5,8.9,Low
FLD-003179,2025-01-04,2025,1,Saturday,1,0,1,Vergara,Drainage,24.1,838.5,0.756,0.662,24659,10,58.9,103.0,150.2,29.7,79.5,15.5,0.78,146.2,6.9,Medium
FLD-003180,2023-11-17,2023,11,Friday,0,1,0,Wack-Wack Greenhills East,Drainage,28.6,1194.4,0.82,0.605,20745,6,34.0,162.7,426.5,28.9,85.1,26.9,1.72,29.4,9.0,Medium
FLD-003181,2026-06-26,2026,6,Friday,0,1,0,Vergara,Drainage,23.6,795.4,0.705,0.667,27663,9,6.1,30.9,79.7,30.3,73.1,9.8,1.41,0.1,3.0,Low
FLD-003182,2021-04-09,2021,4,Friday,0,0,0,Pleasant Hills,Ermitaño Creek,24.6,983.3,0.666,0.688,23996,7,3.7,35.5,167.3,31.6,64.9,4.3,1.71,0.7,0.5,Low
FLD-003183,2026-01-28,2026,1,Wednesday,0,0,0,Vergara,Drainage,23.6,780.0,0.71,0.658,22765,11,4.3,9.3,68.3,34.4,67.3,13.6,0.94,73.9,6.4,Low
FLD-003184,2021-11-01,2021,11,Monday,0,1,0,Malamig,Tributary,19.6,669.9,0.632,0.736,26447,11,14.2,47.2,301.1,30.6,69.4,18.6,1.55,20.2,7.8,Medium
FLD-003185,2024-09-24,2024,9,Tuesday,0,1,0,Barangka Drive,Pasig River,9.6,195.0,0.531,0.796,38011,12,14.0,181.4,240.1,29.2,79.4,9.7,1.13,47.6,10.3,Medium
FLD-003186,2022-04-18,2022,4,Monday,0,0,0,Barangka Itaas,Pasig River,9.1,265.9,0.524,0.803,33525,20,8.7,130.6,167.8,29.5,55.3,15.3,0.47,13.0,8.8,Low
FLD-003187,2024-07-04,2024,7,Thursday,0,1,0,Barangka Drive,Pasig River,8.9,181.6,0.534,0.821,36545,18,83.5,90.4,184.9,28.6,82.9,4.7,0.73,239.4,6.8,High
FLD-003188,2023-04-03,2023,4,Monday,0,0,1,New Zañiga,Buhangin Creek,7.1,169.8,0.522,0.784,36133,23,54.9,83.9,244.7,29.9,65.5,11.7,0.77,233.7,8.2,High
FLD-003189,2023-09-22,2023,9,Friday,0,1,1,San Jose,Drainage,22.9,667.4,0.692,0.656,29528,13,47.7,101.7,172.8,27.7,81.5,26.8,1.2,102.0,8.2,Medium
FLD-003190,2023-04-11,2023,4,Tuesday,0,0,0,Malamig,Tributary,19.0,573.7,0.639,0.745,30399,10,1.1,66.7,171.7,31.8,57.1,11.0,1.06,97.6,7.6,Medium
FLD-003191,2021-06-12,2021,6,Saturday,1,1,0,Namayan,Pasig River,8.4,102.8,0.421,0.79,34464,15,24.7,62.1,119.2,29.6,68.5,21.2,1.47,124.4,3.5,High
FLD-003192,2022-10-15,2022,10,Saturday,1,1,0,Buayang Bato,Buayang Bato Creek,13.7,289.8,0.583,0.761,31381,14,4.8,77.4,317.6,34.5,75.5,19.2,1.2,89.5,10.4,Medium
FLD-003193,2022-02-26,2022,2,Saturday,1,0,0,Highway Hills,Maytunas Creek,30.9,969.9,0.792,0.741,42195,7,25.1,121.9,180.4,32.4,69.9,18.1,0.2,76.8,6.5,Low
FLD-003194,2026-05-10,2026,5,Sunday,1,1,0,Burol,Drainage,20.1,687.8,0.685,0.661,24298,8,2.3,158.2,296.1,28.6,72.4,8.2,1.41,85.0,9.8,Medium
FLD-003195,2025-07-04,2025,7,Friday,0,1,0,Burol,Drainage,19.9,679.2,0.655,0.684,23916,9,8.6,58.1,197.7,29.3,73.7,5.3,1.1,107.8,2.1,Medium
FLD-003196,2023-05-20,2023,5,Saturday,1,1,0,Plainview,Estero,18.1,481.3,0.624,0.747,27264,17,1.2,13.6,97.2,27.3,70.1,6.2,0.79,127.0,4.2,Low
FLD-003197,2022-12-26,2022,12,Monday,0,0,2,New Zañiga,Buhangin Creek,6.8,142.4,0.585,0.805,33054,24,118.8,129.9,221.1,28.7,78.6,23.4,0.46,304.4,11.7,High
FLD-003198,2021-05-29,2021,5,Saturday,1,1,0,Barangka Ilaya,Pasig River,9.0,131.3,0.499,0.838,34952,17,21.3,162.4,403.5,30.5,65.7,0.3,1.54,97.3,6.1,High
FLD-003199,2024-02-15,2024,2,Thursday,0,0,0,Barangka Ibaba,Pasig River,6.8,72.5,0.471,0.887,42846,17,12.3,30.9,85.4,32.3,67.5,9.3,1.22,78.9,5.6,Medium
FLD-003200,2022-07-28,2022,7,Thursday,0,1,3,Barangka Drive,Pasig River,8.4,194.7,0.482,0.798,30872,15,178.9,218.0,247.4,24.8,91.3,33.1,0.85,466.9,15.5,High
FLD-003201,2025-12-04,2025,12,Thursday,0,0,1,Harapin ang Bukas,Drainage,17.0,524.5,0.639,0.766,21014,15,77.4,105.4,181.7,29.3,67.3,27.1,1.42,252.1,7.9,High
FLD-003202,2024-02-19,2024,2,Monday,0,0,0,Bagong Silang,Drainage,16.4,605.1,0.61,0.704,30835,14,11.2,130.9,200.0,30.5,71.5,11.7,0.36,79.0,5.9,High
FLD-003203,2022-08-22,2022,8,Monday,0,1,0,Barangka Ibaba,Pasig River,8.8,75.4,0.43,0.867,42291,22,40.7,152.2,218.0,28.9,83.7,6.9,1.23,84.6,8.3,High
FLD-003204,2022-11-20,2022,11,Sunday,1,1,0,Addition Hills,Maytunas Creek,24.3,1014.9,0.709,0.737,48235,10,96.0,149.1,316.1,25.7,81.1,26.1,1.29,219.5,8.3,High
FLD-003205,2025-10-06,2025,10,Monday,0,1,1,San Jose,Drainage,23.0,671.2,0.704,0.654,23517,18,16.3,50.1,248.5,27.9,71.8,35.4,1.05,10.6,4.9,Low
FLD-003206,2024-05-04,2024,5,Saturday,1,1,0,Daang Bakal,Maytunas Creek,12.0,353.0,0.557,0.829,36097,15,16.5,109.0,144.6,30.7,69.9,20.5,1.29,4.5,4.9,Low
FLD-003207,2022-06-12,2022,6,Sunday,1,1,0,Vergara,Drainage,24.6,820.1,0.703,0.697,23359,10,24.4,183.8,231.8,29.2,79.4,11.7,0.97,6.1,8.0,High
FLD-003208,2025-07-14,2025,7,Monday,0,1,1,Malamig,Tributary,19.2,616.5,0.655,0.75,30945,12,68.4,146.1,280.3,28.1,77.2,7.3,1.13,182.5,8.7,High
FLD-003209,2026-05-20,2026,5,Wednesday,0,1,0,Daang Bakal,Maytunas Creek,12.5,356.2,0.575,0.769,36107,15,1.9,93.4,133.0,28.1,78.6,7.7,0.86,86.2,8.6,Medium
FLD-003210,2026-03-15,2026,3,Sunday,1,0,0,Malamig,Tributary,20.9,597.1,0.676,0.73,29208,13,3.6,31.8,349.5,34.9,67.5,13.5,0.71,52.5,5.4,Low
FLD-003211,2026-04-06,2026,4,Monday,0,0,1,Hagdan Bato Itaas,Drainage,22.2,762.7,0.735,0.689,26547,10,31.2,32.9,124.1,32.1,69.7,34.2,1.24,96.7,5.5,Medium
FLD-003212,2023-09-12,2023,9,Tuesday,0,1,3,San Jose,Drainage,21.5,715.3,0.736,0.669,26028,11,40.4,87.0,288.7,29.3,81.5,37.1,1.14,159.4,9.9,High
FLD-003213,2025-12-06,2025,12,Saturday,1,0,0,Barangka Ilaya,Pasig River,9.2,177.1,0.457,0.822,36805,17,8.4,38.8,183.5,34.7,60.7,5.3,0.83,2.0,3.4,Low
FLD-003214,2023-10-04,2023,10,Wednesday,0,1,0,Burol,Drainage,21.5,657.8,0.709,0.693,26994,12,24.2,75.6,204.0,30.4,60.6,15.1,1.69,17.5,6.6,Low
FLD-003215,2024-01-21,2024,1,Sunday,1,0,0,Mauway,Maytunas Creek,23.3,887.8,0.688,0.729,37972,8,14.5,42.5,179.4,32.0,60.9,19.4,0.56,6.2,1.8,Low
FLD-003216,2022-06-30,2022,6,Thursday,0,1,0,Plainview,Estero,18.2,527.8,0.648,0.718,29211,13,4.3,74.0,113.9,31.6,77.8,0.6,1.52,50.7,5.4,Low
FLD-003217,2022-02-13,2022,2,Sunday,1,0,0,Mabini-J. Rizal,Maytunas Creek,15.1,434.4,0.613,0.74,32116,17,47.5,105.8,138.2,30.4,70.2,1.6,0.83,101.5,6.7,Medium
FLD-003218,2025-09-04,2025,9,Thursday,0,1,0,Buayang Bato,Buayang Bato Creek,13.6,282.7,0.607,0.791,35865,17,7.8,102.9,195.9,27.3,78.4,3.6,1.38,117.0,9.6,Medium
FLD-003219,2024-11-12,2024,11,Tuesday,0,1,0,Bagong Silang,Drainage,17.2,588.7,0.615,0.727,28025,17,51.4,132.5,277.4,27.9,77.7,18.7,1.08,100.1,7.7,Medium
FLD-003220,2023-11-05,2023,11,Sunday,1,1,1,Highway Hills,Maytunas Creek,29.7,891.4,0.701,0.796,40945,8,29.7,77.9,212.4,28.9,76.4,14.4,0.79,49.6,6.1,Medium
FLD-003221,2024-03-12,2024,3,Tuesday,0,0,0,Pleasant Hills,Ermitaño Creek,24.5,1040.4,0.695,0.657,25096,8,2.3,25.5,167.1,29.1,76.8,9.6,1.21,2.2,4.9,Low
FLD-003222,2021-05-09,2021,5,Sunday,1,1,0,Harapin ang Bukas,Drainage,17.6,571.1,0.599,0.755,20369,12,14.6,191.8,263.9,28.1,69.5,11.5,1.18,40.4,9.0,Medium
FLD-003223,2022-05-21,2022,5,Saturday,1,1,1,Plainview,Estero,17.6,512.0,0.691,0.719,30016,20,119.9,186.9,325.2,28.0,92.0,10.3,1.55,272.2,11.3,High
FLD-003224,2022-06-18,2022,6,Saturday,1,1,0,Barangka Itaas,Pasig River,9.9,275.0,0.604,0.863,33178,21,18.0,66.8,228.6,31.0,67.1,8.4,1.71,80.5,4.5,Medium
FLD-003225,2025-03-21,2025,3,Friday,0,0,0,Poblacion,Buhangin Creek,6.4,101.2,0.529,0.808,42512,18,74.0,176.6,295.4,29.4,68.1,16.2,1.49,215.0,8.0,High
FLD-003226,2021-09-14,2021,9,Tuesday,0,1,2,Mabini-J. Rizal,Maytunas Creek,15.5,478.8,0.594,0.753,34822,22,143.5,203.9,333.0,25.7,85.8,28.7,1.85,357.6,13.3,High
FLD-003227,2026-04-06,2026,4,Monday,0,0,0,Barangka Ilaya,Pasig River,7.7,147.5,0.45,0.832,35481,16,8.7,39.3,51.2,31.2,63.2,6.7,0.69,115.6,8.4,Medium
FLD-003228,2022-07-31,2022,7,Sunday,1,1,0,Highway Hills,Maytunas Creek,29.4,906.4,0.7,0.788,46237,13,4.8,101.1,320.6,31.5,74.3,5.9,1.17,0.5,5.9,Low
FLD-003229,2026-06-27,2026,6,Saturday,1,1,0,Hagdan Bato Itaas,Drainage,22.4,759.2,0.703,0.66,29112,9,14.7,155.5,423.5,28.6,70.6,2.2,1.34,92.3,8.5,Medium
FLD-003230,2025-08-03,2025,8,Sunday,1,1,0,Addition Hills,Maytunas Creek,25.5,981.1,0.661,0.763,45133,9,18.6,44.9,88.0,30.1,79.3,0.0,0.98,3.0,4.8,Low
FLD-003231,2021-02-18,2021,2,Thursday,0,0,0,Barangka Ibaba,Pasig River,6.9,26.2,0.489,0.894,38912,19,4.7,59.7,89.7,29.4,59.3,3.9,0.65,117.1,3.9,High
FLD-003232,2024-07-16,2024,7,Tuesday,0,1,1,Daang Bakal,Maytunas Creek,10.7,326.3,0.612,0.742,34435,14,70.0,107.0,315.5,23.9,88.4,16.6,1.39,215.7,5.3,High
FLD-003233,2023-02-19,2023,2,Sunday,1,0,0,Malamig,Tributary,20.2,634.6,0.653,0.703,29857,12,2.9,15.8,70.5,31.3,62.8,2.9,1.1,0.2,1.7,Low
FLD-003234,2025-03-17,2025,3,Monday,0,0,0,Burol,Drainage,21.5,718.3,0.714,0.644,20415,9,1.3,84.7,181.3,31.1,63.6,5.6,1.3,2.5,2.5,Low
FLD-003235,2023-01-15,2023,1,Sunday,1,0,0,Barangka Drive,Pasig River,9.1,200.5,0.515,0.81,29961,18,130.9,137.2,171.3,30.2,75.0,11.3,1.32,286.4,8.3,High
FLD-003236,2025-11-15,2025,11,Saturday,1,1,1,Plainview,Estero,18.9,554.6,0.613,0.735,31160,14,49.6,158.2,197.8,28.3,74.5,15.0,1.39,159.5,7.7,High
FLD-003237,2024-10-06,2024,10,Sunday,1,1,1,Vergara,Drainage,22.6,805.1,0.705,0.626,23508,11,50.7,88.7,178.7,28.4,85.0,8.6,0.88,98.4,3.9,Medium
FLD-003238,2023-12-27,2023,12,Wednesday,0,0,1,Plainview,Estero,17.5,535.6,0.592,0.637,32494,14,150.5,151.9,320.0,26.1,79.1,11.9,0.94,252.0,12.2,High
FLD-003239,2024-03-01,2024,3,Friday,0,0,0,Addition Hills,Maytunas Creek,24.2,1022.1,0.628,0.764,46389,7,9.3,26.9,121.3,30.1,52.7,20.5,0.96,0.7,2.8,Low
FLD-003240,2026-02-05,2026,2,Thursday,0,0,0,Burol,Drainage,21.7,690.7,0.663,0.676,24721,9,0.8,41.0,118.2,28.2,58.9,2.8,0.64,78.0,3.1,Low
FLD-003241,2022-01-22,2022,1,Saturday,1,0,0,Plainview,Estero,19.3,483.6,0.627,0.674,29886,15,28.8,33.7,152.7,30.6,66.1,5.4,0.61,65.0,1.8,Medium
FLD-003242,2023-03-11,2023,3,Saturday,1,0,0,Mauway,Maytunas Creek,23.5,890.5,0.669,0.695,37348,13,24.8,42.1,215.3,31.4,73.1,10.2,1.01,5.3,2.5,Low
FLD-003243,2025-06-10,2025,6,Tuesday,0,1,1,Barangka Ilaya,Pasig River,8.1,153.2,0.533,0.825,37591,21,54.4,137.8,270.6,24.3,84.5,7.9,1.02,207.7,7.9,High
FLD-003244,2024-09-07,2024,9,Saturday,1,1,2,Bagong Silang,Drainage,19.2,566.8,0.594,0.701,25897,10,116.1,138.5,278.8,26.0,82.4,24.4,1.01,258.3,9.2,Medium
FLD-003245,2025-03-05,2025,3,Wednesday,0,0,0,Hagdan Bato Itaas,Drainage,22.9,725.3,0.678,0.668,25003,13,35.8,44.0,148.3,32.3,61.8,14.3,0.9,48.6,7.4,Medium
FLD-003246,2025-06-22,2025,6,Sunday,1,1,1,Barangka Itaas,Pasig River,10.2,227.4,0.562,0.844,35294,20,25.5,42.2,103.8,27.5,78.1,17.1,0.9,121.3,5.7,Medium
FLD-003247,2022-03-05,2022,3,Saturday,1,0,2,Buayang Bato,Buayang Bato Creek,13.2,273.7,0.562,0.717,34844,16,98.5,143.6,267.8,28.3,73.5,29.8,0.86,221.5,12.0,High
FLD-003248,2024-03-12,2024,3,Tuesday,0,0,1,New Zañiga,Buhangin Creek,7.4,179.1,0.513,0.81,40955,19,91.2,145.8,182.5,29.4,76.6,21.7,1.02,246.4,8.7,High
FLD-003249,2026-02-14,2026,2,Saturday,1,0,1,Pag-Asa,Drainage,18.8,656.2,0.636,0.725,24656,15,11.1,37.6,163.2,31.3,65.4,10.9,1.01,178.0,10.8,Medium
FLD-003250,2023-04-26,2023,4,Wednesday,0,0,0,Malamig,Tributary,20.1,607.1,0.591,0.717,32353,17,119.6,143.4,291.5,26.8,69.9,6.2,0.65,162.3,9.1,High
FLD-003251,2022-12-24,2022,12,Saturday,1,0,0,Harapin ang Bukas,Drainage,17.9,572.5,0.696,0.76,25094,9,21.4,102.1,269.8,30.0,70.2,5.0,0.98,87.5,5.7,Medium
FLD-003252,2021-02-25,2021,2,Thursday,0,0,0,Barangka Ibaba,Pasig River,6.2,52.8,0.513,0.839,38964,23,8.5,124.9,283.5,30.3,57.4,12.0,1.31,161.0,11.6,High
FLD-003253,2021-02-01,2021,2,Monday,0,0,0,Burol,Drainage,21.8,722.5,0.715,0.688,19192,12,131.2,269.3,470.2,29.8,79.6,33.8,0.89,159.4,15.1,High
FLD-003254,2025-06-17,2025,6,Tuesday,0,1,0,Pag-Asa,Drainage,19.8,671.7,0.638,0.726,26406,6,9.0,253.3,454.5,31.3,76.7,10.0,1.04,3.0,11.4,Medium
FLD-003255,2025-10-20,2025,10,Monday,0,1,2,Vergara,Drainage,25.4,811.4,0.666,0.602,25257,10,35.2,97.5,175.2,30.2,78.9,15.8,1.34,187.6,9.9,Medium
FLD-003256,2021-07-15,2021,7,Thursday,0,1,1,Poblacion,Buhangin Creek,6.6,87.8,0.522,0.779,42994,15,99.1,133.1,276.3,24.7,91.0,23.9,1.18,245.3,10.2,High
FLD-003257,2022-02-07,2022,2,Monday,0,0,2,Mabini-J. Rizal,Maytunas Creek,15.1,443.9,0.534,0.727,32828,19,64.0,187.8,321.7,31.0,76.2,28.9,1.11,237.7,13.9,High
FLD-003258,2021-06-03,2021,6,Thursday,0,1,1,Mabini-J. Rizal,Maytunas Creek,16.5,475.4,0.637,0.757,31527,14,40.1,125.7,226.7,28.7,82.3,23.4,0.9,177.8,4.5,Low
FLD-003259,2022-01-22,2022,1,Saturday,1,0,1,Hagdan Bato Itaas,Drainage,22.8,782.6,0.706,0.679,29965,7,40.2,79.9,100.8,32.0,74.4,16.7,1.46,16.4,7.8,Low
FLD-003260,2021-06-06,2021,6,Sunday,1,1,2,San Jose,Drainage,23.1,709.6,0.623,0.665,26749,10,58.9,88.9,529.2,28.2,80.9,18.6,0.95,130.7,3.4,Medium
FLD-003261,2025-01-04,2025,1,Saturday,1,0,0,Harapin ang Bukas,Drainage,17.3,548.6,0.603,0.76,23163,13,13.7,23.6,92.4,30.2,69.5,14.5,0.69,81.8,3.3,Medium
FLD-003262,2021-02-13,2021,2,Saturday,1,0,0,Pleasant Hills,Ermitaño Creek,24.6,994.4,0.694,0.704,23663,11,0.9,9.5,59.8,33.4,60.2,9.3,1.27,73.8,4.9,Low
FLD-003263,2023-04-06,2023,4,Thursday,0,0,0,Barangka Drive,Pasig River,7.9,213.1,0.545,0.82,33055,15,61.6,73.7,132.5,29.2,63.8,8.1,1.17,194.7,8.0,High
FLD-003264,2022-12-24,2022,12,Saturday,1,0,0,Highway Hills,Maytunas Creek,28.7,885.0,0.687,0.764,45072,7,22.8,57.5,162.0,32.1,72.7,5.8,1.17,139.5,5.3,Low
FLD-003265,2026-01-02,2026,1,Friday,0,0,2,Poblacion,Buhangin Creek,4.5,61.7,0.435,0.873,45646,21,163.4,204.3,269.3,28.2,90.3,29.9,1.19,483.0,13.8,High
FLD-003266,2022-07-11,2022,7,Monday,0,1,1,Hagdan Bato Itaas,Drainage,21.0,747.8,0.678,0.66,24659,12,28.4,119.0,216.1,29.7,74.2,9.9,1.2,102.5,5.9,Medium
FLD-003267,2021-12-02,2021,12,Thursday,0,0,1,Hagdan Bato Libis,Drainage,14.9,479.8,0.584,0.752,29366,14,58.1,86.9,152.9,29.1,82.1,22.7,0.91,152.0,9.0,Medium
FLD-003268,2023-10-22,2023,10,Sunday,1,1,0,Addition Hills,Maytunas Creek,23.8,1000.7,0.709,0.735,47513,12,14.9,93.4,316.6,30.6,74.7,13.2,1.11,9.8,4.2,Low
FLD-003269,2024-08-08,2024,8,Thursday,0,1,0,Barangka Ibaba,Pasig River,6.8,38.8,0.432,0.879,44064,22,38.2,210.1,368.9,28.8,69.4,12.0,1.51,181.9,9.5,High
FLD-003270,2021-10-03,2021,10,Sunday,1,1,0,Pleasant Hills,Ermitaño Creek,24.6,1056.3,0.711,0.709,25052,13,2.0,141.6,406.4,29.5,71.4,19.5,0.98,85.2,10.4,Medium
FLD-003271,2023-03-07,2023,3,Tuesday,0,0,1,Namayan,Pasig River,8.5,151.3,0.487,0.796,33982,24,100.5,166.7,202.7,26.9,80.6,13.1,1.01,239.0,12.0,High
FLD-003272,2025-04-17,2025,4,Thursday,0,0,0,Plainview,Estero,18.2,511.5,0.679,0.688,30558,16,8.3,92.3,111.4,33.3,58.3,4.9,1.16,43.3,7.6,Low
FLD-003273,2021-10-08,2021,10,Friday,0,1,0,Malamig,Tributary,20.1,559.7,0.711,0.723,26586,11,2.3,61.1,185.8,29.2,78.0,7.7,1.34,5.5,1.9,Low
FLD-003274,2021-12-29,2021,12,Wednesday,0,0,0,Barangka Drive,Pasig River,10.0,197.5,0.52,0.875,36253,16,38.4,111.9,182.8,30.5,66.0,4.6,1.14,48.0,6.0,Medium
FLD-003275,2022-11-11,2022,11,Friday,0,1,0,Plainview,Estero,17.8,505.4,0.632,0.704,28854,12,3.2,64.7,543.6,28.8,73.2,15.3,1.63,146.0,3.9,Medium
FLD-003276,2022-06-08,2022,6,Wednesday,0,1,1,Barangka Drive,Pasig River,8.8,196.5,0.418,0.798,37305,21,48.5,85.1,130.7,31.3,76.2,27.3,1.12,225.9,10.5,High
FLD-003277,2022-01-02,2022,1,Sunday,1,0,1,Vergara,Drainage,23.7,779.7,0.663,0.629,22702,8,99.3,147.7,172.9,30.4,75.5,14.1,1.2,273.9,11.0,Medium
FLD-003278,2025-10-16,2025,10,Thursday,0,1,0,Malamig,Tributary,21.5,581.5,0.688,0.665,27811,17,11.6,97.0,236.2,27.9,65.7,13.9,1.31,103.1,5.9,High
FLD-003279,2022-08-19,2022,8,Friday,0,1,0,Bagong Silang,Drainage,17.2,537.9,0.613,0.665,24339,13,30.4,61.4,235.2,26.7,68.4,13.6,1.05,6.6,3.3,Low
FLD-003280,2022-05-05,2022,5,Thursday,0,1,0,Barangka Itaas,Pasig River,11.1,285.7,0.51,0.804,33532,14,1.5,89.2,559.2,31.0,66.6,10.6,1.71,145.3,5.7,High
FLD-003281,2023-11-24,2023,11,Friday,0,1,0,Highway Hills,Maytunas Creek,30.1,906.6,0.77,0.791,44798,12,43.1,169.7,293.9,28.8,87.1,3.9,0.82,88.0,9.0,Medium
FLD-003282,2022-09-27,2022,9,Tuesday,0,1,0,Barangka Itaas,Pasig River,10.5,212.6,0.558,0.822,33348,17,0.9,54.9,157.4,29.8,70.0,16.9,1.16,1.0,1.0,Low
FLD-003283,2025-01-18,2025,1,Saturday,1,0,0,Hagdan Bato Itaas,Drainage,21.1,745.1,0.721,0.657,26501,10,27.3,128.7,162.9,32.8,59.1,12.1,1.5,45.8,8.1,Medium
FLD-003284,2025-05-05,2025,5,Monday,0,1,0,Buayang Bato,Buayang Bato Creek,14.1,290.1,0.604,0.736,32133,16,42.2,70.2,145.7,27.5,77.7,7.1,1.12,166.6,5.1,Medium
FLD-003285,2024-04-24,2024,4,Wednesday,0,0,0,Malamig,Tributary,20.0,588.1,0.688,0.731,28332,13,136.0,182.0,273.4,30.0,74.1,11.6,1.36,259.2,6.8,High
FLD-003286,2023-06-02,2023,6,Friday,0,1,0,Namayan,Pasig River,9.2,152.7,0.556,0.835,30337,21,30.5,86.9,347.5,28.7,68.5,0.7,1.36,206.8,4.9,High
FLD-003287,2025-09-16,2025,9,Tuesday,0,1,0,Mabini-J. Rizal,Maytunas Creek,15.2,429.4,0.657,0.698,31683,18,19.1,199.7,348.1,29.1,77.2,20.1,1.27,125.6,10.1,High
FLD-003288,2024-03-03,2024,3,Sunday,1,0,0,Daang Bakal,Maytunas Creek,11.3,316.0,0.578,0.81,33849,13,8.7,86.7,110.8,32.4,68.9,18.0,1.14,142.3,8.9,Medium
FLD-003289,2022-02-13,2022,2,Sunday,1,0,1,Harapin ang Bukas,Drainage,16.3,529.2,0.607,0.715,22780,11,51.2,83.7,146.2,32.1,62.5,18.6,0.89,158.2,4.9,High
FLD-003290,2021-12-08,2021,12,Wednesday,0,0,0,Harapin ang Bukas,Drainage,16.7,550.0,0.667,0.766,17461,12,7.6,83.2,123.8,30.9,58.0,4.0,1.02,57.1,4.2,Medium
FLD-003291,2026-06-17,2026,6,Wednesday,0,1,1,Bagong Silang,Drainage,18.0,633.0,0.709,0.712,29678,9,91.7,223.6,275.7,28.2,80.2,26.2,1.45,139.6,10.8,High
FLD-003292,2022-02-08,2022,2,Tuesday,0,0,0,Mabini-J. Rizal,Maytunas Creek,14.6,407.4,0.595,0.733,28504,16,1.7,30.1,93.4,30.5,60.7,8.1,0.76,126.6,6.2,Low
FLD-003293,2021-06-19,2021,6,Saturday,1,1,0,Hagdan Bato Libis,Drainage,16.6,518.0,0.629,0.751,26101,10,3.8,88.1,277.0,31.3,79.6,5.9,1.49,49.4,2.1,Medium
FLD-003294,2022-09-10,2022,9,Saturday,1,1,0,Barangka Itaas,Pasig River,10.6,261.8,0.53,0.785,33658,20,16.0,94.5,287.8,31.0,82.1,2.6,1.21,108.1,5.4,Medium
FLD-003295,2021-10-01,2021,10,Friday,0,1,1,Harapin ang Bukas,Drainage,17.0,584.9,0.581,0.782,30209,12,140.4,190.5,485.5,25.9,83.1,18.5,1.01,345.3,14.2,High
FLD-003296,2021-06-15,2021,6,Tuesday,0,1,1,Malamig,Tributary,20.3,607.1,0.609,0.69,28539,13,2.2,56.7,263.6,31.5,64.4,24.1,1.12,10.5,4.6,Low
FLD-003297,2021-02-11,2021,2,Thursday,0,0,1,Wack-Wack Greenhills East,Drainage,28.1,1200.8,0.773,0.679,15654,8,151.6,202.1,259.3,28.6,75.3,7.9,0.91,245.0,14.1,High
FLD-003298,2024-04-30,2024,4,Tuesday,0,0,0,Plainview,Estero,17.3,445.3,0.572,0.686,29878,8,9.1,91.3,390.5,31.6,72.5,2.1,1.22,13.7,2.9,Low
FLD-003299,2024-12-27,2024,12,Friday,0,0,3,Barangka Itaas,Pasig River,10.1,255.7,0.574,0.835,39739,15,124.4,140.2,251.3,24.3,84.1,28.5,1.02,322.1,13.2,High
FLD-003300,2026-05-11,2026,5,Monday,0,1,0,Namayan,Pasig River,7.1,149.6,0.541,0.812,30926,21,6.2,39.3,197.0,30.3,66.6,9.3,1.02,173.4,4.5,Medium
FLD-003301,2023-06-02,2023,6,Friday,0,1,0,Bagong Silang,Drainage,19.0,597.9,0.58,0.73,25488,18,126.0,154.7,183.9,28.4,90.5,5.0,1.32,248.2,11.4,High
FLD-003302,2023-03-20,2023,3,Monday,0,0,0,Harapin ang Bukas,Drainage,15.8,543.2,0.627,0.745,25904,16,29.7,46.3,107.0,31.9,61.0,11.2,0.86,9.5,5.3,Low
FLD-003303,2024-03-21,2024,3,Thursday,0,0,0,Pleasant Hills,Ermitaño Creek,25.3,1002.2,0.684,0.701,27080,8,6.0,37.8,122.2,33.2,51.4,4.4,1.03,13.3,1.7,Low
FLD-003304,2022-11-20,2022,11,Sunday,1,1,0,Harapin ang Bukas,Drainage,15.7,535.3,0.616,0.775,23133,13,1.8,78.2,136.5,30.6,71.5,9.7,1.1,2.9,3.2,Low
FLD-003305,2025-11-19,2025,11,Wednesday,0,1,0,Daang Bakal,Maytunas Creek,11.0,338.8,0.606,0.816,30755,12,1.1,11.7,60.7,31.3,69.5,11.3,1.14,100.2,4.4,Low
FLD-003306,2025-11-25,2025,11,Tuesday,0,1,0,Highway Hills,Maytunas Creek,31.0,887.4,0.768,0.842,46885,9,30.4,75.4,90.3,29.7,89.2,15.9,1.54,12.9,5.4,Medium
FLD-003307,2022-01-01,2022,1,Saturday,1,0,2,Wack-Wack Greenhills East,Drainage,28.2,1195.7,0.812,0.663,20378,4,97.2,217.3,327.8,26.4,83.6,31.0,1.03,158.1,9.3,High
FLD-003308,2021-10-19,2021,10,Tuesday,0,1,0,Vergara,Drainage,24.6,813.2,0.696,0.629,24599,10,64.7,82.3,110.1,28.5,83.8,19.1,1.26,143.7,4.4,High
FLD-003309,2022-05-17,2022,5,Tuesday,0,1,0,San Jose,Drainage,21.7,647.6,0.737,0.739,29963,15,89.2,145.0,282.0,27.2,77.5,14.6,0.71,93.7,6.3,Medium
FLD-003310,2024-11-29,2024,11,Friday,0,1,2,Highway Hills,Maytunas Creek,30.0,909.8,0.7,0.873,42115,7,117.1,170.3,349.0,28.5,85.5,19.6,0.87,255.8,10.9,High
FLD-003311,2022-08-24,2022,8,Wednesday,0,1,0,Mabini-J. Rizal,Maytunas Creek,14.9,441.8,0.572,0.715,30617,15,5.8,108.6,286.9,30.1,71.8,0,1.01,119.7,8.5,High
FLD-003312,2026-06-29,2026,6,Monday,0,1,0,Pag-Asa,Drainage,20.1,700.4,0.649,0.725,24508,14,11.7,28.5,117.1,29.0,79.3,6.4,1.11,19.5,3.3,Low
FLD-003313,2023-04-22,2023,4,Saturday,1,0,0,Daang Bakal,Maytunas Creek,11.7,279.2,0.612,0.814,29718,15,12.2,69.0,136.7,29.4,62.8,6.0,1.13,121.5,5.6,Low
FLD-003314,2025-05-13,2025,5,Tuesday,0,1,0,Hagdan Bato Itaas,Drainage,21.9,762.0,0.753,0.701,26867,12,1.2,60.4,128.5,31.4,78.1,21.5,1.25,82.5,0.5,Low
FLD-003315,2021-02-09,2021,2,Tuesday,0,0,0,Pag-Asa,Drainage,20.6,641.2,0.679,0.683,24138,14,3.3,41.6,140.5,30.1,73.5,8.8,0.49,2.8,0.8,Low
FLD-003316,2021-12-18,2021,12,Saturday,1,0,0,Old Zañiga,Buhangin Creek,6.1,93.9,0.476,0.835,33672,22,27.7,116.1,255.6,32.5,58.5,13.5,1.05,156.2,5.6,High
FLD-003317,2021-08-30,2021,8,Monday,0,1,0,Addition Hills,Maytunas Creek,24.8,996.5,0.689,0.689,43329,5,11.0,242.8,456.8,29.2,70.7,7.8,1.39,40.5,10.7,Medium
FLD-003318,2024-05-19,2024,5,Sunday,1,1,0,New Zañiga,Buhangin Creek,7.0,125.4,0.492,0.766,33463,20,4.1,99.9,183.1,31.3,74.7,7.5,1.07,12.6,6.2,Low
FLD-003319,2024-06-03,2024,6,Monday,0,1,1,Hagdan Bato Libis,Drainage,16.3,492.2,0.591,0.72,29747,12,71.7,195.9,291.9,30.2,81.5,23.2,1.27,204.5,8.1,High
FLD-003320,2024-02-04,2024,2,Sunday,1,0,0,Vergara,Drainage,21.9,836.6,0.715,0.674,26792,15,37.5,67.2,135.3,30.9,68.4,5.9,0.67,26.2,4.8,Low
FLD-003321,2024-01-12,2024,1,Friday,0,0,2,Mabini-J. Rizal,Maytunas Creek,15.7,446.7,0.689,0.749,28625,12,194.9,238.0,293.9,24.8,85.5,22.5,0.79,368.6,16.1,High
FLD-003322,2025-03-24,2025,3,Monday,0,0,0,Hagdan Bato Libis,Drainage,15.2,471.4,0.657,0.77,31971,14,62.2,111.2,347.5,30.1,71.4,5.6,0.69,156.5,6.9,Medium
FLD-003323,2021-02-13,2021,2,Saturday,1,0,0,San Jose,Drainage,21.5,709.9,0.706,0.667,29681,11,2.6,50.3,195.7,30.9,65.6,10.0,0.88,94.4,4.9,Low
FLD-003324,2026-01-31,2026,1,Saturday,1,0,0,San Jose,Drainage,21.2,717.5,0.72,0.678,25283,12,47.3,91.6,107.6,28.9,63.2,5.5,1.05,6.7,2.6,Low
FLD-003325,2025-01-13,2025,1,Monday,0,0,0,Addition Hills,Maytunas Creek,25.6,1033.9,0.698,0.713,44515,14,9.7,30.4,94.6,30.3,69.9,10.8,0.8,0,2.3,Low
FLD-003326,2022-09-21,2022,9,Wednesday,0,1,0,Vergara,Drainage,22.7,780.1,0.741,0.679,25515,9,8.2,50.0,187.3,28.9,67.5,3.2,1.63,127.1,4.8,Low
FLD-003327,2024-06-10,2024,6,Monday,0,1,0,Vergara,Drainage,24.9,778.0,0.753,0.656,27170,0,9.8,105.1,254.1,26.7,67.7,22.4,1.14,63.1,4.0,Low
FLD-003328,2025-04-06,2025,4,Sunday,1,0,0,Hagdan Bato Libis,Drainage,16.0,481.1,0.645,0.726,31987,14,1.2,127.4,240.0,31.9,58.4,6.5,0.9,88.8,5.0,Low
FLD-003329,2026-04-01,2026,4,Wednesday,0,0,0,Namayan,Pasig River,7.7,147.1,0.536,0.822,30497,21,9.7,21.8,144.2,30.1,74.0,24.0,1.06,6.7,4.2,Low
FLD-003330,2024-11-21,2024,11,Thursday,0,1,0,Burol,Drainage,22.0,689.2,0.623,0.719,21518,12,0.7,39.0,149.7,30.7,66.7,4.0,1.53,48.8,6.1,Low
FLD-003331,2023-09-17,2023,9,Sunday,1,1,0,Pag-Asa,Drainage,18.3,635.5,0.663,0.641,23720,10,21.1,42.6,74.0,30.0,68.7,11.5,1.37,67.0,7.2,Low
FLD-003332,2024-05-20,2024,5,Monday,0,1,0,Malamig,Tributary,20.5,588.4,0.593,0.737,29950,14,39.5,74.2,321.2,26.4,76.2,8.4,1.37,92.5,7.9,Medium
FLD-003333,2024-12-11,2024,12,Wednesday,0,0,0,Bagong Silang,Drainage,17.9,606.4,0.667,0.74,24761,12,6.6,60.8,159.2,32.3,66.2,14.4,0.79,50.1,5.8,Low
FLD-003334,2025-10-23,2025,10,Thursday,0,1,0,Old Zañiga,Buhangin Creek,7.5,124.2,0.455,0.789,35812,19,1.7,31.0,70.4,30.8,69.6,7.2,1.52,110.0,3.1,Medium
FLD-003335,2023-01-24,2023,1,Tuesday,0,0,2,Mauway,Maytunas Creek,23.2,838.2,0.625,0.683,36342,10,38.4,84.5,147.9,28.3,65.6,21.3,1.29,192.4,8.5,High
FLD-003336,2025-02-06,2025,2,Thursday,0,0,1,Mabini-J. Rizal,Maytunas Creek,13.5,426.7,0.603,0.75,27848,15,50.0,59.6,192.4,31.6,70.9,31.8,1.04,150.0,7.9,Medium
FLD-003337,2021-03-18,2021,3,Thursday,0,0,0,San Jose,Drainage,22.7,717.8,0.7,0.709,24630,15,36.3,90.0,163.2,32.7,74.9,14.9,0.89,5.6,5.9,Low
FLD-003338,2023-12-03,2023,12,Sunday,1,0,0,Old Zañiga,Buhangin Creek,6.3,126.8,0.482,0.808,37631,23,8.8,54.5,116.4,34.1,69.7,12.0,1.0,133.2,6.4,Medium
FLD-003339,2023-08-17,2023,8,Thursday,0,1,0,Namayan,Pasig River,6.8,156.6,0.513,0.831,37815,17,0.3,85.4,171.7,30.0,58.8,0,1.21,147.8,7.7,Medium
FLD-003340,2023-01-30,2023,1,Monday,0,0,0,Barangka Drive,Pasig River,10.0,241.6,0.521,0.842,31930,19,54.3,68.2,207.3,32.5,69.8,1.4,1.23,168.6,5.2,Medium
FLD-003341,2023-03-27,2023,3,Monday,0,0,0,Old Zañiga,Buhangin Creek,6.8,135.5,0.482,0.788,34451,19,3.0,56.8,90.3,32.7,63.3,9.4,0.73,40.0,2.0,Medium
FLD-003342,2022-10-22,2022,10,Saturday,1,1,0,Barangka Itaas,Pasig River,9.8,235.4,0.534,0.839,35778,17,52.5,102.1,267.7,29.0,80.2,2.1,1.5,178.0,10.9,Medium
FLD-003343,2021-03-15,2021,3,Monday,0,0,0,New Zañiga,Buhangin Creek,7.3,99.7,0.474,0.828,34966,20,18.3,56.3,96.7,30.8,74.8,16.5,1.19,4.5,6.1,Low
FLD-003344,2026-02-09,2026,2,Monday,0,0,0,Barangka Ilaya,Pasig River,8.8,109.1,0.524,0.838,36947,16,4.7,14.7,58.9,29.9,63.3,1.2,0.88,2.6,3.2,Low
FLD-003345,2024-10-13,2024,10,Sunday,1,1,0,Old Zañiga,Buhangin Creek,7.4,170.2,0.544,0.778,33447,17,1.0,45.7,65.9,29.8,81.4,14.9,1.38,10.2,4.2,Low
FLD-003346,2025-12-27,2025,12,Saturday,1,0,0,San Jose,Drainage,22.4,687.1,0.71,0.653,27549,7,11.6,72.8,145.7,32.6,61.1,14.3,1.19,121.8,6.4,Medium
FLD-003347,2026-06-09,2026,6,Tuesday,0,1,0,Barangka Ilaya,Pasig River,7.1,142.8,0.535,0.838,37464,19,47.8,82.4,259.3,29.5,76.7,19.9,1.33,161.4,8.5,High
FLD-003348,2021-05-27,2021,5,Thursday,0,1,0,Barangka Ilaya,Pasig River,9.1,132.8,0.487,0.881,32837,21,0.5,45.1,81.5,29.1,80.1,2.6,1.0,164.3,7.4,High
FLD-003349,2026-06-24,2026,6,Wednesday,0,1,0,Barangka Drive,Pasig River,9.9,200.7,0.458,0.851,34588,19,3.6,123.6,207.5,30.1,77.0,12.2,0.45,79.7,8.1,Medium
FLD-003350,2021-06-11,2021,6,Friday,0,1,0,Namayan,Pasig River,8.0,135.0,0.564,0.84,36218,22,8.2,63.2,253.0,29.6,80.1,5.9,0.85,65.4,5.2,Medium
FLD-003351,2023-01-13,2023,1,Friday,0,0,0,Hagdan Bato Libis,Drainage,16.4,451.8,0.587,0.698,27076,12,11.0,56.7,211.2,30.6,76.4,10.1,1.39,112.6,5.5,High
FLD-003352,2022-11-14,2022,11,Monday,0,1,0,Barangka Drive,Pasig River,9.5,208.3,0.541,0.799,36179,13,5.6,31.4,171.9,29.2,66.8,6.7,1.23,13.5,5.1,Low
FLD-003353,2023-05-05,2023,5,Friday,0,1,1,Barangka Drive,Pasig River,9.2,203.5,0.492,0.776,34823,20,14.9,52.5,80.4,31.0,90.8,16.9,1.79,177.5,8.0,Medium
FLD-003354,2024-09-26,2024,9,Thursday,0,1,0,Barangka Itaas,Pasig River,9.8,220.1,0.528,0.839,36569,11,19.5,164.5,295.9,28.9,76.2,7.1,1.15,116.4,10.3,High
FLD-003355,2024-07-31,2024,7,Wednesday,0,1,0,Bagong Silang,Drainage,19.1,615.2,0.627,0.75,23904,15,19.9,116.7,298.9,27.7,70.8,16.2,0.99,61.8,8.5,Medium
FLD-003356,2021-04-27,2021,4,Tuesday,0,0,0,Barangka Ilaya,Pasig River,8.4,140.5,0.432,0.884,38102,18,2.7,49.8,99.2,31.2,65.6,12.4,1.1,75.9,7.9,Medium
FLD-003357,2022-10-24,2022,10,Monday,0,1,0,San Jose,Drainage,20.7,696.9,0.665,0.62,27229,12,31.5,146.7,191.9,29.1,73.9,18.4,0.82,34.6,9.4,Medium
FLD-003358,2023-11-25,2023,11,Saturday,1,1,0,Daang Bakal,Maytunas Creek,12.2,369.2,0.576,0.74,30998,15,19.1,27.0,114.2,24.1,72.8,5.0,1.24,4.4,3.6,Low
FLD-003359,2023-10-17,2023,10,Tuesday,0,1,0,New Zañiga,Buhangin Creek,6.3,132.5,0.481,0.796,36552,22,90.4,151.6,167.2,28.6,82.4,13.5,1.09,192.4,9.5,High
FLD-003360,2021-01-02,2021,1,Saturday,1,0,0,Plainview,Estero,18.4,504.6,0.604,0.752,29165,10,4.7,31.6,140.8,31.6,58.4,2.3,0.66,17.5,0.5,Low
FLD-003361,2025-12-29,2025,12,Monday,0,0,0,Pleasant Hills,Ermitaño Creek,25.3,964.4,0.721,0.681,26540,11,6.3,26.4,130.1,30.4,59.0,6.8,0.95,108.9,0.5,Low
FLD-003362,2021-04-10,2021,4,Saturday,1,0,2,Pag-Asa,Drainage,19.6,672.2,0.638,0.713,25029,13,134.1,216.0,290.0,28.9,74.2,26.5,0.74,279.2,12.2,High
FLD-003363,2022-08-16,2022,8,Tuesday,0,1,1,Namayan,Pasig River,7.7,198.2,0.567,0.791,30829,15,61.5,179.0,361.5,31.8,86.1,15.0,1.12,179.5,13.5,High
FLD-003364,2023-01-28,2023,1,Saturday,1,0,2,Barangka Ibaba,Pasig River,6.3,126.6,0.505,0.856,39065,19,94.5,142.8,409.4,29.3,73.2,21.9,1.24,272.4,11.5,High
FLD-003365,2025-10-05,2025,10,Sunday,1,1,2,Hagdan Bato Libis,Drainage,16.8,472.7,0.646,0.7,32158,16,19.8,82.6,173.6,28.8,80.0,21.6,1.0,182.0,7.9,Medium
FLD-003366,2024-02-22,2024,2,Thursday,0,0,0,Highway Hills,Maytunas Creek,30.3,878.2,0.671,0.813,44837,10,7.3,111.7,200.4,32.6,69.2,9.5,0.85,1.9,8.7,Low
FLD-003367,2023-04-18,2023,4,Tuesday,0,0,0,Highway Hills,Maytunas Creek,29.5,880.0,0.719,0.795,45668,5,4.4,29.7,112.7,32.6,58.7,4.8,0.87,3.2,0.5,Low
FLD-003368,2025-05-07,2025,5,Wednesday,0,1,0,Hulo,Pasig River,6.3,58.2,0.456,0.871,35999,25,0.2,111.6,212.8,29.7,70.0,18.8,2.06,143.7,7.5,Medium
FLD-003369,2023-09-03,2023,9,Sunday,1,1,0,Bagong Silang,Drainage,18.3,636.0,0.59,0.719,25642,12,68.9,85.8,258.0,27.9,72.2,3.5,0.73,137.4,9.0,Medium
FLD-003370,2023-04-29,2023,4,Saturday,1,0,0,Poblacion,Buhangin Creek,5.4,110.2,0.451,0.799,42248,24,15.2,124.6,352.8,31.3,68.5,4.9,1.02,138.7,6.7,High
FLD-003371,2025-10-20,2025,10,Monday,0,1,1,Barangka Itaas,Pasig River,9.4,271.7,0.546,0.849,32904,17,49.4,59.4,218.8,28.5,75.7,16.7,0.8,115.6,8.3,Medium
FLD-003372,2026-03-26,2026,3,Thursday,0,0,0,Wack-Wack Greenhills East,Drainage,28.4,1177.9,0.831,0.69,15011,4,0.5,89.4,170.5,32.4,67.5,16.5,1.29,115.9,4.1,Low
FLD-003373,2023-11-23,2023,11,Thursday,0,1,1,Vergara,Drainage,24.8,768.6,0.732,0.631,24912,13,66.1,256.3,402.2,30.0,91.7,28.3,1.15,137.1,15.5,High
FLD-003374,2026-01-21,2026,1,Wednesday,0,0,1,Addition Hills,Maytunas Creek,24.8,995.5,0.667,0.751,47290,8,88.9,122.0,179.2,27.4,74.8,11.0,1.47,165.8,8.2,High
FLD-003375,2023-01-30,2023,1,Monday,0,0,1,Mauway,Maytunas Creek,23.2,882.5,0.65,0.736,37441,6,47.5,74.7,239.7,30.9,71.5,23.8,0.96,152.8,5.6,High
FLD-003376,2023-11-29,2023,11,Wednesday,0,1,0,New Zañiga,Buhangin Creek,6.2,186.8,0.537,0.779,35622,17,4.5,56.5,131.8,27.4,84.7,24.0,1.69,149.4,9.7,Medium
FLD-003377,2022-03-24,2022,3,Thursday,0,0,0,Vergara,Drainage,22.7,858.5,0.74,0.681,25124,11,4.3,54.9,131.9,33.8,68.0,4.3,0.7,0.6,2.7,Low
FLD-003378,2023-05-20,2023,5,Saturday,1,1,0,Bagong Silang,Drainage,18.1,584.8,0.625,0.7,26911,9,6.5,55.7,279.7,29.9,76.8,18.7,1.1,6.3,7.8,Low
FLD-003379,2025-05-09,2025,5,Friday,0,1,0,Mabini-J. Rizal,Maytunas Creek,15.7,465.3,0.541,0.748,36525,15,1.1,171.8,186.9,29.5,77.7,14.7,1.18,96.0,9.6,Medium
FLD-003380,2023-08-01,2023,8,Tuesday,0,1,0,Highway Hills,Maytunas Creek,29.8,916.4,0.746,0.738,45252,9,60.4,137.7,248.7,27.9,83.1,0.2,0.92,69.1,7.8,High
FLD-003381,2022-03-31,2022,3,Thursday,0,0,1,Barangka Ibaba,Pasig River,6.5,101.4,0.472,0.888,38632,18,17.6,39.5,139.6,29.8,67.4,10.9,1.14,170.1,3.8,High
FLD-003382,2023-07-26,2023,7,Wednesday,0,1,0,Bagong Silang,Drainage,17.7,619.4,0.643,0.683,28460,11,0.6,93.1,185.6,32.6,68.8,6.8,1.17,86.8,6.4,Medium
FLD-003383,2023-04-25,2023,4,Tuesday,0,0,0,San Jose,Drainage,22.5,665.4,0.65,0.704,27377,11,13.0,38.6,132.3,28.6,58.4,4.6,1.23,8.9,2.7,Low
FLD-003384,2022-03-19,2022,3,Saturday,1,0,0,Barangka Ibaba,Pasig River,5.3,85.8,0.465,0.914,42381,22,25.5,113.5,198.1,30.0,70.7,3.0,0.85,234.3,10.9,Medium
FLD-003385,2024-04-05,2024,4,Friday,0,0,0,Vergara,Drainage,23.8,829.6,0.7,0.673,26790,12,67.3,222.0,329.7,30.0,70.9,0,1.51,166.5,11.2,High
FLD-003386,2025-06-12,2025,6,Thursday,0,1,0,New Zañiga,Buhangin Creek,7.2,144.0,0.472,0.779,37358,17,3.4,90.4,276.9,29.8,70.2,10.2,0.91,69.6,7.8,Medium
FLD-003387,2023-07-07,2023,7,Friday,0,1,1,Buayang Bato,Buayang Bato Creek,13.3,315.5,0.558,0.747,32683,19,19.8,55.7,132.2,27.2,72.2,14.8,1.69,145.8,9.7,High
FLD-003388,2021-03-07,2021,3,Sunday,1,0,0,Wack-Wack Greenhills East,Drainage,28.3,1224.0,0.767,0.671,18718,7,22.5,48.3,65.5,33.8,52.9,8.7,1.27,79.4,4.2,Low
FLD-003389,2025-04-28,2025,4,Monday,0,0,1,Old Zañiga,Buhangin Creek,7.0,170.2,0.524,0.788,30483,22,65.5,103.5,197.4,31.5,78.8,21.3,0.51,185.0,8.9,Low
FLD-003390,2021-01-29,2021,1,Friday,0,0,1,Bagong Silang,Drainage,18.2,642.5,0.542,0.757,27447,15,30.3,30.7,113.2,31.5,67.6,17.9,1.24,13.9,2.5,Low
FLD-003391,2021-03-18,2021,3,Thursday,0,0,0,Malamig,Tributary,20.2,566.7,0.638,0.687,28030,12,2.9,72.8,133.4,32.7,79.6,15.5,1.42,3.6,6.8,Low
FLD-003392,2026-01-28,2026,1,Wednesday,0,0,0,Wack-Wack Greenhills East,Drainage,28.3,1158.0,0.786,0.635,18782,7,0.7,30.8,223.7,34.7,56.7,20.9,1.51,8.6,4.2,Low
FLD-003393,2023-09-03,2023,9,Sunday,1,1,0,New Zañiga,Buhangin Creek,5.8,154.5,0.508,0.818,36103,20,7.5,31.3,110.4,26.9,78.2,11.4,1.26,160.2,7.0,Medium
FLD-003394,2022-02-22,2022,2,Tuesday,0,0,1,Hagdan Bato Libis,Drainage,15.9,456.2,0.635,0.711,30722,15,39.5,76.0,118.1,30.2,71.4,23.1,0.98,169.9,8.0,High
FLD-003395,2025-10-25,2025,10,Saturday,1,1,1,Namayan,Pasig River,8.2,128.0,0.509,0.794,37699,22,35.5,102.2,131.0,30.7,78.3,7.9,1.41,193.5,9.4,Medium
FLD-003396,2022-11-30,2022,11,Wednesday,0,1,0,Highway Hills,Maytunas Creek,31.0,877.0,0.704,0.735,42686,9,8.3,16.6,137.5,29.7,80.3,13.0,2.08,44.5,1.9,Medium
FLD-003397,2022-02-09,2022,2,Wednesday,0,0,2,Barangka Itaas,Pasig River,10.0,237.2,0.494,0.791,38616,16,95.7,120.9,246.3,29.9,69.1,21.6,1.09,323.6,7.1,High
FLD-003398,2024-08-11,2024,8,Sunday,1,1,0,Daang Bakal,Maytunas Creek,10.4,366.9,0.575,0.726,35896,16,31.9,253.5,426.3,29.0,81.7,1.2,0.89,147.4,14.7,Medium
FLD-003399,2022-07-04,2022,7,Monday,0,1,0,Barangka Ilaya,Pasig River,7.9,186.4,0.492,0.836,39245,21,6.4,20.2,187.6,29.6,77.3,22.5,1.5,67.9,2.4,High
FLD-003400,2022-12-24,2022,12,Saturday,1,0,0,Hagdan Bato Libis,Drainage,16.1,513.8,0.663,0.73,27334,17,12.0,36.7,118.9,32.6,77.6,20.4,0.93,158.7,6.8,Low
FLD-003401,2024-03-31,2024,3,Sunday,1,0,0,Addition Hills,Maytunas Creek,25.8,980.6,0.729,0.725,44080,9,6.2,100.6,212.0,34.1,61.9,2.9,1.5,103.8,5.8,Medium
FLD-003402,2024-09-11,2024,9,Wednesday,0,1,0,Malamig,Tributary,19.1,656.4,0.64,0.744,26582,13,1.9,119.3,160.5,29.8,72.7,14.7,0.79,128.3,7.6,Low
FLD-003403,2025-06-05,2025,6,Thursday,0,1,0,Barangka Drive,Pasig River,9.3,214.0,0.473,0.784,35300,16,5.7,64.2,210.1,29.4,80.2,1.8,1.07,6.5,4.7,Low
FLD-003404,2024-07-01,2024,7,Monday,0,1,0,San Jose,Drainage,22.0,700.3,0.669,0.661,26252,9,1.8,63.4,116.3,28.2,64.7,16.4,1.46,45.2,0.5,Low
FLD-003405,2026-04-29,2026,4,Wednesday,0,0,0,Wack-Wack Greenhills East,Drainage,28.3,1179.6,0.801,0.675,16505,9,53.0,64.8,120.1,33.2,72.1,13.9,1.18,69.3,3.2,Low
FLD-003406,2025-08-05,2025,8,Tuesday,0,1,0,Mabini-J. Rizal,Maytunas Creek,14.2,465.2,0.643,0.742,33425,17,12.9,28.8,82.2,28.4,73.6,13.1,1.23,0.4,3.0,Low
FLD-003407,2022-09-28,2022,9,Wednesday,0,1,3,Pag-Asa,Drainage,19.8,633.1,0.662,0.783,22538,11,71.9,220.3,338.7,30.1,83.5,28.7,1.47,303.6,13.7,High
FLD-003408,2021-06-07,2021,6,Monday,0,1,0,Wack-Wack Greenhills East,Drainage,29.0,1220.9,0.896,0.604,17510,5,43.0,164.3,222.0,29.5,72.7,18.3,1.4,26.3,5.6,Medium
FLD-003409,2026-04-01,2026,4,Wednesday,0,0,2,Highway Hills,Maytunas Creek,29.5,876.1,0.783,0.822,47128,5,67.2,69.5,113.8,28.7,83.2,19.0,0.63,211.2,4.5,High
FLD-003410,2025-01-10,2025,1,Friday,0,0,0,Pleasant Hills,Ermitaño Creek,25.1,985.6,0.634,0.685,24843,11,3.6,17.0,24.6,29.7,56.7,3.8,1.43,107.0,0.5,Low
FLD-003411,2021-08-18,2021,8,Wednesday,0,1,1,Addition Hills,Maytunas Creek,26.0,1012.1,0.685,0.674,44362,8,27.8,71.1,182.9,28.8,79.0,14.0,1.56,2.5,6.4,Low
FLD-003412,2023-05-31,2023,5,Wednesday,0,1,1,Pag-Asa,Drainage,20.7,641.4,0.629,0.7,24808,8,68.6,142.7,157.8,29.7,81.8,6.8,1.54,155.0,7.5,High
FLD-003413,2021-07-12,2021,7,Monday,0,1,0,Barangka Itaas,Pasig River,9.9,232.3,0.516,0.788,33298,19,3.7,63.3,192.5,30.0,65.6,1.0,0.8,10.7,5.6,Low
FLD-003414,2021-09-28,2021,9,Tuesday,0,1,0,Mauway,Maytunas Creek,23.0,855.3,0.609,0.712,39044,13,7.4,16.6,132.0,30.3,70.9,0.2,2.11,0.1,1.2,Low
FLD-003415,2025-05-25,2025,5,Sunday,1,1,0,Pleasant Hills,Ermitaño Creek,24.4,1000.2,0.679,0.692,23058,15,4.8,42.6,306.4,30.1,73.1,2.8,1.27,68.3,2.8,Medium
FLD-003416,2024-12-15,2024,12,Sunday,1,0,0,Malamig,Tributary,19.6,609.0,0.691,0.682,30353,16,8.2,37.7,77.8,32.3,67.9,3.4,0.89,98.7,7.1,Low
FLD-003417,2024-06-11,2024,6,Tuesday,0,1,0,Mauway,Maytunas Creek,23.1,876.4,0.662,0.704,38025,12,8.0,29.6,112.3,30.0,79.9,0.8,1.15,84.2,0.5,Low
FLD-003418,2023-08-26,2023,8,Saturday,1,1,1,Wack-Wack Greenhills East,Drainage,28.0,1187.8,0.867,0.576,17216,6,32.0,145.5,320.9,27.8,68.6,27.1,1.49,9.4,5.1,Low
FLD-003419,2024-04-07,2024,4,Sunday,1,0,1,Daang Bakal,Maytunas Creek,12.6,375.9,0.556,0.768,33695,20,81.2,127.0,200.8,30.3,71.3,16.7,1.16,235.3,6.8,High
FLD-003420,2025-07-23,2025,7,Wednesday,0,1,0,Bagong Silang,Drainage,19.2,601.8,0.566,0.685,29041,13,57.7,131.0,209.0,29.2,71.2,9.0,1.06,114.6,9.2,High
FLD-003421,2021-08-21,2021,8,Saturday,1,1,0,Old Zañiga,Buhangin Creek,6.9,156.0,0.523,0.801,33099,19,0.2,88.6,190.7,29.8,66.7,16.8,1.19,141.8,10.6,Medium
FLD-003422,2026-06-04,2026,6,Thursday,0,1,1,Highway Hills,Maytunas Creek,30.0,924.8,0.74,0.764,47087,8,150.1,165.6,234.5,26.3,92.2,8.1,1.03,215.8,13.1,High
FLD-003423,2022-10-06,2022,10,Thursday,0,1,0,Vergara,Drainage,24.0,805.4,0.714,0.682,25478,11,56.1,61.6,180.4,29.9,83.4,5.8,0.6,82.9,8.5,Medium
FLD-003424,2021-01-02,2021,1,Saturday,1,0,0,New Zañiga,Buhangin Creek,6.3,156.6,0.519,0.799,38229,18,42.8,68.3,174.3,30.8,59.6,11.2,1.13,131.7,5.7,Medium
FLD-003425,2022-12-21,2022,12,Wednesday,0,0,1,Barangka Ibaba,Pasig River,5.9,88.9,0.452,0.864,42277,21,133.5,224.7,394.6,29.8,85.0,20.5,0.71,307.6,12.4,High
FLD-003426,2022-10-16,2022,10,Sunday,1,1,0,Barangka Ilaya,Pasig River,9.1,136.0,0.499,0.816,38504,18,10.9,47.9,171.8,30.2,66.0,6.6,1.0,156.1,2.5,Low
FLD-003427,2024-09-15,2024,9,Sunday,1,1,0,Burol,Drainage,20.5,722.0,0.663,0.664,21502,10,88.9,96.2,188.7,29.1,95.5,6.3,0.96,166.8,7.3,Medium
FLD-003428,2024-02-16,2024,2,Friday,0,0,1,Barangka Ibaba,Pasig River,6.2,126.4,0.494,0.894,41538,17,145.0,151.5,262.2,26.6,70.6,10.0,1.23,416.4,14.8,High
FLD-003429,2023-07-10,2023,7,Monday,0,1,0,Namayan,Pasig River,8.6,157.9,0.523,0.828,32618,22,91.6,198.0,295.4,28.1,83.1,5.1,1.1,257.7,10.1,High
FLD-003430,2021-06-02,2021,6,Wednesday,0,1,0,Barangka Drive,Pasig River,8.0,184.5,0.459,0.808,32787,20,0.3,30.8,166.1,29.6,80.4,10.1,1.24,110.4,4.9,Medium
FLD-003431,2024-03-23,2024,3,Saturday,1,0,0,Hagdan Bato Itaas,Drainage,20.7,806.4,0.719,0.713,29330,11,33.9,114.3,154.3,28.4,54.0,22.5,0.64,113.9,9.3,Medium
FLD-003432,2023-02-02,2023,2,Thursday,0,0,0,Daang Bakal,Maytunas Creek,12.0,320.0,0.597,0.735,31943,15,22.2,32.7,166.9,33.7,72.8,0.5,0.95,19.1,2.5,Low
FLD-003433,2025-03-15,2025,3,Saturday,1,0,0,Hagdan Bato Libis,Drainage,15.7,499.1,0.621,0.758,25428,14,29.7,61.2,99.8,28.6,73.4,9.9,0.65,121.6,4.5,Low
FLD-003434,2023-06-25,2023,6,Sunday,1,1,0,Highway Hills,Maytunas Creek,29.1,936.4,0.724,0.756,39696,5,20.7,102.2,193.6,28.2,75.8,4.2,1.09,2.8,4.6,Low
FLD-003435,2021-11-19,2021,11,Friday,0,1,1,Hagdan Bato Libis,Drainage,15.8,510.4,0.55,0.728,29889,19,69.5,172.3,210.4,26.3,83.0,14.9,2.0,110.9,10.7,High
FLD-003436,2023-09-02,2023,9,Saturday,1,1,0,Mabini-J. Rizal,Maytunas Creek,14.9,435.7,0.605,0.763,29015,14,16.1,64.8,91.6,28.2,65.9,22.6,0.91,7.6,5.5,Low
FLD-003437,2021-03-26,2021,3,Friday,0,0,1,Harapin ang Bukas,Drainage,15.9,532.6,0.627,0.71,18910,18,22.6,90.6,276.4,31.4,64.0,14.5,1.08,12.7,4.8,Low
FLD-003438,2023-12-30,2023,12,Saturday,1,0,1,Hagdan Bato Itaas,Drainage,22.7,711.3,0.664,0.708,27893,14,77.5,131.4,150.2,33.3,61.8,23.9,1.03,124.3,10.5,High
FLD-003439,2021-09-26,2021,9,Sunday,1,1,0,Addition Hills,Maytunas Creek,23.1,1066.6,0.676,0.684,43408,11,8.6,18.1,127.7,31.7,79.9,4.5,1.15,149.7,4.8,Low
FLD-003440,2022-11-30,2022,11,Wednesday,0,1,1,Malamig,Tributary,20.3,602.2,0.585,0.638,27435,10,19.9,80.8,226.6,31.7,68.1,10.8,1.02,137.3,7.9,Medium
FLD-003441,2022-09-25,2022,9,Sunday,1,1,0,Addition Hills,Maytunas Creek,25.4,997.3,0.662,0.727,49729,12,16.6,93.9,228.0,31.7,77.5,0.8,1.58,87.4,4.7,Medium
FLD-003442,2023-07-06,2023,7,Thursday,0,1,0,Highway Hills,Maytunas Creek,30.6,904.5,0.746,0.812,44982,11,21.1,101.7,175.8,30.5,76.1,8.7,0.9,0.8,5.8,Low
FLD-003443,2022-11-27,2022,11,Sunday,1,1,0,Malamig,Tributary,20.9,609.1,0.66,0.714,29130,15,1.4,34.6,171.1,30.3,72.8,0,1.59,9.8,2.3,Low
FLD-003444,2024-09-15,2024,9,Sunday,1,1,0,Pag-Asa,Drainage,19.7,655.1,0.685,0.768,25167,13,1.6,94.3,310.9,30.0,80.3,13.9,1.07,58.3,6.5,Medium
FLD-003445,2026-05-29,2026,5,Friday,0,1,0,Bagong Silang,Drainage,18.2,614.8,0.61,0.72,28545,17,5.7,36.5,167.6,29.2,74.9,12.1,1.49,81.5,1.8,Low
FLD-003446,2025-05-14,2025,5,Wednesday,0,1,0,Barangka Itaas,Pasig River,8.8,253.7,0.555,0.844,33521,20,6.1,31.2,127.6,26.6,71.3,7.8,1.06,142.2,3.1,Medium
FLD-003447,2022-02-08,2022,2,Tuesday,0,0,0,Addition Hills,Maytunas Creek,25.8,991.5,0.688,0.685,46439,13,67.6,177.8,211.7,28.9,75.3,16.7,1.41,215.3,10.2,High
FLD-003448,2026-05-07,2026,5,Thursday,0,1,0,Barangka Ilaya,Pasig River,7.7,136.2,0.421,0.862,37092,20,3.5,55.7,197.8,28.7,73.9,11.0,1.62,94.7,6.5,Medium
FLD-003449,2021-01-01,2021,1,Friday,0,0,0,Malamig,Tributary,19.6,593.4,0.658,0.707,25319,13,3.9,337.6,498.6,30.0,48,10.1,1.24,83.5,16.4,High
FLD-003450,2026-02-11,2026,2,Wednesday,0,0,2,Malamig,Tributary,19.2,626.6,0.674,0.663,30921,13,151.1,200.0,235.2,28.5,78.8,29.6,1.19,300.0,14.2,High
FLD-003451,2025-05-25,2025,5,Sunday,1,1,0,Hulo,Pasig River,6.9,100.0,0.437,0.867,36774,16,84.7,104.9,198.1,26.8,82.2,11.1,1.23,200.6,4.5,Medium
FLD-003452,2026-04-23,2026,4,Thursday,0,0,1,Plainview,Estero,18.3,498.9,0.613,0.751,27578,11,52.0,96.7,255.3,28.8,73.4,21.1,0.73,169.8,10.6,Medium
FLD-003453,2023-03-17,2023,3,Friday,0,0,0,Poblacion,Buhangin Creek,5.8,65.0,0.454,0.789,43287,22,5.3,108.1,243.2,31.0,69.2,10.4,1.16,147.6,8.1,High
FLD-003454,2022-08-17,2022,8,Wednesday,0,1,0,Barangka Ilaya,Pasig River,9.5,117.1,0.432,0.806,36142,19,39.1,186.7,284.2,27.6,80.8,0,1.15,174.4,9.9,High
FLD-003455,2025-08-07,2025,8,Thursday,0,1,0,Plainview,Estero,17.5,526.2,0.702,0.709,29639,13,52.2,95.9,356.7,28.0,84.6,5.9,1.61,239.1,7.0,Medium
FLD-003456,2025-02-23,2025,2,Sunday,1,0,0,Vergara,Drainage,23.6,821.3,0.736,0.61,24909,6,0.9,63.4,193.5,32.7,66.9,24.5,0.46,1.4,4.9,Low
FLD-003457,2026-01-23,2026,1,Friday,0,0,0,Plainview,Estero,18.1,533.6,0.596,0.723,31680,12,20.6,77.4,390.5,29.8,62.4,21.5,0.96,142.5,9.1,Medium
FLD-003458,2025-09-09,2025,9,Tuesday,0,1,0,Hagdan Bato Libis,Drainage,16.2,503.0,0.599,0.725,32339,14,11.5,39.3,72.1,31.4,71.6,8.8,1.59,16.0,2.1,Low
FLD-003459,2021-04-04,2021,4,Sunday,1,0,1,Barangka Drive,Pasig River,9.3,189.2,0.505,0.806,37231,15,70.7,137.6,175.9,29.9,72.0,23.6,1.16,165.1,11.4,High
FLD-003460,2022-04-22,2022,4,Friday,0,0,0,Hulo,Pasig River,6.1,99.9,0.455,0.835,38769,19,56.7,92.5,222.8,33.2,75.7,7.9,1.41,142.2,7.7,High
FLD-003461,2021-07-21,2021,7,Wednesday,0,1,0,Daang Bakal,Maytunas Creek,11.6,309.5,0.631,0.805,29946,14,47.5,76.6,142.4,27.1,77.2,15.7,0.86,167.3,7.5,High
FLD-003462,2023-01-17,2023,1,Tuesday,0,0,0,Bagong Silang,Drainage,18.3,578.9,0.641,0.762,24261,9,85.4,187.8,272.8,28.8,68.4,17.5,0.8,205.6,9.7,Medium
FLD-003463,2021-12-02,2021,12,Thursday,0,0,0,Wack-Wack Greenhills East,Drainage,27.1,1212.6,0.787,0.63,22017,8,3.6,23.2,61.2,31.4,73.3,7.0,0.88,46.9,3.2,Low
FLD-003464,2022-04-24,2022,4,Sunday,1,0,0,New Zañiga,Buhangin Creek,7.3,175.6,0.552,0.785,36229,17,8.9,40.2,84.8,31.7,71.1,20.7,1.0,84.5,5.9,Medium
FLD-003465,2025-08-03,2025,8,Sunday,1,1,3,Plainview,Estero,16.8,522.5,0.634,0.744,28448,13,91.8,185.9,263.2,28.1,80.6,33.5,1.15,243.6,15.9,High
FLD-003466,2024-03-07,2024,3,Thursday,0,0,0,Barangka Drive,Pasig River,8.2,231.3,0.508,0.776,37237,17,11.5,30.8,230.5,30.8,63.9,6.5,1.35,154.2,4.2,Medium
FLD-003467,2026-04-27,2026,4,Monday,0,0,0,Harapin ang Bukas,Drainage,15.5,526.4,0.603,0.783,24429,14,37.0,126.2,221.6,32.4,74.0,16.0,0.83,79.4,8.1,Medium
FLD-003468,2026-01-14,2026,1,Wednesday,0,0,0,Barangka Itaas,Pasig River,9.7,211.1,0.513,0.831,33633,21,19.3,97.0,101.8,30.0,68.4,10.8,1.11,15.3,8.8,Low
FLD-003469,2023-11-01,2023,11,Wednesday,0,1,1,Malamig,Tributary,19.7,608.7,0.629,0.707,26482,14,9.3,74.9,136.0,27.1,80.6,17.0,1.77,174.5,6.3,Medium
FLD-003470,2024-02-21,2024,2,Wednesday,0,0,1,Mauway,Maytunas Creek,22.5,855.9,0.665,0.732,37312,11,45.4,67.2,120.9,30.4,70.2,16.7,0.75,108.6,5.3,Low
FLD-003471,2022-08-08,2022,8,Monday,0,1,3,Pag-Asa,Drainage,19.2,614.9,0.627,0.741,24673,16,161.2,354.0,442.8,22.5,98.9,21.8,1.23,401.4,22.4,High
FLD-003472,2024-10-28,2024,10,Monday,0,1,3,Barangka Ilaya,Pasig River,7.8,119.5,0.486,0.904,30431,17,256.9,271.6,461.1,24.6,100,31.6,1.24,637.5,19.9,High
FLD-003473,2025-07-05,2025,7,Saturday,1,1,0,Hagdan Bato Libis,Drainage,16.2,502.9,0.578,0.734,31552,12,2.6,167.8,244.6,30.4,62.0,5.1,1.19,89.4,6.2,Medium
FLD-003474,2026-02-17,2026,2,Tuesday,0,0,0,Barangka Drive,Pasig River,9.9,223.6,0.564,0.819,35335,20,5.0,36.1,88.9,34.6,62.6,4.6,0.79,132.4,5.4,Medium
FLD-003475,2025-10-04,2025,10,Saturday,1,1,1,Hulo,Pasig River,5.8,101.0,0.434,0.858,40553,24,43.9,75.8,130.6,30.8,77.2,22.5,1.91,169.6,9.1,High
FLD-003476,2024-10-02,2024,10,Wednesday,0,1,0,Daang Bakal,Maytunas Creek,11.6,353.1,0.632,0.696,31300,15,5.0,88.9,307.9,29.0,73.0,3.0,1.41,106.1,6.9,Medium
FLD-003477,2025-03-06,2025,3,Thursday,0,0,0,Hagdan Bato Libis,Drainage,15.8,501.5,0.569,0.75,26662,15,7.7,40.5,44.9,31.6,63.1,9.7,1.09,4.3,5.8,Low
FLD-003478,2023-06-23,2023,6,Friday,0,1,1,Barangka Drive,Pasig River,10.4,211.2,0.558,0.873,32957,18,93.9,181.8,321.3,26.0,87.5,16.0,1.44,227.8,7.9,High
FLD-003479,2022-01-17,2022,1,Monday,0,0,1,Burol,Drainage,22.8,706.7,0.669,0.641,20492,12,37.6,52.9,98.9,31.5,65.1,16.6,0.41,101.1,4.5,Low
FLD-003480,2024-10-27,2024,10,Sunday,1,1,1,Barangka Ibaba,Pasig River,8.3,83.7,0.407,0.882,40514,24,36.2,112.3,195.2,28.1,79.4,28.8,0.94,181.1,10.1,High
FLD-003481,2021-08-13,2021,8,Friday,0,1,0,Highway Hills,Maytunas Creek,30.8,870.7,0.754,0.804,43623,6,53.5,116.0,224.8,26.1,84.9,1.4,1.79,64.8,8.2,Medium
FLD-003482,2024-01-05,2024,1,Friday,0,0,0,Hagdan Bato Libis,Drainage,16.6,505.4,0.662,0.763,28119,16,4.1,39.6,161.2,30.3,61.4,2.8,1.07,0.6,5.8,Low
FLD-003483,2021-11-10,2021,11,Wednesday,0,1,0,Burol,Drainage,20.8,717.0,0.673,0.735,22701,5,0.9,49.9,159.6,30.4,55.6,11.4,1.75,6.6,4.0,Low
FLD-003484,2024-10-29,2024,10,Tuesday,0,1,0,Bagong Silang,Drainage,17.2,641.0,0.614,0.738,22794,10,36.7,90.0,222.3,26.8,81.5,5.5,1.18,19.2,4.3,Low
FLD-003485,2022-07-31,2022,7,Sunday,1,1,1,Pag-Asa,Drainage,20.5,662.2,0.619,0.672,20928,16,135.0,173.3,286.7,26.8,87.7,22.1,1.48,186.1,13.9,High
FLD-003486,2021-10-17,2021,10,Sunday,1,1,0,Highway Hills,Maytunas Creek,29.9,868.2,0.712,0.825,45282,11,113.0,163.9,278.2,26.2,88.1,11.9,1.07,207.4,10.5,High
FLD-003487,2025-04-02,2025,4,Wednesday,0,0,3,Pleasant Hills,Ermitaño Creek,24.0,989.1,0.73,0.732,25612,11,72.4,89.0,304.8,28.8,56.1,29.1,1.61,159.1,10.6,High
FLD-003488,2024-05-04,2024,5,Saturday,1,1,0,Wack-Wack Greenhills East,Drainage,27.5,1219.7,0.742,0.599,18626,8,16.2,41.2,117.2,30.4,75.0,14.3,1.05,0.2,1.9,Low
FLD-003489,2024-02-26,2024,2,Monday,0,0,1,Pleasant Hills,Ermitaño Creek,25.3,1036.3,0.706,0.642,28413,9,65.1,117.0,214.6,30.1,66.8,28.4,1.1,131.5,13.0,Medium
FLD-003490,2022-04-24,2022,4,Sunday,1,0,0,Harapin ang Bukas,Drainage,17.8,541.2,0.562,0.768,22842,14,55.4,112.1,193.4,30.2,67.1,3.2,0.8,139.9,4.8,Medium
FLD-003491,2025-03-10,2025,3,Monday,0,0,0,Namayan,Pasig River,8.5,172.0,0.496,0.812,33122,15,46.5,70.7,145.1,30.6,72.3,6.6,1.0,96.2,7.9,Medium
FLD-003492,2024-09-22,2024,9,Sunday,1,1,0,Addition Hills,Maytunas Creek,25.1,972.2,0.685,0.716,46592,7,11.2,89.5,125.3,29.4,71.2,0,0.86,3.5,3.7,Low
FLD-003493,2025-10-15,2025,10,Wednesday,0,1,0,Namayan,Pasig River,6.9,153.4,0.516,0.836,32556,18,23.4,110.0,220.4,28.3,75.3,16.3,0.77,131.6,12.1,High
FLD-003494,2024-09-15,2024,9,Sunday,1,1,3,Harapin ang Bukas,Drainage,15.7,527.7,0.6,0.757,24907,13,87.5,223.3,436.8,27.5,78.1,34.2,1.74,279.3,13.2,High
FLD-003495,2022-06-24,2022,6,Friday,0,1,2,Highway Hills,Maytunas Creek,30.0,889.9,0.778,0.794,40990,5,51.4,162.6,236.3,29.2,81.3,30.4,0.98,189.9,9.1,Medium
FLD-003496,2023-09-29,2023,9,Friday,0,1,2,Bagong Silang,Drainage,17.4,595.0,0.63,0.706,23464,14,56.2,109.2,154.5,28.4,84.5,21.5,1.82,210.8,9.3,High
FLD-003497,2024-10-19,2024,10,Saturday,1,1,1,Vergara,Drainage,23.8,801.0,0.712,0.646,21556,9,30.3,82.0,143.4,30.2,82.0,7.6,1.22,73.8,4.8,Low
FLD-003498,2021-09-30,2021,9,Thursday,0,1,0,Hagdan Bato Itaas,Drainage,22.2,729.3,0.74,0.68,29526,11,29.8,69.4,231.4,28.6,68.7,8.2,1.06,6.5,4.4,Low
FLD-003499,2021-01-28,2021,1,Thursday,0,0,0,Wack-Wack Greenhills East,Drainage,28.1,1175.7,0.811,0.614,18730,5,4.6,21.8,118.9,32.5,76.1,4.5,1.06,0.0,4.9,Low
FLD-003500,2024-05-23,2024,5,Thursday,0,1,1,Highway Hills,Maytunas Creek,30.1,904.7,0.786,0.776,44067,5,44.8,47.6,130.3,26.3,75.0,14.9,1.05,133.5,3.2,Low
FLD-003501,2026-05-01,2026,5,Friday,0,1,0,Mauway,Maytunas Creek,23.7,848.9,0.671,0.706,37942,13,8.6,24.0,269.8,29.0,67.1,0,1.34,3.9,4.5,Low
FLD-003502,2022-06-23,2022,6,Thursday,0,1,0,New Zañiga,Buhangin Creek,5.5,135.5,0.552,0.779,36926,20,0.9,47.6,97.2,28.5,74.5,22.9,1.04,142.6,2.7,Low
FLD-003503,2022-06-20,2022,6,Monday,0,1,1,Barangka Ibaba,Pasig River,6.7,96.8,0.509,0.892,37517,20,121.4,135.5,315.2,25.2,86.2,9.1,1.29,263.1,7.9,High
FLD-003504,2025-10-08,2025,10,Wednesday,0,1,0,Namayan,Pasig River,8.3,158.7,0.494,0.822,33343,17,7.6,94.8,164.3,29.4,80.9,0,1.29,84.6,5.8,High
FLD-003505,2021-09-20,2021,9,Monday,0,1,0,Buayang Bato,Buayang Bato Creek,14.2,301.7,0.554,0.759,32249,15,2.9,39.8,310.9,27.7,74.0,12.0,1.29,10.4,4.0,Low
FLD-003506,2024-04-21,2024,4,Sunday,1,0,0,Burol,Drainage,22.8,710.4,0.652,0.734,20629,11,4.3,65.2,111.1,32.4,63.9,0.7,1.61,98.8,3.9,Low
FLD-003507,2025-09-16,2025,9,Tuesday,0,1,0,Barangka Itaas,Pasig River,9.4,261.7,0.562,0.793,37497,19,1.2,159.6,297.8,28.1,69.4,4.3,1.28,78.3,10.8,Medium
FLD-003508,2025-08-16,2025,8,Saturday,1,1,0,Hulo,Pasig River,5.9,102.2,0.468,0.85,36660,20,57.5,274.7,332.1,26.1,75.5,11.1,0.95,173.9,12.5,High
FLD-003509,2024-09-21,2024,9,Saturday,1,1,1,Barangka Ibaba,Pasig River,6.1,72.2,0.41,0.895,38404,21,9.9,19.9,148.3,28.5,78.7,20.9,0.77,205.4,7.8,Medium
FLD-003510,2024-08-18,2024,8,Sunday,1,1,0,Barangka Drive,Pasig River,8.6,234.0,0.482,0.854,31747,16,13.8,140.0,188.8,28.2,71.7,6.8,1.12,94.2,11.2,Medium
FLD-003511,2025-03-18,2025,3,Tuesday,0,0,0,Highway Hills,Maytunas Creek,30.4,878.1,0.676,0.744,42968,7,4.9,56.2,122.4,31.1,64.4,5.8,1.3,1.4,8.4,Low
FLD-003512,2024-01-06,2024,1,Saturday,1,0,0,Daang Bakal,Maytunas Creek,12.6,354.4,0.598,0.816,33673,14,67.5,86.7,93.2,31.2,74.4,13.0,1.65,169.4,3.7,Medium
FLD-003513,2025-05-26,2025,5,Monday,0,1,3,Burol,Drainage,19.9,699.7,0.654,0.647,19477,11,93.7,174.6,235.6,27.8,77.1,24.5,0.97,18.2,8.1,Low
FLD-003514,2023-06-24,2023,6,Saturday,1,1,1,Harapin ang Bukas,Drainage,14.9,571.3,0.602,0.782,19906,15,19.9,150.7,229.5,28.8,75.0,17.4,0.98,2.8,5.5,Low
FLD-003515,2024-05-18,2024,5,Saturday,1,1,1,Barangka Drive,Pasig River,8.5,225.5,0.506,0.836,32808,19,49.5,89.2,148.3,30.3,79.9,13.4,1.19,199.4,4.6,High
FLD-003516,2025-10-10,2025,10,Friday,0,1,0,Old Zañiga,Buhangin Creek,6.3,167.3,0.564,0.78,35716,22,8.5,57.2,138.6,26.9,82.8,3.8,1.54,76.7,5.7,Medium
FLD-003517,2025-09-17,2025,9,Wednesday,0,1,0,Hulo,Pasig River,5.4,103.2,0.373,0.835,38842,24,19.3,33.1,57.0,30.8,76.3,1.4,1.77,115.7,4.3,Medium
FLD-003518,2023-06-09,2023,6,Friday,0,1,0,Daang Bakal,Maytunas Creek,12.2,449.1,0.577,0.766,34830,17,42.9,61.0,147.5,28.3,71.6,4.2,1.41,185.5,9.4,Medium
FLD-003519,2023-08-12,2023,8,Saturday,1,1,1,Bagong Silang,Drainage,17.0,606.9,0.63,0.746,27967,12,37.3,66.1,69.8,31.3,78.6,15.0,0.98,60.0,3.3,Medium
FLD-003520,2023-06-18,2023,6,Sunday,1,1,0,Bagong Silang,Drainage,16.2,586.4,0.633,0.722,23808,14,15.4,65.3,162.6,31.1,75.6,12.0,0.7,82.9,6.3,Low
FLD-003521,2025-05-13,2025,5,Tuesday,0,1,2,Wack-Wack Greenhills East,Drainage,28.5,1162.0,0.812,0.657,17242,7,67.5,139.3,244.3,30.4,76.8,18.9,1.12,195.8,13.8,Medium
FLD-003522,2021-08-09,2021,8,Monday,0,1,0,Wack-Wack Greenhills East,Drainage,28.4,1182.8,0.818,0.66,23467,4,18.4,171.8,516.5,29.4,68.5,3.9,0.9,100.8,9.2,Medium
FLD-003523,2022-06-15,2022,6,Wednesday,0,1,0,Hagdan Bato Libis,Drainage,15.3,513.7,0.637,0.746,27446,18,18.4,63.3,381.8,28.8,73.0,1.2,1.11,129.0,6.7,Medium
FLD-003524,2023-07-01,2023,7,Saturday,1,1,0,Hagdan Bato Libis,Drainage,15.7,521.4,0.581,0.726,27832,17,7.6,35.0,55.1,29.9,80.0,16.8,1.33,128.8,4.2,Medium
FLD-003525,2021-08-28,2021,8,Saturday,1,1,0,Hagdan Bato Libis,Drainage,16.6,521.9,0.686,0.766,29967,11,64.7,112.2,231.7,28.5,68.1,5.6,1.61,208.1,9.1,High
FLD-003526,2024-06-24,2024,6,Monday,0,1,1,New Zañiga,Buhangin Creek,7.2,122.5,0.474,0.763,35396,24,52.7,74.3,319.7,29.0,79.7,20.7,0.9,150.9,4.2,Medium
FLD-003527,2026-05-24,2026,5,Sunday,1,1,0,Barangka Drive,Pasig River,8.9,214.8,0.455,0.794,34758,20,148.1,325.7,364.4,25.6,93.8,8.5,0.99,318.4,15.3,High
FLD-003528,2021-06-16,2021,6,Wednesday,0,1,0,Old Zañiga,Buhangin Creek,6.1,130.2,0.569,0.791,32908,17,30.8,185.7,243.7,27.5,88.7,8.0,0.91,6.3,5.7,Low
FLD-003529,2023-08-28,2023,8,Monday,0,1,1,San Jose,Drainage,20.9,690.5,0.643,0.704,22825,10,144.0,149.6,190.3,24.9,82.4,20.9,1.17,302.8,10.7,High
FLD-003530,2023-12-17,2023,12,Sunday,1,0,0,Addition Hills,Maytunas Creek,25.4,998.3,0.722,0.725,41065,12,4.2,22.9,73.6,31.1,66.1,16.0,1.1,0.5,2.2,Low
FLD-003531,2022-11-18,2022,11,Friday,0,1,0,Buayang Bato,Buayang Bato Creek,15.9,338.3,0.6,0.786,31610,16,64.6,154.2,319.7,30.7,81.5,11.2,1.02,144.9,10.5,High
FLD-003532,2024-11-27,2024,11,Wednesday,0,1,3,Buayang Bato,Buayang Bato Creek,15.5,323.0,0.548,0.792,34498,21,131.0,133.3,225.1,27.0,84.9,40.1,0.64,311.3,8.0,High
FLD-003533,2023-10-21,2023,10,Saturday,1,1,0,Addition Hills,Maytunas Creek,26.4,995.1,0.687,0.728,46616,12,117.3,210.1,295.9,25.0,85.9,8.5,0.7,141.5,10.5,High
FLD-003534,2022-10-08,2022,10,Saturday,1,1,0,Barangka Ilaya,Pasig River,6.9,157.6,0.525,0.802,38295,19,8.7,70.1,119.7,29.8,70.7,7.3,0.97,168.0,4.0,Medium
FLD-003535,2022-08-07,2022,8,Sunday,1,1,0,Wack-Wack Greenhills East,Drainage,28.3,1237.8,0.797,0.648,20017,9,80.1,255.8,275.4,27.7,64.1,13.3,1.52,94.0,8.5,High
FLD-003536,2024-12-25,2024,12,Wednesday,0,0,1,New Zañiga,Buhangin Creek,7.4,144.0,0.48,0.78,37219,19,94.1,169.9,305.7,29.6,76.6,20.3,1.34,312.4,14.1,High
FLD-003537,2023-09-17,2023,9,Sunday,1,1,3,Hagdan Bato Itaas,Drainage,22.5,752.6,0.719,0.684,29644,7,91.7,130.8,269.8,25.8,81.6,39.3,1.19,271.0,12.6,High
FLD-003538,2024-11-08,2024,11,Friday,0,1,0,Barangka Itaas,Pasig River,9.2,249.7,0.501,0.824,32533,16,19.8,51.3,290.9,30.8,64.1,18.4,1.22,69.5,5.4,High
FLD-003539,2024-10-09,2024,10,Wednesday,0,1,0,Mabini-J. Rizal,Maytunas Creek,15.1,452.2,0.654,0.667,30290,11,48.9,68.1,125.8,30.2,78.4,3.7,1.58,121.5,8.6,Low
FLD-003540,2023-05-24,2023,5,Wednesday,0,1,0,Harapin ang Bukas,Drainage,17.2,544.9,0.665,0.721,22654,16,78.1,120.7,201.9,28.5,84.2,0.0,1.17,198.5,9.7,High
FLD-003541,2021-06-15,2021,6,Tuesday,0,1,1,Highway Hills,Maytunas Creek,30.2,898.3,0.69,0.774,47681,5,79.3,226.9,290.7,28.2,86.8,12.7,1.82,187.8,14.6,High
FLD-003542,2025-08-07,2025,8,Thursday,0,1,0,Harapin ang Bukas,Drainage,17.4,527.0,0.55,0.743,25897,10,2.5,41.6,156.3,28.3,72.5,12.4,1.27,3.8,8.3,Low
FLD-003543,2024-10-14,2024,10,Monday,0,1,0,Barangka Ilaya,Pasig River,8.8,153.9,0.487,0.818,41216,19,17.4,87.7,126.5,30.0,83.0,10.5,0.69,76.8,6.8,High
FLD-003544,2025-08-04,2025,8,Monday,0,1,1,Mabini-J. Rizal,Maytunas Creek,15.2,471.0,0.6,0.691,31333,7,32.6,49.5,166.8,27.3,80.8,25.0,1.24,14.0,1.4,Low
FLD-003545,2024-05-14,2024,5,Tuesday,0,1,0,Bagong Silang,Drainage,17.9,636.7,0.646,0.712,30760,16,21.9,38.3,212.9,28.7,76.5,1.0,1.23,111.8,5.8,Medium
FLD-003546,2023-06-08,2023,6,Thursday,0,1,1,Addition Hills,Maytunas Creek,24.9,1041.4,0.655,0.711,46702,10,63.5,113.5,202.1,30.6,89.8,12.4,1.73,112.2,9.2,Medium
FLD-003547,2021-09-21,2021,9,Tuesday,0,1,0,Pag-Asa,Drainage,19.8,638.2,0.617,0.7,18598,15,13.7,71.3,166.2,29.2,78.2,3.0,1.36,1.3,3.2,Low
FLD-003548,2021-03-12,2021,3,Friday,0,0,0,Hulo,Pasig River,4.9,55.3,0.439,0.923,39642,14,3.9,36.6,82.2,31.6,63.8,4.8,1.17,157.1,5.2,Medium
FLD-003549,2021-11-10,2021,11,Wednesday,0,1,2,Daang Bakal,Maytunas Creek,12.0,341.1,0.575,0.818,32517,22,130.8,147.7,323.8,24.5,89.6,22.2,1.16,315.6,11.1,High
FLD-003550,2025-02-11,2025,2,Tuesday,0,0,0,Hagdan Bato Libis,Drainage,15.8,496.7,0.609,0.73,30063,18,22.0,79.0,125.2,31.4,69.6,0.3,1.03,131.0,6.5,Low
FLD-003551,2021-06-29,2021,6,Tuesday,0,1,0,San Jose,Drainage,20.8,714.3,0.695,0.719,25787,9,40.5,70.4,191.9,28.8,81.4,6.5,1.39,126.0,5.3,Medium
FLD-003552,2023-02-17,2023,2,Friday,0,0,0,Hagdan Bato Libis,Drainage,15.0,483.2,0.597,0.762,30528,16,0.6,8.6,78.2,28.2,60.8,2.9,1.37,18.3,2.8,Low
FLD-003553,2025-11-09,2025,11,Sunday,1,1,0,Hulo,Pasig River,5.5,118.0,0.45,0.842,37706,24,32.5,92.2,249.2,29.4,81.3,7.5,1.49,200.9,8.1,High
FLD-003554,2022-06-07,2022,6,Tuesday,0,1,0,Malamig,Tributary,20.6,551.4,0.669,0.703,32520,13,3.5,83.2,165.6,30.4,79.9,4.7,1.8,13.5,7.4,Low
FLD-003555,2026-06-17,2026,6,Wednesday,0,1,0,Malamig,Tributary,21.0,592.7,0.706,0.701,26584,13,1.4,117.6,271.9,30.4,66.8,9.2,1.11,5.6,8.0,Low
FLD-003556,2021-03-28,2021,3,Sunday,1,0,0,Hagdan Bato Libis,Drainage,17.2,494.9,0.649,0.708,30159,12,1.5,61.7,119.1,34.6,71.1,5.5,0.53,68.4,5.5,Medium
FLD-003557,2022-03-21,2022,3,Monday,0,0,0,Barangka Drive,Pasig River,8.7,204.8,0.505,0.861,35502,14,8.9,45.5,61.8,32.7,66.1,3.3,1.39,78.9,3.5,Medium
FLD-003558,2024-02-21,2024,2,Wednesday,0,0,1,Vergara,Drainage,24.8,821.8,0.636,0.686,22162,8,22.7,25.3,78.7,32.2,57.5,7.7,0.93,12.0,4.4,Low
FLD-003559,2024-02-29,2024,2,Thursday,0,0,1,San Jose,Drainage,23.0,712.1,0.685,0.675,25682,3,44.4,79.6,84.4,32.8,66.1,14.1,1.14,157.8,5.5,Medium
FLD-003560,2025-07-20,2025,7,Sunday,1,1,0,Barangka Ilaya,Pasig River,8.2,161.1,0.519,0.804,35374,23,36.4,67.6,323.4,31.6,74.1,1.9,1.86,132.7,6.8,High
FLD-003561,2025-05-14,2025,5,Wednesday,0,1,0,Highway Hills,Maytunas Creek,31.2,875.7,0.733,0.789,42222,15,0.8,33.0,293.5,30.2,61.2,18.8,1.21,37.3,4.0,Low
FLD-003562,2025-04-12,2025,4,Saturday,1,0,0,Bagong Silang,Drainage,17.9,591.2,0.595,0.672,26917,13,9.6,59.2,107.0,30.2,78.2,6.9,1.25,19.8,4.6,Low
FLD-003563,2025-01-27,2025,1,Monday,0,0,0,Highway Hills,Maytunas Creek,31.5,895.2,0.653,0.762,42969,7,31.5,74.2,94.2,31.0,71.0,1.7,1.35,2.0,2.5,Low
FLD-003564,2023-10-15,2023,10,Sunday,1,1,0,Harapin ang Bukas,Drainage,16.9,525.2,0.557,0.776,19163,17,2.3,52.5,112.5,33.0,77.7,3.1,1.2,145.7,8.2,Low
FLD-003565,2025-12-28,2025,12,Sunday,1,0,0,Namayan,Pasig River,9.0,180.7,0.492,0.801,36697,19,11.1,30.7,96.1,31.1,54.9,23.7,0.65,141.8,4.6,Low
FLD-003566,2026-05-30,2026,5,Saturday,1,1,0,Mabini-J. Rizal,Maytunas Creek,15.9,467.2,0.601,0.757,30083,13,4.7,46.8,198.0,25.9,66.7,3.9,1.28,124.2,5.5,Low
FLD-003567,2026-01-22,2026,1,Thursday,0,0,1,Hulo,Pasig River,5.1,121.5,0.4,0.837,37946,22,59.8,98.7,177.2,31.7,79.3,9.1,1.21,129.9,7.5,High
FLD-003568,2025-02-04,2025,2,Tuesday,0,0,2,Pag-Asa,Drainage,21.7,632.7,0.603,0.734,23560,19,223.7,231.5,283.6,26.8,87.3,20.1,1.41,387.4,15.8,High
FLD-003569,2022-11-22,2022,11,Tuesday,0,1,1,New Zañiga,Buhangin Creek,7.7,137.9,0.533,0.771,39791,16,75.0,118.0,325.1,28.3,73.8,22.6,1.42,258.2,9.7,High
FLD-003570,2026-03-11,2026,3,Wednesday,0,0,0,Malamig,Tributary,19.5,610.7,0.695,0.717,28509,15,27.8,35.4,55.6,32.3,71.1,7.4,1.05,43.3,3.6,Medium
FLD-003571,2022-07-25,2022,7,Monday,0,1,0,Wack-Wack Greenhills East,Drainage,28.0,1176.2,0.873,0.65,16966,2,5.9,125.5,217.8,28.6,70.4,3.6,0.75,0,3.1,Low
FLD-003572,2026-01-03,2026,1,Saturday,1,0,2,Mabini-J. Rizal,Maytunas Creek,14.6,447.3,0.637,0.736,31541,13,27.8,43.3,141.7,29.4,67.4,53.8,0.67,138.3,5.9,Medium
FLD-003573,2024-11-12,2024,11,Tuesday,0,1,0,Daang Bakal,Maytunas Creek,11.9,358.3,0.517,0.804,33373,14,10.9,82.3,194.1,32.5,75.6,4.6,1.34,70.1,6.4,Medium
FLD-003574,2022-01-23,2022,1,Sunday,1,0,0,Plainview,Estero,17.7,465.4,0.666,0.741,31007,16,17.9,123.3,204.4,32.5,75.6,5.8,1.76,16.1,7.9,Medium
FLD-003575,2023-02-05,2023,2,Sunday,1,0,1,Barangka Drive,Pasig River,9.1,237.0,0.541,0.796,37353,17,33.4,71.3,192.0,28.7,73.9,9.0,1.36,106.2,8.6,Medium
FLD-003576,2026-06-11,2026,6,Thursday,0,1,0,Addition Hills,Maytunas Creek,25.4,1022.4,0.668,0.732,46013,10,2.3,67.5,141.0,29.2,67.7,2.1,1.5,36.8,3.8,Medium
FLD-003577,2022-05-22,2022,5,Sunday,1,1,1,New Zañiga,Buhangin Creek,7.0,143.7,0.523,0.759,34422,20,47.8,126.2,147.5,31.0,87.1,10.3,1.06,148.4,7.6,High
FLD-003578,2025-07-28,2025,7,Monday,0,1,0,Barangka Ibaba,Pasig River,7.0,70.5,0.39,0.846,38387,18,10.2,38.3,261.4,28.6,77.6,6.1,2.23,123.9,5.9,Medium
FLD-003579,2025-12-16,2025,12,Tuesday,0,0,0,Addition Hills,Maytunas Creek,25.3,1000.8,0.682,0.76,45021,12,1.5,34.2,131.6,31.3,63.9,1.9,0.91,67.6,4.8,Low
FLD-003580,2021-04-25,2021,4,Sunday,1,0,1,Hagdan Bato Libis,Drainage,16.1,489.8,0.563,0.751,28555,15,58.5,71.6,230.1,29.8,69.0,29.9,1.64,12.8,6.8,Low
FLD-003581,2025-11-12,2025,11,Wednesday,0,1,0,Harapin ang Bukas,Drainage,14.9,535.3,0.599,0.754,21266,14,2.7,103.9,249.7,28.9,71.3,3.4,0.91,131.5,7.7,Medium
FLD-003582,2023-10-22,2023,10,Sunday,1,1,0,Hagdan Bato Libis,Drainage,16.4,524.0,0.597,0.721,28634,14,2.9,43.6,125.5,30.7,70.1,18.1,0.91,9.5,5.2,Low
FLD-003583,2024-06-12,2024,6,Wednesday,0,1,1,Burol,Drainage,21.1,696.7,0.68,0.67,23941,13,45.8,141.1,224.0,31.3,81.2,15.3,1.95,95.1,8.1,High
FLD-003584,2021-11-25,2021,11,Thursday,0,1,0,Barangka Ibaba,Pasig River,6.4,101.6,0.424,0.877,41538,24,39.5,89.6,136.9,28.1,74.7,35.3,0.86,107.0,9.1,Medium
FLD-003585,2026-03-20,2026,3,Friday,0,0,1,San Jose,Drainage,24.0,714.7,0.706,0.693,28906,8,15.1,35.9,81.2,32.1,76.3,16.1,0.72,16.6,4.8,Low
FLD-003586,2021-01-15,2021,1,Friday,0,0,0,Pleasant Hills,Ermitaño Creek,24.7,1028.1,0.682,0.687,26434,9,191.3,285.8,354.5,27.7,91.0,6.1,1.18,239.1,15.8,High
FLD-003587,2022-01-25,2022,1,Tuesday,0,0,1,Vergara,Drainage,24.2,831.4,0.691,0.649,25956,8,122.0,207.2,296.2,26.5,71.5,4.4,1.09,221.7,8.7,High
FLD-003588,2022-01-02,2022,1,Sunday,1,0,0,Poblacion,Buhangin Creek,6.5,106.3,0.45,0.796,43746,24,4.0,138.1,215.7,32.0,59.8,15.5,1.18,145.2,9.9,Medium
FLD-003589,2021-11-30,2021,11,Tuesday,0,1,1,Wack-Wack Greenhills East,Drainage,28.1,1246.8,0.848,0.622,17867,8,55.9,263.2,462.8,28.7,81.5,16.7,1.11,113.2,10.7,High
FLD-003590,2025-10-11,2025,10,Saturday,1,1,0,Barangka Drive,Pasig River,8.0,241.0,0.497,0.823,36326,15,15.1,76.9,235.7,27.8,70.5,0,0.86,77.3,6.6,Medium
FLD-003591,2025-09-17,2025,9,Wednesday,0,1,1,Hagdan Bato Libis,Drainage,15.6,534.8,0.596,0.748,28994,16,28.1,100.4,170.4,29.4,78.9,19.1,1.5,195.5,3.6,High
FLD-003592,2021-03-12,2021,3,Friday,0,0,0,Highway Hills,Maytunas Creek,29.3,895.9,0.741,0.802,45099,8,31.7,85.6,130.2,31.1,76.8,42.7,1.24,50.2,8.6,Low
FLD-003593,2021-01-09,2021,1,Saturday,1,0,0,Plainview,Estero,18.4,517.4,0.678,0.757,29962,15,16.7,113.7,151.6,28.4,62.5,2.3,1.23,140.9,9.1,Medium
FLD-003594,2021-11-14,2021,11,Sunday,1,1,0,Hulo,Pasig River,7.5,140.0,0.452,0.861,38113,23,46.8,185.8,340.8,29.8,73.7,13.4,1.11,188.6,8.9,High
FLD-003595,2023-09-25,2023,9,Monday,0,1,1,Pag-Asa,Drainage,21.1,642.7,0.606,0.755,25791,17,95.5,301.3,384.2,28.7,83.0,7.9,1.57,238.8,16.8,High
FLD-003596,2022-01-04,2022,1,Tuesday,0,0,0,New Zañiga,Buhangin Creek,6.8,147.5,0.488,0.791,37587,25,27.2,69.0,98.1,30.3,59.9,13.6,0.79,162.8,8.4,Medium
FLD-003597,2024-07-05,2024,7,Friday,0,1,0,Poblacion,Buhangin Creek,6.2,95.1,0.517,0.817,42440,20,4.8,53.2,162.9,27.8,78.8,12.1,0.81,87.4,3.4,High
FLD-003598,2022-01-01,2022,1,Saturday,1,0,0,San Jose,Drainage,21.3,689.7,0.684,0.634,28766,9,6.4,53.4,160.2,28.1,67.3,3.9,1.12,0,2.1,Low
FLD-003599,2026-02-20,2026,2,Friday,0,0,2,Vergara,Drainage,23.5,763.5,0.729,0.661,23010,6,69.7,94.2,144.3,33.7,70.7,21.6,1.02,113.1,9.2,Medium
FLD-003600,2022-03-16,2022,3,Wednesday,0,0,1,Namayan,Pasig River,7.0,170.3,0.486,0.805,34248,17,123.2,168.2,185.9,29.5,77.2,11.2,0.84,277.0,15.5,High
FLD-003601,2021-05-07,2021,5,Friday,0,1,0,Barangka Ilaya,Pasig River,7.7,163.2,0.456,0.806,36566,20,13.3,92.4,305.8,29.3,72.9,6.1,1.52,78.2,8.0,Medium
FLD-003602,2023-05-01,2023,5,Monday,0,1,0,Wack-Wack Greenhills East,Drainage,28.9,1190.5,0.791,0.652,20509,1,0.8,165.7,247.6,29.3,74.7,16.7,1.17,0.0,7.6,Low
FLD-003603,2022-08-25,2022,8,Thursday,0,1,1,Highway Hills,Maytunas Creek,30.1,929.0,0.712,0.828,41789,6,230.0,241.6,290.4,23.7,100,4.7,1.62,383.9,14.8,High
FLD-003604,2021-08-09,2021,8,Monday,0,1,0,Addition Hills,Maytunas Creek,24.9,999.4,0.66,0.726,46165,12,1.9,79.7,219.9,30.3,77.3,0.8,1.35,20.8,6.2,Medium
FLD-003605,2024-11-16,2024,11,Saturday,1,1,0,Mabini-J. Rizal,Maytunas Creek,15.3,439.5,0.6,0.753,27267,6,44.2,81.0,300.1,31.8,69.0,1.8,0.71,148.5,2.4,High
FLD-003606,2024-03-18,2024,3,Monday,0,0,0,Harapin ang Bukas,Drainage,16.1,545.8,0.557,0.749,23795,9,4.5,59.1,154.2,31.9,61.4,5.1,1.31,92.7,0.5,Medium
FLD-003607,2024-06-28,2024,6,Friday,0,1,2,Hulo,Pasig River,4.5,107.2,0.463,0.845,41013,18,27.5,234.1,440.7,30.5,75.2,26.2,1.45,210.9,13.3,High
FLD-003608,2021-04-07,2021,4,Wednesday,0,0,0,Bagong Silang,Drainage,18.5,563.7,0.638,0.707,25712,12,0.4,18.1,215.0,32.4,72.7,14.2,1.28,8.6,2.8,Low
FLD-003609,2025-10-03,2025,10,Friday,0,1,0,New Zañiga,Buhangin Creek,5.8,152.4,0.544,0.828,32574,17,9.6,29.4,64.3,30.9,75.8,1.1,1.17,41.4,6.6,High
FLD-003610,2025-01-17,2025,1,Friday,0,0,0,Pleasant Hills,Ermitaño Creek,25.3,1002.8,0.672,0.709,26756,4,38.2,128.8,151.0,30.7,71.2,1.3,0.63,57.9,6.9,Low
FLD-003611,2025-11-10,2025,11,Monday,0,1,0,Mabini-J. Rizal,Maytunas Creek,14.3,490.0,0.622,0.73,28574,16,11.6,209.0,325.2,29.3,71.6,14.4,0.55,55.0,10.5,Medium
FLD-003612,2023-04-06,2023,4,Thursday,0,0,0,Namayan,Pasig River,8.4,175.1,0.463,0.829,32395,20,17.0,74.2,127.8,31.8,76.4,3.9,0.58,76.1,2.9,Medium
FLD-003613,2022-03-20,2022,3,Sunday,1,0,0,Barangka Ilaya,Pasig River,8.2,138.4,0.498,0.834,36113,17,87.3,97.3,117.5,29.7,74.0,6.5,0.93,153.2,6.2,High
FLD-003614,2024-05-01,2024,5,Wednesday,0,1,2,Namayan,Pasig River,7.0,140.5,0.494,0.822,32756,19,43.5,302.4,323.8,29.2,78.6,46.1,1.07,188.9,15.5,High
FLD-003615,2023-11-03,2023,11,Friday,0,1,0,Barangka Ibaba,Pasig River,6.7,106.8,0.393,0.893,41576,25,1.0,56.8,312.6,30.0,77.7,14.4,1.12,99.6,5.9,High
FLD-003616,2025-10-31,2025,10,Friday,0,1,1,Hagdan Bato Itaas,Drainage,21.2,749.7,0.734,0.647,26386,9,9.1,59.5,175.9,28.0,88.5,11.8,1.22,10.9,6.2,Low
FLD-003617,2021-10-03,2021,10,Sunday,1,1,0,Highway Hills,Maytunas Creek,30.3,862.5,0.753,0.787,43462,7,16.8,61.6,161.4,28.2,77.0,16.4,1.3,79.5,4.7,Medium
FLD-003618,2024-09-11,2024,9,Wednesday,0,1,0,Harapin ang Bukas,Drainage,17.3,527.8,0.52,0.781,25692,20,5.2,69.4,147.3,31.2,82.9,16.8,1.75,146.8,5.9,High
FLD-003619,2021-03-02,2021,3,Tuesday,0,0,1,Daang Bakal,Maytunas Creek,9.8,368.9,0.61,0.713,33999,18,75.9,162.3,430.2,27.1,75.1,25.5,1.35,197.4,9.1,High
FLD-003620,2023-09-02,2023,9,Saturday,1,1,0,San Jose,Drainage,22.0,660.9,0.634,0.722,27716,12,75.6,131.3,249.7,25.9,84.5,9.5,0.95,233.9,9.6,High
FLD-003621,2022-06-05,2022,6,Sunday,1,1,0,Harapin ang Bukas,Drainage,15.7,524.3,0.558,0.804,22898,13,4.3,145.0,215.7,30.7,76.4,13.4,1.38,7.6,7.0,Low
FLD-003622,2024-06-23,2024,6,Sunday,1,1,0,Poblacion,Buhangin Creek,6.4,83.4,0.425,0.841,44551,23,1.6,59.4,333.0,27.1,82.3,3.2,0.94,134.1,6.6,Medium
FLD-003623,2022-12-27,2022,12,Tuesday,0,0,2,Hagdan Bato Itaas,Drainage,21.6,779.5,0.703,0.662,28058,14,198.3,245.9,350.0,29.4,90.7,27.2,1.0,370.4,14.4,High
FLD-003624,2025-06-19,2025,6,Thursday,0,1,0,Wack-Wack Greenhills East,Drainage,27.4,1170.1,0.807,0.618,20276,6,8.2,66.6,156.2,30.4,80.7,10.8,1.07,0.0,6.3,Low
FLD-003625,2021-06-12,2021,6,Saturday,1,1,0,Old Zañiga,Buhangin Creek,6.7,143.0,0.5,0.835,33825,18,5.8,285.8,315.5,29.6,71.7,4.4,1.05,150.8,14.5,High
FLD-003626,2023-12-18,2023,12,Monday,0,0,0,Hagdan Bato Libis,Drainage,15.3,483.5,0.589,0.748,28425,11,0.9,43.2,126.7,31.3,63.8,7.7,1.09,11.7,5.7,Low
FLD-003627,2023-07-17,2023,7,Monday,0,1,1,Old Zañiga,Buhangin Creek,5.5,149.6,0.5,0.741,37425,17,56.2,92.3,241.2,28.1,80.4,28.9,1.08,165.4,8.2,High
FLD-003628,2025-11-19,2025,11,Wednesday,0,1,0,Hagdan Bato Libis,Drainage,16.5,485.0,0.601,0.728,30612,20,43.8,55.4,165.0,30.4,72.7,9.0,1.13,0.4,4.4,Low
FLD-003629,2024-06-02,2024,6,Sunday,1,1,0,New Zañiga,Buhangin Creek,5.8,178.9,0.562,0.807,34628,17,3.1,107.2,145.2,30.8,87.2,6.8,1.73,1.3,6.5,Low
FLD-003630,2021-04-07,2021,4,Wednesday,0,0,1,Barangka Itaas,Pasig River,10.0,232.9,0.477,0.844,36674,16,6.7,14.6,49.0,28.9,72.2,14.0,0.25,145.0,6.1,Low
FLD-003631,2023-12-03,2023,12,Sunday,1,0,0,Old Zañiga,Buhangin Creek,7.6,152.1,0.484,0.873,36450,15,3.3,162.3,303.6,31.7,73.0,9.6,0.64,122.3,7.9,Medium
FLD-003632,2024-12-12,2024,12,Thursday,0,0,0,Barangka Ibaba,Pasig River,7.7,103.6,0.435,0.843,37832,20,19.5,79.4,157.1,28.9,68.9,1.5,0.91,123.2,6.4,Medium
FLD-003633,2022-04-08,2022,4,Friday,0,0,0,Barangka Ibaba,Pasig River,7.0,77.3,0.491,0.879,41183,17,4.7,39.5,199.5,32.6,64.9,9.2,0.79,133.0,6.6,Medium
FLD-003634,2021-02-27,2021,2,Saturday,1,0,1,Mauway,Maytunas Creek,22.5,807.9,0.674,0.742,38805,9,59.9,142.3,177.1,30.3,82.1,35.9,1.31,178.2,9.4,Medium
FLD-003635,2023-11-16,2023,11,Thursday,0,1,0,Old Zañiga,Buhangin Creek,5.8,141.2,0.512,0.826,32667,16,3.4,132.0,144.5,30.0,73.7,11.5,1.17,134.7,8.3,High
FLD-003636,2026-06-30,2026,6,Tuesday,0,1,1,Pag-Asa,Drainage,19.1,684.2,0.596,0.679,22356,14,24.3,141.8,282.6,30.0,79.4,9.3,1.26,92.1,9.5,Medium
FLD-003637,2025-05-07,2025,5,Wednesday,0,1,0,Mabini-J. Rizal,Maytunas Creek,15.2,444.0,0.637,0.767,30055,14,0.7,28.0,125.8,28.3,75.6,5.1,1.07,0.3,3.9,Low
FLD-003638,2026-04-26,2026,4,Sunday,1,0,0,Hagdan Bato Itaas,Drainage,22.5,775.5,0.709,0.685,28176,10,7.1,63.0,95.8,32.4,74.3,6.8,0.9,2.5,2.6,Low
FLD-003639,2021-01-24,2021,1,Sunday,1,0,1,Daang Bakal,Maytunas Creek,11.7,352.7,0.557,0.737,33722,17,166.5,172.8,179.9,26.5,76.5,13.1,1.35,350.5,12.6,High
FLD-003640,2026-05-12,2026,5,Tuesday,0,1,0,Poblacion,Buhangin Creek,6.2,96.5,0.437,0.909,38179,21,41.5,78.5,277.9,28.7,75.3,27.1,1.26,131.2,8.1,Medium
FLD-003641,2023-07-11,2023,7,Tuesday,0,1,0,Hagdan Bato Itaas,Drainage,21.9,736.5,0.656,0.703,25937,14,26.5,78.0,272.0,27.8,79.6,0.3,1.4,4.5,4.3,Low
FLD-003642,2023-06-09,2023,6,Friday,0,1,2,Barangka Ibaba,Pasig River,7.1,73.2,0.451,0.901,41568,22,95.2,199.0,402.0,27.0,82.0,22.3,1.42,257.5,12.8,High
FLD-003643,2024-03-30,2024,3,Saturday,1,0,0,Malamig,Tributary,18.6,619.6,0.574,0.711,30346,11,2.7,10.4,80.0,30.7,67.5,9.8,1.02,8.0,3.5,Low
FLD-003644,2024-06-03,2024,6,Monday,0,1,1,Daang Bakal,Maytunas Creek,10.8,331.6,0.609,0.782,31208,16,22.1,189.4,272.6,30.4,68.2,16.4,1.13,151.0,10.6,Medium
FLD-003645,2023-09-24,2023,9,Sunday,1,1,0,Highway Hills,Maytunas Creek,30.1,922.1,0.742,0.764,43591,4,3.8,78.8,221.3,30.1,77.6,16.4,0.74,3.1,3.6,Low
FLD-003646,2026-03-07,2026,3,Saturday,1,0,0,Hagdan Bato Libis,Drainage,16.2,472.3,0.587,0.7,32573,18,30.1,88.5,139.5,30.6,71.6,15.9,1.72,7.0,5.1,Low
FLD-003647,2025-11-14,2025,11,Friday,0,1,1,Harapin ang Bukas,Drainage,16.4,569.2,0.619,0.772,20876,13,91.1,108.0,246.3,24.1,87.1,12.9,1.0,223.3,5.4,Medium
FLD-003648,2022-01-30,2022,1,Sunday,1,0,0,Barangka Drive,Pasig River,8.6,211.9,0.509,0.811,36749,16,66.9,100.6,137.5,32.1,76.6,11.7,0.94,146.7,10.1,High
FLD-003649,2024-01-13,2024,1,Saturday,1,0,0,San Jose,Drainage,22.0,669.6,0.696,0.705,28832,12,28.7,86.8,167.5,27.6,76.1,15.0,1.19,65.1,7.4,Medium
FLD-003650,2024-08-31,2024,8,Saturday,1,1,0,Barangka Ilaya,Pasig River,8.3,144.7,0.427,0.83,33443,16,23.3,75.2,200.8,30.1,79.2,16.8,1.33,163.5,10.4,Medium
FLD-003651,2021-10-21,2021,10,Thursday,0,1,0,San Jose,Drainage,23.2,684.0,0.648,0.652,28364,13,0.8,9.6,28.5,31.7,74.4,24.9,1.31,0.6,5.0,Low
FLD-003652,2021-02-02,2021,2,Tuesday,0,0,0,Highway Hills,Maytunas Creek,30.9,890.3,0.781,0.751,42859,3,37.6,48.6,55.4,33.3,72.9,0.7,0.58,28.1,6.6,Medium
FLD-003653,2024-11-02,2024,11,Saturday,1,1,1,Addition Hills,Maytunas Creek,25.4,996.3,0.716,0.734,49573,11,46.6,184.2,316.2,29.2,81.4,17.5,1.02,107.9,9.2,Low
FLD-003654,2021-08-23,2021,8,Monday,0,1,0,Wack-Wack Greenhills East,Drainage,28.7,1185.8,0.853,0.612,17726,3,5.5,139.6,358.8,27.1,58.5,4.6,1.01,29.8,6.2,Medium
FLD-003655,2025-06-01,2025,6,Sunday,1,1,1,Pag-Asa,Drainage,19.8,624.3,0.722,0.728,25145,11,84.7,111.4,318.7,29.2,75.7,11.3,1.39,146.3,8.3,High
FLD-003656,2024-05-09,2024,5,Thursday,0,1,0,Daang Bakal,Maytunas Creek,11.1,345.4,0.606,0.711,31901,12,61.0,178.9,225.2,28.0,88.0,1.1,1.14,157.3,8.0,Medium
FLD-003657,2022-01-20,2022,1,Thursday,0,0,0,San Jose,Drainage,22.2,721.9,0.756,0.651,31179,8,8.8,49.4,160.2,31.3,63.5,6.3,0.8,10.9,1.7,Low
FLD-003658,2025-06-05,2025,6,Thursday,0,1,0,Pleasant Hills,Ermitaño Creek,26.6,999.9,0.692,0.714,25867,9,43.2,144.9,201.3,29.3,70.4,15.6,1.13,3.6,9.9,Low
FLD-003659,2021-08-23,2021,8,Monday,0,1,0,Hagdan Bato Itaas,Drainage,22.0,750.7,0.673,0.708,28063,14,4.5,69.6,144.1,28.9,80.4,6.1,0.92,14.6,1.0,Low
FLD-003660,2022-07-18,2022,7,Monday,0,1,0,Harapin ang Bukas,Drainage,15.9,550.0,0.534,0.766,22054,16,8.1,40.8,251.6,31.2,72.6,12.8,1.23,113.6,3.2,Medium
FLD-003661,2024-05-10,2024,5,Friday,0,1,0,Vergara,Drainage,24.8,849.6,0.71,0.673,26566,10,68.6,136.4,178.7,30.1,78.6,3.2,0.86,134.4,6.9,Medium
FLD-003662,2022-09-17,2022,9,Saturday,1,1,0,Wack-Wack Greenhills East,Drainage,27.8,1218.4,0.887,0.661,21048,5,27.1,71.0,195.9,29.1,82.8,8.5,0.98,0.1,0.5,Low
FLD-003663,2025-04-14,2025,4,Monday,0,0,2,Buayang Bato,Buayang Bato Creek,13.9,244.6,0.556,0.727,32136,17,122.1,155.8,245.4,28.9,78.1,29.3,1.17,260.7,10.3,High
FLD-003664,2021-02-18,2021,2,Thursday,0,0,0,San Jose,Drainage,22.7,693.2,0.695,0.655,23821,15,27.3,111.5,148.2,30.2,67.3,1.4,1.09,18.8,8.1,Low
FLD-003665,2023-05-06,2023,5,Saturday,1,1,0,Barangka Ibaba,Pasig River,7.0,86.8,0.377,0.904,42714,26,45.1,91.2,242.7,25.4,85.9,8.0,1.17,189.1,7.9,High
FLD-003666,2026-06-04,2026,6,Thursday,0,1,2,Poblacion,Buhangin Creek,6.4,111.2,0.572,0.859,42193,18,94.8,140.2,304.3,27.2,79.4,18.7,1.34,309.6,10.2,High
FLD-003667,2024-11-03,2024,11,Sunday,1,1,0,Old Zañiga,Buhangin Creek,7.6,140.5,0.466,0.826,35573,20,0.1,60.8,161.3,29.8,68.0,12.9,1.47,152.1,5.6,Medium
FLD-003668,2023-12-24,2023,12,Sunday,1,0,0,Namayan,Pasig River,8.7,132.5,0.463,0.801,31571,20,9.8,54.5,101.9,33.1,70.7,4.5,0.74,144.2,6.5,Medium
FLD-003669,2026-02-19,2026,2,Thursday,0,0,1,Old Zañiga,Buhangin Creek,5.9,162.5,0.508,0.795,36429,21,63.1,71.2,257.5,28.0,70.4,6.8,1.44,149.8,9.5,High
FLD-003670,2026-06-13,2026,6,Saturday,1,1,0,Hulo,Pasig River,5.4,110.8,0.448,0.859,40674,25,75.5,194.6,380.2,27.6,80.7,0.6,1.69,184.6,10.3,High
FLD-003671,2022-02-27,2022,2,Sunday,1,0,0,Burol,Drainage,21.4,671.9,0.67,0.632,22001,16,1.7,60.8,151.3,31.8,70.4,3.4,1.49,18.5,4.0,Medium
FLD-003672,2021-06-23,2021,6,Wednesday,0,1,0,Hagdan Bato Libis,Drainage,15.4,511.5,0.63,0.757,30262,15,1.7,48.4,127.8,29.8,77.2,6.7,1.26,149.5,5.1,Low
FLD-003673,2022-09-25,2022,9,Sunday,1,1,1,Barangka Ilaya,Pasig River,8.1,157.2,0.493,0.89,35429,22,50.8,108.2,199.4,28.5,83.6,12.1,1.44,236.8,9.9,Medium
FLD-003674,2025-02-19,2025,2,Wednesday,0,0,1,Addition Hills,Maytunas Creek,25.5,1003.4,0.692,0.704,44417,11,120.5,161.4,224.8,28.7,68.8,11.6,0.58,159.3,8.6,High
FLD-003675,2026-02-25,2026,2,Wednesday,0,0,0,Malamig,Tributary,20.1,613.9,0.724,0.744,27352,9,35.0,84.0,112.0,30.4,69.2,0,0.83,85.5,6.9,Medium
FLD-003676,2022-03-30,2022,3,Wednesday,0,0,1,Namayan,Pasig River,8.8,123.7,0.541,0.769,29415,13,14.9,67.3,119.0,33.5,67.7,8.0,0.91,13.8,6.3,Low
FLD-003677,2022-12-26,2022,12,Monday,0,0,0,Hagdan Bato Libis,Drainage,16.3,531.3,0.582,0.767,28746,13,52.3,77.3,152.8,29.8,69.4,8.9,0.9,147.6,7.3,Medium
FLD-003678,2022-05-26,2022,5,Thursday,0,1,1,Addition Hills,Maytunas Creek,24.9,1008.0,0.732,0.73,46162,5,107.2,148.0,215.8,26.5,93.8,29.9,0.5,54.6,4.2,High
FLD-003679,2026-05-26,2026,5,Tuesday,0,1,0,Plainview,Estero,17.6,496.0,0.681,0.72,34856,14,20.0,78.3,137.3,31.3,76.7,12.1,1.23,57.1,4.2,Medium
FLD-003680,2022-08-19,2022,8,Friday,0,1,0,Malamig,Tributary,20.7,586.7,0.691,0.69,29810,18,1.8,66.7,237.1,29.5,75.4,11.0,1.46,99.9,9.8,High
FLD-003681,2021-02-26,2021,2,Friday,0,0,1,Malamig,Tributary,21.0,640.1,0.696,0.683,28953,10,79.3,123.6,149.8,29.2,80.8,12.0,0.74,141.7,7.2,High
FLD-003682,2023-07-06,2023,7,Thursday,0,1,0,Harapin ang Bukas,Drainage,17.4,518.7,0.52,0.777,20084,15,12.7,189.3,379.8,27.6,80.5,4.4,1.1,105.2,11.5,Medium
FLD-003683,2023-02-17,2023,2,Friday,0,0,0,New Zañiga,Buhangin Creek,7.2,136.0,0.589,0.789,38426,16,6.4,55.0,108.4,35.4,60.7,14.7,0.93,11.5,7.3,Low
FLD-003684,2022-06-30,2022,6,Thursday,0,1,2,Daang Bakal,Maytunas Creek,13.7,358.1,0.539,0.776,32824,19,103.6,132.4,246.7,28.0,86.6,19.3,0.66,228.0,9.2,High
FLD-003685,2026-03-19,2026,3,Thursday,0,0,0,Pleasant Hills,Ermitaño Creek,25.0,1013.4,0.691,0.687,28323,6,2.3,32.7,83.1,35.9,61.5,0,0.91,111.0,6.5,Low
FLD-003686,2023-07-01,2023,7,Saturday,1,1,0,Harapin ang Bukas,Drainage,16.9,507.9,0.555,0.817,21651,14,5.0,31.7,90.7,29.3,81.4,24.5,1.23,89.4,0.5,Low
FLD-003687,2023-09-01,2023,9,Friday,0,1,0,Pleasant Hills,Ermitaño Creek,24.2,999.9,0.692,0.721,24391,7,2.5,39.3,109.4,27.0,67.2,0,1.56,3.7,3.5,Low
FLD-003688,2021-12-02,2021,12,Thursday,0,0,0,Barangka Itaas,Pasig River,10.5,262.9,0.451,0.816,37368,20,0.3,33.7,94.6,31.7,74.1,6.8,1.07,5.0,2.5,Low
FLD-003689,2021-11-07,2021,11,Sunday,1,1,0,Pag-Asa,Drainage,20.5,680.5,0.628,0.644,23164,6,12.8,67.6,120.6,29.7,76.0,0,0.98,76.9,7.2,Low
FLD-003690,2026-04-22,2026,4,Wednesday,0,0,0,Hagdan Bato Libis,Drainage,16.9,543.7,0.612,0.739,33079,11,1.6,66.6,142.5,30.2,60.3,5.6,1.57,47.4,4.9,Low
FLD-003691,2023-09-08,2023,9,Friday,0,1,1,Addition Hills,Maytunas Creek,25.5,991.8,0.689,0.7,48218,11,87.1,101.4,213.6,24.5,84.0,21.2,1.32,188.2,9.1,High
FLD-003692,2022-01-29,2022,1,Saturday,1,0,0,Barangka Drive,Pasig River,10.4,238.4,0.438,0.84,34262,16,40.4,54.1,83.6,29.1,60.0,4.2,0.47,172.4,6.9,Medium
FLD-003693,2025-12-16,2025,12,Tuesday,0,0,0,Barangka Ibaba,Pasig River,7.9,84.2,0.478,0.891,39249,22,12.6,30.8,123.8,29.5,65.4,3.0,0.83,6.5,3.7,Low
FLD-003694,2026-06-26,2026,6,Friday,0,1,0,Mauway,Maytunas Creek,24.4,830.9,0.655,0.687,37511,8,34.5,59.0,190.2,32.1,76.1,15.6,1.67,3.8,4.4,Low
FLD-003695,2025-04-11,2025,4,Friday,0,0,0,Malamig,Tributary,20.4,634.2,0.717,0.743,29219,14,16.3,31.8,140.6,30.6,65.3,4.3,0.89,29.7,1.6,Medium
FLD-003696,2022-05-09,2022,5,Monday,0,1,0,Plainview,Estero,17.6,502.9,0.659,0.775,30086,8,22.5,53.9,295.2,30.7,71.3,11.6,1.49,47.8,5.3,Medium
FLD-003697,2026-06-30,2026,6,Tuesday,0,1,0,Vergara,Drainage,23.8,768.0,0.759,0.656,24969,12,9.2,82.4,193.9,30.2,76.5,12.1,1.49,41.2,3.2,Medium
FLD-003698,2024-04-26,2024,4,Friday,0,0,0,Malamig,Tributary,20.2,650.2,0.61,0.673,27140,16,12.5,21.9,55.2,30.2,56.1,20.9,0.61,4.8,1.8,Low
FLD-003699,2022-06-02,2022,6,Thursday,0,1,0,San Jose,Drainage,21.3,663.0,0.603,0.663,32498,15,3.3,64.6,349.9,30.0,86.1,4.1,1.59,11.6,4.6,Low
FLD-003700,2026-03-15,2026,3,Sunday,1,0,1,San Jose,Drainage,21.5,682.3,0.699,0.664,25766,8,17.3,36.1,73.8,31.5,61.4,20.9,0.57,14.5,5.7,Medium
FLD-003701,2026-01-28,2026,1,Wednesday,0,0,0,Old Zañiga,Buhangin Creek,7.4,197.3,0.45,0.764,36901,21,40.7,65.8,386.4,31.9,69.9,12.9,1.34,121.9,6.3,High
FLD-003702,2022-07-06,2022,7,Wednesday,0,1,1,Buayang Bato,Buayang Bato Creek,14.3,323.7,0.562,0.77,30649,17,98.4,169.9,467.2,29.0,76.1,20.6,1.63,180.5,11.5,High
FLD-003703,2025-02-07,2025,2,Friday,0,0,0,Daang Bakal,Maytunas Creek,12.5,355.4,0.575,0.78,33109,18,4.3,18.1,46.4,33.4,57.7,2.6,1.34,0.2,2.2,Low
FLD-003704,2025-04-30,2025,4,Wednesday,0,0,1,Highway Hills,Maytunas Creek,30.0,930.9,0.752,0.767,39498,5,10.0,21.4,74.6,33.7,74.7,8.5,0.88,63.2,1.8,Low
FLD-003705,2022-01-03,2022,1,Monday,0,0,0,Vergara,Drainage,24.1,794.6,0.729,0.563,31218,8,0.7,92.0,338.8,31.3,61.1,4.9,1.34,43.7,6.9,Medium
FLD-003706,2022-04-20,2022,4,Wednesday,0,0,0,Daang Bakal,Maytunas Creek,12.1,375.4,0.561,0.763,30525,17,20.9,53.9,162.1,30.4,69.1,14.0,0.95,83.9,1.5,Medium
FLD-003707,2021-08-01,2021,8,Sunday,1,1,0,San Jose,Drainage,21.5,711.2,0.695,0.697,26204,13,7.8,120.9,281.6,25.3,77.9,13.0,0.76,3.6,7.0,Low
FLD-003708,2022-02-04,2022,2,Friday,0,0,0,New Zañiga,Buhangin Creek,7.7,129.9,0.546,0.779,39175,18,6.4,55.0,176.9,31.7,62.9,18.6,0.97,91.0,3.1,Medium
FLD-003709,2024-06-09,2024,6,Sunday,1,1,0,Poblacion,Buhangin Creek,6.4,57.1,0.435,0.831,43925,22,57.1,121.5,243.5,29.7,74.1,18.5,0.57,161.6,10.0,Medium
FLD-003710,2022-11-09,2022,11,Wednesday,0,1,1,Vergara,Drainage,22.6,782.3,0.704,0.723,27799,13,21.7,210.5,378.5,28.7,74.7,9.8,1.44,131.5,11.2,Medium
FLD-003711,2021-11-21,2021,11,Sunday,1,1,1,Daang Bakal,Maytunas Creek,11.8,375.6,0.557,0.751,33607,14,33.3,54.6,111.2,27.0,68.5,32.5,1.02,182.7,3.9,Medium
FLD-003712,2021-10-15,2021,10,Friday,0,1,0,Wack-Wack Greenhills East,Drainage,27.8,1187.3,0.788,0.646,18344,6,40.9,103.5,174.5,30.3,92.1,28.2,1.17,6.2,2.4,Low
FLD-003713,2023-03-31,2023,3,Friday,0,0,0,Old Zañiga,Buhangin Creek,6.2,130.9,0.512,0.866,33711,18,84.1,178.7,290.5,26.2,83.1,10.6,0.97,156.1,11.1,High
FLD-003714,2021-05-21,2021,5,Friday,0,1,0,Burol,Drainage,20.2,666.9,0.613,0.643,22325,17,19.4,45.7,86.0,29.4,67.5,16.5,1.39,80.8,8.3,Medium
FLD-003715,2021-03-25,2021,3,Thursday,0,0,1,Hagdan Bato Libis,Drainage,16.2,530.4,0.615,0.696,30525,16,32.4,56.1,143.5,31.9,72.6,9.6,0.82,149.8,9.3,Medium
FLD-003716,2022-11-02,2022,11,Wednesday,0,1,1,Pag-Asa,Drainage,21.1,651.2,0.58,0.723,23426,8,25.9,103.2,273.5,29.1,82.1,10.2,1.16,158.7,10.1,Medium
FLD-003717,2026-01-14,2026,1,Wednesday,0,0,0,Barangka Ibaba,Pasig River,5.9,109.5,0.451,0.866,40729,20,5.6,49.3,128.1,31.3,66.0,5.5,1.08,1.1,3.7,Low
FLD-003718,2023-10-05,2023,10,Thursday,0,1,0,Plainview,Estero,18.1,514.3,0.679,0.731,27497,15,10.7,35.6,182.1,30.9,80.0,20.4,1.7,4.7,3.8,Low
FLD-003719,2025-09-15,2025,9,Monday,0,1,1,Buayang Bato,Buayang Bato Creek,13.7,263.3,0.64,0.761,35129,18,49.4,59.3,185.4,30.7,75.7,16.9,1.03,105.4,7.5,Medium
FLD-003720,2021-12-01,2021,12,Wednesday,0,0,0,Harapin ang Bukas,Drainage,18.1,525.5,0.565,0.8,20694,17,32.4,60.3,125.7,31.1,62.8,6.5,0.51,115.6,6.2,Medium
FLD-003721,2023-11-20,2023,11,Monday,0,1,1,San Jose,Drainage,22.8,689.1,0.638,0.76,27477,7,3.7,41.9,261.2,27.6,70.4,13.7,1.3,102.6,6.2,Low
FLD-003722,2023-10-19,2023,10,Thursday,0,1,0,Barangka Ibaba,Pasig River,5.6,86.1,0.448,0.87,42235,18,2.0,47.0,186.8,28.8,71.3,4.5,1.0,154.9,7.0,Medium
FLD-003723,2022-10-02,2022,10,Sunday,1,1,0,Mauway,Maytunas Creek,22.4,892.8,0.646,0.723,36304,8,44.1,71.0,336.5,30.7,74.8,7.8,1.0,41.7,5.7,Medium
FLD-003724,2025-04-05,2025,4,Saturday,1,0,0,Addition Hills,Maytunas Creek,25.4,973.8,0.67,0.746,47527,11,3.3,139.6,181.0,29.1,68.9,17.0,0.71,79.5,8.5,Low
FLD-003725,2025-01-12,2025,1,Sunday,1,0,0,Harapin ang Bukas,Drainage,17.0,510.4,0.615,0.759,21003,9,24.5,61.4,189.1,30.8,69.1,7.4,0.49,0.9,3.8,Low
FLD-003726,2023-02-26,2023,2,Sunday,1,0,0,Hulo,Pasig River,4.9,118.1,0.414,0.894,39598,22,55.8,156.4,284.6,31.5,60.4,15.9,0.91,161.6,10.5,Medium
FLD-003727,2021-04-14,2021,4,Wednesday,0,0,0,Malamig,Tributary,19.9,599.7,0.655,0.651,29730,15,48.1,66.9,203.7,32.4,75.6,7.5,1.01,20.4,1.5,Low
FLD-003728,2022-08-24,2022,8,Wednesday,0,1,0,Old Zañiga,Buhangin Creek,7.8,152.7,0.473,0.847,38444,18,36.1,51.1,329.4,30.6,76.1,16.4,1.02,126.7,6.1,Medium
FLD-003729,2022-11-27,2022,11,Sunday,1,1,2,Daang Bakal,Maytunas Creek,12.7,358.5,0.58,0.804,35573,17,72.7,157.6,212.7,27.4,86.0,28.6,1.36,227.8,12.3,High
FLD-003730,2024-09-15,2024,9,Sunday,1,1,2,Hulo,Pasig River,6.6,141.1,0.491,0.834,38377,20,252.6,265.3,395.1,22.7,89.4,18.4,1.8,595.4,19.4,High
FLD-003731,2021-08-13,2021,8,Friday,0,1,0,San Jose,Drainage,21.6,706.4,0.722,0.65,25388,8,42.1,136.2,243.2,30.2,87.3,9.7,1.29,123.4,8.8,Low
FLD-003732,2025-08-19,2025,8,Tuesday,0,1,2,Hagdan Bato Itaas,Drainage,23.0,708.0,0.674,0.674,28757,11,40.7,102.2,338.2,31.5,73.1,17.8,1.44,133.9,8.2,Medium
FLD-003733,2025-02-04,2025,2,Tuesday,0,0,0,Bagong Silang,Drainage,17.2,630.5,0.644,0.733,23095,13,61.6,211.5,299.8,30.5,71.5,2.5,1.02,85.1,6.2,Medium
FLD-003734,2023-06-30,2023,6,Friday,0,1,0,Plainview,Estero,18.0,522.4,0.6,0.737,29693,18,3.2,36.5,64.6,30.7,64.8,0,1.1,20.8,5.1,Low
FLD-003735,2022-01-03,2022,1,Monday,0,0,0,Poblacion,Buhangin Creek,6.9,95.0,0.462,0.85,43302,21,1.6,44.4,89.2,28.4,56.3,4.4,1.37,155.7,6.5,Low
FLD-003736,2022-02-21,2022,2,Monday,0,0,0,San Jose,Drainage,22.4,674.5,0.64,0.668,28152,10,109.5,192.4,265.0,29.8,80.3,17.9,0.72,158.3,10.2,Medium
FLD-003737,2023-04-25,2023,4,Tuesday,0,0,2,Addition Hills,Maytunas Creek,24.2,1049.5,0.677,0.79,46759,10,111.9,154.6,222.1,30.2,80.9,21.6,0.69,160.2,8.4,High
FLD-003738,2022-07-08,2022,7,Friday,0,1,1,Hagdan Bato Itaas,Drainage,21.2,749.4,0.732,0.693,27746,12,6.3,14.8,59.8,31.2,73.7,9.8,1.13,113.4,5.7,Medium
FLD-003739,2025-12-08,2025,12,Monday,0,0,1,Old Zañiga,Buhangin Creek,7.9,177.2,0.517,0.827,37529,20,43.5,138.4,276.6,32.7,67.5,17.1,0.92,136.4,10.1,High
FLD-003740,2023-05-30,2023,5,Tuesday,0,1,0,Mabini-J. Rizal,Maytunas Creek,14.8,390.0,0.593,0.748,30470,19,56.0,100.9,293.4,30.2,72.7,3.8,1.17,185.9,7.6,Medium
FLD-003741,2024-09-05,2024,9,Thursday,0,1,0,Old Zañiga,Buhangin Creek,7.6,166.8,0.435,0.741,36071,19,2.6,24.0,69.0,28.7,69.2,10.7,0.98,4.7,5.7,Low
FLD-003742,2024-09-09,2024,9,Monday,0,1,1,Bagong Silang,Drainage,18.2,618.0,0.596,0.764,24522,9,95.1,173.6,210.7,31.9,84.0,14.6,0.92,208.9,14.3,Medium
FLD-003743,2022-07-11,2022,7,Monday,0,1,1,Barangka Itaas,Pasig River,9.9,253.3,0.512,0.814,34608,16,47.8,52.1,99.8,28.0,75.5,13.1,0.98,135.5,8.7,High
FLD-003744,2025-03-26,2025,3,Wednesday,0,0,2,Barangka Ilaya,Pasig River,7.5,159.6,0.522,0.84,35566,19,71.9,130.3,187.3,31.0,65.3,16.9,0.55,271.4,11.2,High
FLD-003745,2024-02-27,2024,2,Tuesday,0,0,0,Highway Hills,Maytunas Creek,30.0,892.0,0.773,0.817,41384,5,0.2,16.5,28.2,33.1,54.9,5.5,0.66,0.4,0.5,Low
FLD-003746,2025-11-25,2025,11,Tuesday,0,1,0,Barangka Ilaya,Pasig River,7.5,93.0,0.496,0.814,40318,21,111.4,214.2,349.3,26.0,86.4,7.9,0.71,281.5,10.6,High
FLD-003747,2023-07-07,2023,7,Friday,0,1,0,Barangka Itaas,Pasig River,11.3,290.4,0.494,0.782,33284,18,6.0,261.6,521.6,27.3,73.6,18.7,1.12,144.0,12.8,High
FLD-003748,2025-07-08,2025,7,Tuesday,0,1,3,Barangka Ibaba,Pasig River,7.9,111.8,0.48,0.832,39600,22,50.4,85.4,198.1,30.1,72.6,30.3,1.11,230.3,9.3,High
FLD-003749,2024-02-20,2024,2,Tuesday,0,0,0,Hulo,Pasig River,6.1,124.5,0.46,0.874,40795,17,79.3,113.5,133.7,31.4,76.5,7.2,1.02,247.5,9.5,High
FLD-003750,2026-01-17,2026,1,Saturday,1,0,1,Pleasant Hills,Ermitaño Creek,24.4,999.0,0.775,0.679,23063,9,84.9,256.0,280.8,32.7,69.6,9.4,1.27,174.4,13.5,Medium
FLD-003751,2022-01-05,2022,1,Wednesday,0,0,0,Plainview,Estero,17.0,498.5,0.6,0.762,32292,14,33.9,56.8,157.9,30.9,64.7,28.3,1.49,124.9,9.9,Medium
FLD-003752,2023-08-11,2023,8,Friday,0,1,1,Addition Hills,Maytunas Creek,24.8,990.3,0.701,0.687,42936,8,60.6,101.7,146.8,31.1,80.3,23.4,1.16,152.8,6.6,Medium
FLD-003753,2025-02-09,2025,2,Sunday,1,0,1,Poblacion,Buhangin Creek,5.6,120.3,0.42,0.796,43787,15,60.8,105.6,136.3,31.5,67.3,17.2,0.51,166.1,9.8,Medium
FLD-003754,2025-12-18,2025,12,Thursday,0,0,0,Pag-Asa,Drainage,20.4,625.7,0.602,0.775,27725,14,34.1,67.8,127.5,32.1,74.9,21.5,0.86,139.8,3.8,High
FLD-003755,2024-01-17,2024,1,Wednesday,0,0,0,Hulo,Pasig River,6.4,98.5,0.444,0.878,36461,21,12.8,61.2,96.2,32.8,62.1,16.6,0.75,48.4,6.1,Medium
FLD-003756,2022-03-25,2022,3,Friday,0,0,0,Pleasant Hills,Ermitaño Creek,25.7,973.6,0.671,0.661,23092,16,2.8,16.4,48.0,32.7,68.0,4.2,0.81,0.0,0.5,Low
FLD-003757,2024-11-13,2024,11,Wednesday,0,1,0,Bagong Silang,Drainage,18.6,610.0,0.62,0.708,29186,10,2.3,31.4,117.5,29.2,75.8,19.6,0.75,26.5,3.1,Medium
FLD-003758,2025-09-03,2025,9,Wednesday,0,1,0,Mabini-J. Rizal,Maytunas Creek,15.3,450.9,0.627,0.713,34931,14,1.2,73.6,140.4,32.0,70.3,7.6,1.13,71.7,8.3,Medium
FLD-003759,2023-12-13,2023,12,Wednesday,0,0,3,Daang Bakal,Maytunas Creek,11.7,392.8,0.597,0.761,33403,18,154.3,201.2,394.2,26.5,76.0,29.3,1.02,346.0,16.0,High
FLD-003760,2022-09-19,2022,9,Monday,0,1,0,Bagong Silang,Drainage,17.4,643.9,0.604,0.721,26714,12,25.3,64.5,164.4,32.0,77.1,33.0,1.75,35.5,2.9,Low
FLD-003761,2022-09-05,2022,9,Monday,0,1,0,Hagdan Bato Itaas,Drainage,23.0,750.6,0.736,0.689,29453,8,2.2,121.9,380.9,31.0,68.4,5.8,1.49,83.0,7.4,Medium
FLD-003762,2023-09-17,2023,9,Sunday,1,1,2,Barangka Ilaya,Pasig River,8.6,183.2,0.458,0.806,33657,22,159.9,347.3,488.4,27.3,85.1,20.9,0.93,390.4,22.5,High
FLD-003763,2024-05-08,2024,5,Wednesday,0,1,1,Barangka Itaas,Pasig River,10.6,264.8,0.577,0.814,37164,17,17.1,163.8,222.4,27.4,72.1,11.8,1.03,152.5,10.3,Medium
FLD-003764,2022-10-27,2022,10,Thursday,0,1,0,Hagdan Bato Libis,Drainage,15.5,518.5,0.59,0.777,31341,14,13.4,67.3,258.2,30.0,78.5,3.7,1.08,9.3,3.2,Low
FLD-003765,2022-10-19,2022,10,Wednesday,0,1,0,Barangka Ibaba,Pasig River,6.8,126.1,0.407,0.848,40174,20,3.2,136.1,173.5,27.4,70.7,2.4,1.24,126.9,9.3,High
FLD-003766,2023-06-16,2023,6,Friday,0,1,0,Addition Hills,Maytunas Creek,25.4,997.1,0.635,0.706,45694,12,11.8,31.5,207.9,29.3,80.5,7.1,1.19,50.0,6.4,Medium
FLD-003767,2026-06-21,2026,6,Sunday,1,1,0,Barangka Drive,Pasig River,9.1,194.3,0.494,0.807,32702,17,58.4,92.7,198.0,27.0,75.7,6.5,1.03,165.4,4.8,High
FLD-003768,2021-03-13,2021,3,Saturday,1,0,0,Malamig,Tributary,19.6,619.7,0.648,0.698,28458,9,1.8,24.8,96.1,31.4,68.8,5.5,1.07,150.7,3.1,Low
FLD-003769,2024-08-04,2024,8,Sunday,1,1,1,Old Zañiga,Buhangin Creek,7.3,161.3,0.434,0.891,36731,15,51.6,92.5,224.2,27.8,81.8,26.4,1.34,223.9,11.9,High
FLD-003770,2023-11-10,2023,11,Friday,0,1,0,Hulo,Pasig River,4.7,112.1,0.441,0.855,36049,19,33.5,101.2,184.4,30.4,71.3,18.1,0.97,127.9,4.5,High
FLD-003771,2022-12-23,2022,12,Friday,0,0,0,Hagdan Bato Itaas,Drainage,21.3,748.8,0.695,0.689,27689,15,32.8,79.3,144.6,28.0,67.2,2.4,1.13,1.1,2.7,Low
FLD-003772,2025-05-23,2025,5,Friday,0,1,0,San Jose,Drainage,22.8,709.4,0.756,0.747,24570,18,5.4,105.9,213.8,30.3,84.1,18.3,1.64,1.9,5.0,Low
FLD-003773,2026-03-07,2026,3,Saturday,1,0,3,Vergara,Drainage,23.5,826.9,0.732,0.683,25453,11,122.1,182.5,214.3,30.1,76.0,29.6,0.42,280.3,9.5,High
FLD-003774,2022-11-11,2022,11,Friday,0,1,0,Namayan,Pasig River,8.3,116.9,0.438,0.782,31048,23,19.2,108.7,170.3,30.2,67.5,3.6,1.03,156.1,7.3,Medium
FLD-003775,2023-05-29,2023,5,Monday,0,1,0,Wack-Wack Greenhills East,Drainage,29.0,1236.8,0.796,0.602,19307,10,121.4,143.0,268.4,31.4,92.5,8.8,0.92,239.2,7.6,Low
FLD-003776,2024-07-02,2024,7,Tuesday,0,1,1,Poblacion,Buhangin Creek,5.8,127.9,0.487,0.839,43821,18,12.2,23.4,76.5,30.5,81.6,12.0,0.91,151.6,8.8,Medium
FLD-003777,2026-04-07,2026,4,Tuesday,0,0,0,Namayan,Pasig River,8.2,136.0,0.537,0.769,33251,18,28.0,79.5,286.6,31.8,68.7,22.0,0.97,114.1,6.9,Low
FLD-003778,2021-07-27,2021,7,Tuesday,0,1,0,Namayan,Pasig River,9.4,169.9,0.632,0.807,30294,18,3.2,232.9,424.0,32.3,72.3,7.8,1.17,35.5,12.2,High
FLD-003779,2022-12-23,2022,12,Friday,0,0,0,Mabini-J. Rizal,Maytunas Creek,14.6,442.7,0.583,0.755,30711,17,13.3,49.0,118.6,32.9,61.2,5.2,1.53,99.7,3.5,Medium
FLD-003780,2022-07-15,2022,7,Friday,0,1,0,Mauway,Maytunas Creek,23.3,851.8,0.623,0.717,44274,12,4.2,102.1,242.8,28.9,81.5,6.7,1.61,58.4,4.8,Medium
FLD-003781,2025-01-15,2025,1,Wednesday,0,0,0,Barangka Ilaya,Pasig River,8.2,157.7,0.478,0.871,36419,22,2.7,31.8,257.5,33.6,64.2,6.3,0.92,60.5,5.5,Medium
FLD-003782,2025-02-11,2025,2,Tuesday,0,0,0,Hagdan Bato Itaas,Drainage,22.0,669.7,0.698,0.693,29568,9,80.0,105.8,153.1,28.4,76.1,8.4,0.9,150.0,8.4,High
FLD-003783,2024-05-19,2024,5,Sunday,1,1,0,Vergara,Drainage,23.9,811.9,0.704,0.693,24571,10,6.5,69.2,200.1,29.0,65.4,2.0,0.59,114.6,5.4,Low
FLD-003784,2021-07-13,2021,7,Tuesday,0,1,0,Hagdan Bato Itaas,Drainage,22.2,719.2,0.731,0.699,29231,7,59.0,121.5,254.0,29.6,76.2,33.1,1.46,115.5,6.5,Medium
FLD-003785,2024-07-05,2024,7,Friday,0,1,0,Namayan,Pasig River,8.4,139.9,0.556,0.755,33833,18,33.5,119.0,243.0,27.3,70.3,8.3,0.93,130.8,8.2,Medium
FLD-003786,2025-02-02,2025,2,Sunday,1,0,0,Barangka Ibaba,Pasig River,6.0,85.4,0.484,0.859,39870,15,22.3,63.0,74.5,32.5,62.5,12.2,1.21,59.6,5.4,High
FLD-003787,2021-07-19,2021,7,Monday,0,1,0,Barangka Ibaba,Pasig River,7.5,66.7,0.438,0.89,40664,25,1.6,164.9,350.9,28.7,70.2,25.1,1.4,135.2,9.4,High
FLD-003788,2025-12-13,2025,12,Saturday,1,0,0,Harapin ang Bukas,Drainage,15.9,554.8,0.537,0.772,22461,17,17.6,28.3,50.4,32.0,60.9,12.0,0.64,100.7,2.5,Low
FLD-003789,2022-10-27,2022,10,Thursday,0,1,1,Burol,Drainage,22.0,682.8,0.681,0.715,22022,9,160.4,241.8,347.7,24.9,92.8,23.0,0.84,233.9,14.8,High
FLD-003790,2024-11-30,2024,11,Saturday,1,1,1,New Zañiga,Buhangin Creek,6.8,177.6,0.537,0.815,32935,16,13.2,119.6,195.3,32.7,61.2,15.1,0.96,8.9,6.7,Medium
FLD-003791,2026-02-09,2026,2,Monday,0,0,0,Malamig,Tributary,18.8,629.5,0.676,0.683,27646,13,2.5,39.4,75.5,32.4,56.0,4.5,1.03,133.5,4.5,Low
FLD-003792,2026-03-09,2026,3,Monday,0,0,0,Wack-Wack Greenhills East,Drainage,28.3,1204.8,0.839,0.685,17647,6,256.2,294.7,325.0,24.7,97.9,46.9,0.58,308.0,11.6,High
FLD-003793,2024-08-04,2024,8,Sunday,1,1,0,Barangka Ilaya,Pasig River,8.0,189.0,0.521,0.767,36872,16,7.4,54.2,85.6,32.6,70.5,16.1,0.61,44.3,3.4,Medium
FLD-003794,2024-02-13,2024,2,Tuesday,0,0,0,Namayan,Pasig River,8.4,113.8,0.543,0.8,32959,20,7.0,39.2,76.2,30.9,58.9,8.2,0.88,154.1,6.6,Medium
FLD-003795,2023-01-19,2023,1,Thursday,0,0,1,Hagdan Bato Libis,Drainage,15.9,480.9,0.629,0.748,27603,14,33.1,48.4,214.4,31.8,61.8,29.2,1.36,130.4,9.3,Medium
FLD-003796,2022-05-14,2022,5,Saturday,1,1,0,Burol,Drainage,20.7,693.3,0.606,0.679,17959,17,40.2,165.1,206.8,29.3,66.2,10.9,1.28,128.7,11.0,Medium
FLD-003797,2022-07-15,2022,7,Friday,0,1,0,Malamig,Tributary,19.3,571.3,0.613,0.732,30867,13,24.3,233.7,287.7,28.6,65.1,7.1,0.91,87.8,11.5,Medium
FLD-003798,2024-10-24,2024,10,Thursday,0,1,0,Harapin ang Bukas,Drainage,16.9,550.9,0.56,0.755,19937,16,18.3,33.9,47.0,29.5,70.2,7.8,1.56,110.3,5.7,Low
FLD-003799,2026-05-14,2026,5,Thursday,0,1,0,Burol,Drainage,20.6,733.0,0.688,0.656,24356,9,2.0,157.7,247.4,27.3,72.8,10.0,1.51,5.0,4.3,Low
FLD-003800,2026-06-16,2026,6,Tuesday,0,1,1,Barangka Itaas,Pasig River,8.4,272.5,0.538,0.805,35461,15,41.9,116.2,210.3,25.8,83.1,23.3,1.25,143.2,5.6,Medium
FLD-003801,2024-01-30,2024,1,Tuesday,0,0,1,Wack-Wack Greenhills East,Drainage,27.6,1209.0,0.811,0.61,25638,2,135.8,198.6,334.2,25.4,74.5,13.4,1.1,159.3,9.4,High
FLD-003802,2025-09-01,2025,9,Monday,0,1,0,Plainview,Estero,18.3,465.5,0.648,0.742,31635,12,2.5,99.8,206.8,34.1,86.3,4.6,1.4,90.5,8.7,Medium
FLD-003803,2024-01-03,2024,1,Wednesday,0,0,0,Burol,Drainage,21.8,727.4,0.712,0.697,21096,11,5.4,140.3,333.5,27.7,79.3,1.3,0.23,23.7,6.8,Low
FLD-003804,2021-04-13,2021,4,Tuesday,0,0,1,Pag-Asa,Drainage,19.1,593.1,0.617,0.737,24083,18,25.7,60.7,138.3,31.4,68.1,13.4,0.94,178.4,2.0,Low
FLD-003805,2022-05-30,2022,5,Monday,0,1,0,Barangka Ilaya,Pasig River,8.0,143.7,0.474,0.853,36584,22,1.4,47.7,84.1,31.2,80.4,9.7,1.13,133.2,6.1,High
FLD-003806,2021-02-11,2021,2,Thursday,0,0,0,Pleasant Hills,Ermitaño Creek,25.0,976.5,0.658,0.678,29739,15,55.6,173.2,228.1,29.3,67.2,8.8,0.67,81.0,9.3,Medium
FLD-003807,2025-08-03,2025,8,Sunday,1,1,1,Mauway,Maytunas Creek,23.7,852.5,0.665,0.701,42918,8,32.9,39.1,220.2,28.5,79.8,22.2,1.33,89.3,6.6,Medium
FLD-003808,2024-10-27,2024,10,Sunday,1,1,0,Hagdan Bato Libis,Drainage,16.1,503.7,0.632,0.711,28590,14,3.2,34.9,88.0,29.8,59.0,6.6,1.7,75.8,3.2,Medium
FLD-003809,2022-06-03,2022,6,Friday,0,1,0,Burol,Drainage,20.4,737.7,0.657,0.708,19014,9,4.1,18.5,58.1,29.4,80.3,10.7,1.04,1.0,1.2,Low
FLD-003810,2023-07-07,2023,7,Friday,0,1,0,Mauway,Maytunas Creek,23.7,852.8,0.649,0.761,40418,9,60.8,163.9,267.4,30.3,80.5,1.3,0.89,34.2,8.0,High
FLD-003811,2025-03-24,2025,3,Monday,0,0,1,Pleasant Hills,Ermitaño Creek,24.6,953.2,0.699,0.726,26794,11,47.6,120.4,204.1,32.0,66.5,14.1,1.12,179.5,5.7,Medium
FLD-003812,2023-04-15,2023,4,Saturday,1,0,0,Highway Hills,Maytunas Creek,30.3,890.9,0.715,0.784,46207,10,17.5,33.2,225.8,27.7,66.3,17.3,0.85,1.5,3.0,Low
FLD-003813,2021-08-31,2021,8,Tuesday,0,1,0,Harapin ang Bukas,Drainage,17.6,554.7,0.667,0.756,21056,12,17.5,62.2,90.9,30.6,76.2,7.2,1.47,148.7,8.2,Medium
FLD-003814,2021-12-21,2021,12,Tuesday,0,0,0,Highway Hills,Maytunas Creek,30.2,908.4,0.757,0.786,45697,5,4.2,71.2,219.1,32.1,62.6,2.4,0.91,40.6,4.5,Low
FLD-003815,2023-08-12,2023,8,Saturday,1,1,1,New Zañiga,Buhangin Creek,7.2,120.0,0.563,0.758,40020,24,66.2,124.7,274.2,27.9,70.0,13.0,0.91,161.0,9.4,High
FLD-003816,2023-09-17,2023,9,Sunday,1,1,0,Plainview,Estero,17.5,467.8,0.639,0.689,30972,9,36.1,62.6,150.9,29.2,79.7,7.9,0.9,106.9,4.9,Medium
FLD-003817,2025-10-14,2025,10,Tuesday,0,1,0,Hagdan Bato Libis,Drainage,15.8,496.8,0.579,0.756,29866,22,0.9,15.2,111.8,31.0,75.9,4.4,1.64,9.8,4.0,Low
FLD-003818,2026-06-27,2026,6,Saturday,1,1,1,Barangka Ibaba,Pasig River,7.9,79.4,0.497,0.883,41169,17,129.9,413.5,596.6,26.6,92.0,10.3,0.95,334.1,22.1,High
FLD-003819,2023-04-11,2023,4,Tuesday,0,0,0,Burol,Drainage,21.2,720.7,0.689,0.692,24468,12,27.3,67.2,84.5,31.3,68.2,0,1.32,60.3,4.6,Low
FLD-003820,2022-11-20,2022,11,Sunday,1,1,1,Barangka Drive,Pasig River,8.4,263.5,0.507,0.869,33758,17,1.5,41.3,297.7,28.8,64.1,14.2,1.36,129.8,5.3,Medium
FLD-003821,2021-05-10,2021,5,Monday,0,1,0,Mabini-J. Rizal,Maytunas Creek,14.8,443.0,0.551,0.732,30431,15,24.4,68.6,251.2,26.5,75.2,17.7,1.3,202.0,6.8,Medium
FLD-003822,2021-01-05,2021,1,Tuesday,0,0,0,Mauway,Maytunas Creek,22.8,824.1,0.689,0.688,38784,10,2.2,24.9,176.3,34.0,63.7,20.7,0.76,2.8,5.5,Low
FLD-003823,2022-02-28,2022,2,Monday,0,0,2,Vergara,Drainage,24.1,789.1,0.726,0.688,28923,7,240.5,261.7,357.5,25.8,77.0,28.8,0.86,469.5,14.9,High
FLD-003824,2025-02-27,2025,2,Thursday,0,0,2,Mauway,Maytunas Creek,23.6,845.0,0.654,0.757,37362,12,38.8,78.3,133.8,27.8,80.7,32.4,1.22,138.2,10.5,Medium
FLD-003825,2023-09-16,2023,9,Saturday,1,1,0,Hagdan Bato Itaas,Drainage,22.6,774.4,0.74,0.652,25516,10,6.0,138.3,237.3,31.0,79.8,12.8,1.86,33.9,7.4,Medium
FLD-003826,2022-07-15,2022,7,Friday,0,1,0,Barangka Ibaba,Pasig River,8.1,77.7,0.521,0.809,40894,20,11.1,137.3,234.8,28.4,70.3,5.6,1.14,115.5,9.5,High
FLD-003827,2025-09-25,2025,9,Thursday,0,1,0,Malamig,Tributary,20.7,589.7,0.653,0.726,28625,12,50.1,69.1,171.4,31.2,80.1,12.2,1.34,77.4,5.3,High
FLD-003828,2022-07-12,2022,7,Tuesday,0,1,1,Barangka Ibaba,Pasig River,6.8,80.9,0.523,0.896,38139,24,35.8,63.8,149.4,28.9,78.1,33.1,0.57,130.8,7.3,High
FLD-003829,2026-04-08,2026,4,Wednesday,0,0,1,Poblacion,Buhangin Creek,6.1,95.9,0.512,0.803,40130,20,43.6,58.9,124.0,31.1,71.0,17.4,0.97,209.2,9.6,Medium
FLD-003830,2021-11-19,2021,11,Friday,0,1,0,Hagdan Bato Libis,Drainage,16.2,508.2,0.56,0.726,30044,17,8.1,93.2,299.2,28.9,83.2,6.2,1.59,97.1,5.3,Low
FLD-003831,2021-11-29,2021,11,Monday,0,1,1,Vergara,Drainage,24.1,838.9,0.707,0.636,25812,11,44.0,161.1,306.3,31.0,81.2,9.5,1.55,193.4,11.6,Medium
FLD-003832,2025-03-24,2025,3,Monday,0,0,2,Wack-Wack Greenhills East,Drainage,28.8,1157.0,0.807,0.643,22948,13,193.6,234.8,357.0,26.2,84.7,27.1,0.89,275.0,9.5,High
FLD-003833,2021-12-21,2021,12,Tuesday,0,0,1,Highway Hills,Maytunas Creek,30.0,961.8,0.699,0.788,42765,5,20.7,101.0,199.6,30.5,71.4,31.5,1.75,69.5,7.6,Low
FLD-003834,2021-03-18,2021,3,Thursday,0,0,1,Bagong Silang,Drainage,17.7,585.6,0.593,0.706,24103,14,58.3,68.8,194.7,31.8,74.2,16.5,0.84,118.5,8.9,High
FLD-003835,2024-06-22,2024,6,Saturday,1,1,1,Pag-Asa,Drainage,19.2,634.2,0.677,0.714,24312,8,91.5,175.6,366.3,26.8,83.9,17.8,1.11,132.9,8.4,High
FLD-003836,2023-03-08,2023,3,Wednesday,0,0,2,Namayan,Pasig River,8.7,171.2,0.526,0.765,32321,16,65.3,77.9,116.5,30.3,70.0,29.2,0.6,214.3,6.7,High
FLD-003837,2021-09-22,2021,9,Wednesday,0,1,3,Burol,Drainage,20.8,684.5,0.653,0.722,24837,15,75.7,171.4,262.4,26.3,81.7,26.6,0.52,238.0,13.2,High
FLD-003838,2025-02-08,2025,2,Saturday,1,0,0,Barangka Drive,Pasig River,7.5,218.7,0.496,0.86,34260,20,9.9,71.6,118.6,31.7,72.8,5.0,1.16,144.4,5.7,Low
FLD-003839,2022-01-22,2022,1,Saturday,1,0,0,Daang Bakal,Maytunas Creek,11.3,383.9,0.602,0.763,29587,16,67.9,74.3,217.8,29.6,69.5,4.9,1.55,90.1,5.8,Medium
FLD-003840,2022-07-12,2022,7,Tuesday,0,1,2,Barangka Ilaya,Pasig River,6.5,172.1,0.433,0.829,37637,27,183.1,243.6,502.4,27.3,96.9,20.2,1.65,517.4,17.3,High
FLD-003841,2022-09-21,2022,9,Wednesday,0,1,3,Mauway,Maytunas Creek,22.7,880.0,0.655,0.695,41397,8,128.9,155.4,250.7,27.4,94.7,40.2,1.16,247.1,12.1,High
FLD-003842,2025-11-29,2025,11,Saturday,1,1,0,Malamig,Tributary,19.0,589.9,0.71,0.706,26856,13,8.6,94.4,150.3,29.3,67.2,1.2,1.19,79.4,6.9,Low
FLD-003843,2023-06-11,2023,6,Sunday,1,1,0,Highway Hills,Maytunas Creek,29.6,865.0,0.768,0.786,43636,7,24.6,59.4,198.6,29.4,71.2,20.6,1.07,0,2.8,Medium
FLD-003844,2021-08-19,2021,8,Thursday,0,1,1,Buayang Bato,Buayang Bato Creek,14.4,303.8,0.57,0.729,32803,14,53.4,158.0,193.0,26.5,69.3,14.8,1.26,119.4,9.4,Medium
FLD-003845,2025-06-09,2025,6,Monday,0,1,0,Mauway,Maytunas Creek,24.6,890.0,0.666,0.676,40703,9,31.3,137.8,201.1,29.1,78.0,19.2,1.13,156.5,11.3,Medium
FLD-003846,2022-03-10,2022,3,Thursday,0,0,1,Pag-Asa,Drainage,19.5,655.4,0.629,0.751,20299,18,161.0,262.4,326.1,29.2,84.1,19.2,1.17,355.6,16.4,High
FLD-003847,2023-08-17,2023,8,Thursday,0,1,1,Hulo,Pasig River,5.2,143.4,0.379,0.862,40900,26,27.1,65.6,238.0,29.3,81.5,12.0,1.39,203.1,7.1,Medium
FLD-003848,2026-04-30,2026,4,Thursday,0,0,0,Bagong Silang,Drainage,18.7,608.5,0.66,0.72,26800,10,6.0,45.2,66.1,33.4,58.7,18.4,1.0,8.8,3.1,Low
FLD-003849,2022-09-17,2022,9,Saturday,1,1,2,Addition Hills,Maytunas Creek,25.8,998.3,0.734,0.749,45175,10,227.8,247.6,371.9,22,97.3,33.1,0.96,314.1,13.8,High
FLD-003850,2024-12-08,2024,12,Sunday,1,0,0,Barangka Ibaba,Pasig River,7.4,106.6,0.489,0.95,38456,17,1.3,37.1,80.1,33.2,64.8,2.8,1.05,139.7,3.0,Medium
FLD-003851,2024-12-31,2024,12,Tuesday,0,0,1,Old Zañiga,Buhangin Creek,5.1,99.8,0.503,0.805,32892,19,30.9,56.3,90.5,30.6,58.4,16.0,0.47,167.6,7.5,Medium
FLD-003852,2024-06-20,2024,6,Thursday,0,1,0,Highway Hills,Maytunas Creek,30.5,918.0,0.755,0.866,43896,6,28.7,214.0,351.9,28.9,69.5,0.1,1.17,29.0,9.0,Medium
FLD-003853,2024-08-22,2024,8,Thursday,0,1,1,Daang Bakal,Maytunas Creek,11.1,352.4,0.541,0.778,33622,21,86.3,276.6,356.0,28.7,79.5,27.1,1.59,200.3,14.2,High
FLD-003854,2023-03-23,2023,3,Thursday,0,0,0,Malamig,Tributary,20.0,618.4,0.622,0.682,28320,14,1.2,90.9,215.4,30.1,66.0,16.0,1.54,143.5,6.4,Low
FLD-003855,2021-05-29,2021,5,Saturday,1,1,0,Wack-Wack Greenhills East,Drainage,28.2,1158.0,0.889,0.631,22467,13,0.7,8.1,193.8,31.7,71.9,12.2,0.92,59.4,0.5,Low
FLD-003856,2022-01-16,2022,1,Sunday,1,0,0,Daang Bakal,Maytunas Creek,12.3,393.7,0.629,0.731,30758,14,39.1,57.5,271.6,30.7,67.1,12.9,0.62,84.5,5.0,Medium
FLD-003857,2024-05-08,2024,5,Wednesday,0,1,0,Barangka Ilaya,Pasig River,8.1,111.8,0.483,0.835,36013,19,10.8,94.8,140.5,31.2,79.6,3.0,1.23,138.1,7.3,Medium
FLD-003858,2022-12-30,2022,12,Friday,0,0,1,Bagong Silang,Drainage,17.8,605.4,0.591,0.683,23876,17,68.6,109.1,355.4,29.9,85.8,12.0,1.2,140.4,9.6,Medium
FLD-003859,2024-12-22,2024,12,Sunday,1,0,0,Addition Hills,Maytunas Creek,23.5,1007.7,0.728,0.719,47520,10,1.8,103.9,208.4,30.1,72.8,12.6,1.14,25.0,6.0,Medium
FLD-003860,2024-09-06,2024,9,Friday,0,1,0,Hagdan Bato Libis,Drainage,15.9,508.9,0.594,0.731,30526,19,10.6,52.5,247.3,30.8,87.5,1.6,1.15,57.5,5.4,Medium
FLD-003861,2022-10-12,2022,10,Wednesday,0,1,1,Vergara,Drainage,24.0,794.5,0.765,0.643,21932,7,103.9,152.1,395.1,29.0,89.8,14.5,1.28,150.4,5.2,High
FLD-003862,2021-06-17,2021,6,Thursday,0,1,0,Mabini-J. Rizal,Maytunas Creek,14.0,455.4,0.601,0.739,30700,13,3.7,50.7,100.4,28.1,81.5,27.1,1.29,74.2,4.7,Medium
FLD-003863,2021-08-20,2021,8,Friday,0,1,1,Hagdan Bato Libis,Drainage,16.1,527.2,0.688,0.749,29510,14,69.0,96.1,226.1,26.1,71.1,19.5,1.13,205.9,9.9,High
FLD-003864,2023-07-21,2023,7,Friday,0,1,3,Namayan,Pasig River,6.9,114.7,0.538,0.846,33931,21,102.6,227.1,333.4,28.6,88.5,26.0,1.03,312.5,16.7,High
FLD-003865,2022-03-17,2022,3,Thursday,0,0,0,Hagdan Bato Libis,Drainage,15.9,504.7,0.604,0.719,31322,9,0.7,140.3,351.6,31.8,67.5,5.0,1.13,51.8,10.7,Medium
FLD-003866,2024-04-09,2024,4,Tuesday,0,0,0,Pag-Asa,Drainage,20.8,642.3,0.674,0.734,27163,16,7.2,52.3,118.5,33.0,65.0,9.5,1.3,77.4,3.9,Low
FLD-003867,2025-07-07,2025,7,Monday,0,1,0,Barangka Drive,Pasig River,10.2,226.6,0.545,0.812,33758,19,40.3,69.0,207.9,29.8,60.4,12.4,1.06,102.7,8.4,Medium
FLD-003868,2024-04-09,2024,4,Tuesday,0,0,0,Namayan,Pasig River,7.4,201.6,0.493,0.824,34016,18,1.1,27.8,134.6,31.2,70.2,3.3,0.81,4.0,1.2,Low
FLD-003869,2025-01-08,2025,1,Wednesday,0,0,0,Pleasant Hills,Ermitaño Creek,26.3,988.6,0.681,0.68,26706,9,32.5,83.2,210.1,33.8,66.4,21.0,0.83,92.7,3.4,Low
FLD-003870,2025-05-09,2025,5,Friday,0,1,2,Mabini-J. Rizal,Maytunas Creek,15.2,491.6,0.609,0.726,34357,15,40.5,57.7,174.3,28.3,73.4,26.7,1.2,201.7,6.4,High
FLD-003871,2023-02-09,2023,2,Thursday,0,0,3,Barangka Drive,Pasig River,7.8,189.4,0.476,0.854,36387,21,186.7,264.8,314.7,27.4,81.0,38.3,0.62,416.6,21.3,High
FLD-003872,2024-03-07,2024,3,Thursday,0,0,0,Hagdan Bato Libis,Drainage,15.3,485.6,0.588,0.773,32342,15,46.7,66.4,162.5,30.5,67.8,4.3,0.99,1.1,4.9,Low
FLD-003873,2022-10-18,2022,10,Tuesday,0,1,0,Harapin ang Bukas,Drainage,16.8,627.3,0.599,0.781,23340,9,25.8,76.0,207.7,29.4,84.4,9.0,1.08,100.9,4.3,Medium
FLD-003874,2023-01-02,2023,1,Monday,0,0,1,Barangka Ibaba,Pasig River,7.9,94.3,0.459,0.864,43713,15,104.7,190.7,294.9,25.1,74.3,7.8,0.66,287.8,11.4,High
FLD-003875,2021-07-11,2021,7,Sunday,1,1,1,New Zañiga,Buhangin Creek,7.9,136.1,0.533,0.79,37976,22,49.8,123.3,332.0,30.8,71.6,15.2,1.24,225.4,10.5,High
FLD-003876,2022-05-15,2022,5,Sunday,1,1,1,Hulo,Pasig River,5.8,90.6,0.453,0.892,39575,24,139.9,176.4,386.1,24.1,100,23.8,0.98,414.0,14.5,High
FLD-003877,2025-06-21,2025,6,Saturday,1,1,0,Highway Hills,Maytunas Creek,28.9,880.1,0.712,0.804,46584,4,3.1,100.3,179.2,28.0,76.3,3.4,1.06,11.2,4.1,Low
FLD-003878,2023-12-26,2023,12,Tuesday,0,0,0,Old Zañiga,Buhangin Creek,7.7,155.6,0.555,0.764,34647,21,8.6,29.5,73.2,35.4,67.0,4.3,1.11,101.5,5.5,Medium
FLD-003879,2022-07-15,2022,7,Friday,0,1,0,Mauway,Maytunas Creek,23.0,799.4,0.674,0.722,38151,8,10.6,106.1,188.6,29.9,73.0,9.0,1.22,0.8,7.7,Low
FLD-003880,2026-04-24,2026,4,Friday,0,0,0,Barangka Ibaba,Pasig River,6.4,67.2,0.476,0.883,40226,21,39.7,148.1,288.5,30.6,69.5,6.5,0.72,214.6,11.2,High
FLD-003881,2023-09-01,2023,9,Friday,0,1,0,Hagdan Bato Libis,Drainage,16.7,455.4,0.616,0.726,31690,14,7.7,59.7,200.7,30.4,72.8,15.6,0.64,84.1,4.4,Medium
FLD-003882,2021-07-24,2021,7,Saturday,1,1,0,Daang Bakal,Maytunas Creek,12.3,380.6,0.54,0.736,37499,17,6.0,77.8,203.0,29.4,66.6,1.5,1.69,84.0,8.5,Medium
FLD-003883,2025-08-31,2025,8,Sunday,1,1,0,Wack-Wack Greenhills East,Drainage,27.3,1185.7,0.819,0.654,18962,7,3.2,32.5,106.7,30.7,65.9,3.5,2.12,80.4,2.1,Low
FLD-003884,2024-05-19,2024,5,Sunday,1,1,0,Burol,Drainage,21.4,769.3,0.679,0.649,23127,13,21.8,147.3,151.3,29.0,77.1,3.0,1.24,109.8,5.9,Medium
FLD-003885,2023-11-08,2023,11,Wednesday,0,1,0,Barangka Itaas,Pasig River,8.3,252.8,0.528,0.804,36163,16,1.4,53.1,229.0,29.5,80.7,0,1.26,142.8,6.4,Medium
FLD-003886,2024-04-20,2024,4,Saturday,1,0,0,Harapin ang Bukas,Drainage,16.3,564.7,0.639,0.773,20028,18,7.4,47.1,148.7,33.8,67.7,8.2,0.97,13.2,5.4,Low
FLD-003887,2021-05-06,2021,5,Thursday,0,1,0,Old Zañiga,Buhangin Creek,7.6,102.5,0.501,0.846,33142,18,0.3,42.9,169.2,32.9,69.8,23.4,1.09,110.1,3.1,Low
FLD-003888,2024-05-04,2024,5,Saturday,1,1,0,Pleasant Hills,Ermitaño Creek,24.9,1014.1,0.664,0.695,26511,7,5.4,68.8,329.8,30.2,70.0,3.4,1.04,121.2,4.8,Low
FLD-003889,2023-10-05,2023,10,Thursday,0,1,0,Daang Bakal,Maytunas Creek,12.1,390.0,0.618,0.792,33483,16,3.6,199.9,285.5,30.0,77.3,7.0,1.26,123.2,9.9,Medium
FLD-003890,2025-10-28,2025,10,Tuesday,0,1,0,Daang Bakal,Maytunas Creek,12.0,371.1,0.56,0.732,30557,20,1.2,42.9,217.2,30.9,64.7,1.6,1.04,34.4,4.8,Low
FLD-003891,2023-06-25,2023,6,Sunday,1,1,0,Vergara,Drainage,24.3,807.5,0.781,0.635,24994,8,2.6,52.1,356.9,31.6,63.4,17.5,1.46,147.6,5.9,Low
FLD-003892,2026-06-01,2026,6,Monday,0,1,0,Pag-Asa,Drainage,19.7,685.4,0.64,0.638,22739,9,34.6,42.3,108.8,27.9,67.9,10.7,1.22,121.8,4.5,Low
FLD-003893,2021-09-03,2021,9,Friday,0,1,0,Hulo,Pasig River,6.7,83.6,0.413,0.828,38362,20,5.3,17.9,166.0,30.0,66.4,18.0,1.31,90.0,3.6,Low
FLD-003894,2021-11-11,2021,11,Thursday,0,1,1,Barangka Drive,Pasig River,9.0,205.0,0.496,0.805,32581,24,76.9,172.3,293.9,29.5,77.6,10.8,1.18,218.7,12.0,High
FLD-003895,2022-09-06,2022,9,Tuesday,0,1,1,Old Zañiga,Buhangin Creek,8.2,143.7,0.538,0.794,32874,21,56.4,111.1,194.5,27.6,87.9,11.9,1.13,278.2,10.7,High
FLD-003896,2022-04-17,2022,4,Sunday,1,0,0,Hagdan Bato Itaas,Drainage,22.3,763.8,0.678,0.67,24491,15,1.7,20.3,218.0,33.7,57.5,14.4,0.98,7.5,0.5,Low
FLD-003897,2023-02-18,2023,2,Saturday,1,0,0,Old Zañiga,Buhangin Creek,6.8,133.0,0.535,0.805,34781,15,2.4,4.4,79.6,30.8,58.4,18.5,0.76,130.8,4.3,Medium
FLD-003898,2026-02-25,2026,2,Wednesday,0,0,0,Barangka Drive,Pasig River,9.8,240.2,0.541,0.801,29502,21,2.0,25.5,101.1,33.4,58.4,1.9,0.8,127.0,3.4,Low
FLD-003899,2025-09-25,2025,9,Thursday,0,1,0,Hulo,Pasig River,7.4,87.7,0.39,0.831,32892,20,1.1,92.7,255.9,30.4,66.1,12.3,1.32,99.3,7.4,Medium
FLD-003900,2023-10-31,2023,10,Tuesday,0,1,2,Addition Hills,Maytunas Creek,24.9,948.6,0.671,0.741,47249,14,189.1,228.9,290.0,26.0,96.2,34.7,1.39,355.7,15.3,High
FLD-003901,2022-03-22,2022,3,Tuesday,0,0,0,Highway Hills,Maytunas Creek,30.2,919.2,0.774,0.811,41647,12,18.1,30.2,72.3,30.6,55.6,9.4,1.31,34.3,4.3,Low
FLD-003902,2023-11-05,2023,11,Sunday,1,1,0,Mabini-J. Rizal,Maytunas Creek,15.4,453.0,0.574,0.71,30498,15,21.5,220.5,319.2,31.5,78.9,10.2,1.11,97.5,10.3,Medium
FLD-003903,2025-07-22,2025,7,Tuesday,0,1,0,Mauway,Maytunas Creek,23.3,842.9,0.692,0.741,36544,16,2.8,181.9,489.9,29.0,68.0,5.1,0.97,107.6,6.8,Medium
FLD-003904,2024-12-25,2024,12,Wednesday,0,0,0,Mauway,Maytunas Creek,23.2,837.1,0.609,0.707,35719,15,41.9,73.3,100.8,28.5,76.8,2.1,0.73,9.9,4.8,Low
FLD-003905,2025-07-02,2025,7,Wednesday,0,1,0,Wack-Wack Greenhills East,Drainage,27.6,1199.6,0.834,0.635,19741,4,4.5,32.9,139.7,30.3,71.9,10.2,0.95,61.7,1.9,Low
FLD-003906,2022-01-25,2022,1,Tuesday,0,0,0,Malamig,Tributary,20.5,565.4,0.638,0.698,29950,15,46.9,100.2,268.8,30.0,62.2,19.9,1.26,98.5,7.3,High
FLD-003907,2025-04-15,2025,4,Tuesday,0,0,2,Hagdan Bato Libis,Drainage,15.8,494.9,0.671,0.708,30411,16,155.5,166.4,227.8,29.5,85.0,21.6,0.5,304.0,11.8,High
FLD-003908,2024-05-24,2024,5,Friday,0,1,0,Poblacion,Buhangin Creek,6.4,70.5,0.489,0.828,42503,17,0.4,56.1,171.1,30.4,77.2,18.2,1.05,160.8,7.1,Medium
FLD-003909,2023-01-16,2023,1,Monday,0,0,1,Malamig,Tributary,20.4,631.9,0.641,0.658,26307,6,46.3,181.5,399.0,30.6,70.9,20.1,1.12,115.7,11.8,High
FLD-003910,2023-08-19,2023,8,Saturday,1,1,0,Wack-Wack Greenhills East,Drainage,28.0,1219.1,0.768,0.644,16735,5,29.0,106.0,256.3,28.1,71.8,3.4,1.49,143.4,6.2,Medium
FLD-003911,2024-01-15,2024,1,Monday,0,0,0,Hagdan Bato Libis,Drainage,16.0,513.1,0.618,0.823,33766,13,0.1,52.0,99.6,33.8,65.0,4.2,1.12,126.2,7.6,Low
FLD-003912,2024-04-06,2024,4,Saturday,1,0,0,San Jose,Drainage,21.7,690.7,0.661,0.698,27421,9,29.0,93.8,309.8,28.7,77.2,5.1,0.73,73.9,6.3,Low
FLD-003913,2026-03-14,2026,3,Saturday,1,0,0,Poblacion,Buhangin Creek,5.8,29.1,0.458,0.839,41608,19,11.8,74.3,168.8,32.7,64.9,10.5,0.96,85.0,2.4,Medium
FLD-003914,2025-01-01,2025,1,Wednesday,0,0,1,Vergara,Drainage,24.4,797.2,0.754,0.633,26129,8,59.8,194.2,437.1,31.5,74.3,14.8,1.02,126.5,11.0,High
FLD-003915,2025-11-04,2025,11,Tuesday,0,1,0,Daang Bakal,Maytunas Creek,11.7,366.1,0.586,0.74,28002,14,21.9,39.9,266.9,29.9,84.5,18.7,0.85,115.2,5.8,Medium
FLD-003916,2021-08-18,2021,8,Wednesday,0,1,1,Hulo,Pasig River,6.5,100.6,0.48,0.878,41186,18,70.5,156.3,302.4,28.0,87.3,23.4,1.25,222.6,10.6,High
FLD-003917,2021-09-09,2021,9,Thursday,0,1,0,Barangka Ilaya,Pasig River,7.5,123.6,0.485,0.798,39197,17,46.5,228.7,355.3,30.1,71.5,1.7,1.15,170.8,12.5,High
FLD-003918,2021-03-04,2021,3,Thursday,0,0,0,Barangka Ibaba,Pasig River,7.5,111.9,0.424,0.839,42140,20,14.6,86.4,173.8,31.1,65.5,12.0,0.8,67.4,8.4,Medium
FLD-003919,2026-05-15,2026,5,Friday,0,1,0,Poblacion,Buhangin Creek,6.3,97.5,0.479,0.837,40731,21,34.2,72.0,154.7,25.5,73.8,22.9,0.86,9.8,4.7,Low
FLD-003920,2022-10-20,2022,10,Thursday,0,1,0,Malamig,Tributary,19.6,609.2,0.673,0.673,31565,12,17.9,43.4,138.5,30.4,81.4,0.9,1.19,93.4,2.3,Low
FLD-003921,2022-03-23,2022,3,Wednesday,0,0,0,Burol,Drainage,21.3,695.0,0.703,0.658,22923,12,15.5,45.9,180.0,28.7,66.7,6.4,1.34,100.7,4.3,Medium
FLD-003922,2024-02-29,2024,2,Thursday,0,0,1,Hagdan Bato Libis,Drainage,17.0,476.5,0.576,0.736,30053,14,19.3,26.7,156.3,30.5,53.3,12.9,0.75,12.6,3.2,Low
FLD-003923,2021-03-27,2021,3,Saturday,1,0,1,Barangka Ilaya,Pasig River,7.4,191.1,0.501,0.873,35524,16,233.7,259.5,326.4,22.4,87.6,19.3,0.75,499.0,17.2,High
FLD-003924,2022-11-13,2022,11,Sunday,1,1,0,Daang Bakal,Maytunas Creek,11.1,367.2,0.606,0.72,30553,12,3.1,40.9,50.0,29.3,68.4,7.1,1.61,6.4,6.4,Low
FLD-003925,2021-04-18,2021,4,Sunday,1,0,0,Malamig,Tributary,19.0,604.5,0.675,0.675,30436,14,49.9,80.4,155.7,31.3,74.3,9.4,1.36,168.8,8.3,Medium
FLD-003926,2025-06-11,2025,6,Wednesday,0,1,1,Buayang Bato,Buayang Bato Creek,14.5,278.1,0.581,0.821,35713,13,13.4,57.2,192.1,28.1,81.4,16.6,1.47,139.1,6.7,Low
FLD-003927,2023-07-09,2023,7,Sunday,1,1,0,Wack-Wack Greenhills East,Drainage,28.6,1174.7,0.78,0.647,22491,6,4.5,33.3,226.1,31.8,71.1,5.1,1.45,0.0,0.9,Low
FLD-003928,2024-03-06,2024,3,Wednesday,0,0,1,Wack-Wack Greenhills East,Drainage,27.1,1203.3,0.888,0.605,15849,5,48.7,104.2,213.7,31.4,63.4,20.4,1.15,154.1,6.8,Low
FLD-003929,2024-09-19,2024,9,Thursday,0,1,0,Namayan,Pasig River,7.3,103.0,0.542,0.818,32416,21,5.4,59.3,134.4,30.4,70.7,2.6,0.86,102.9,7.9,Medium
FLD-003930,2023-02-07,2023,2,Tuesday,0,0,0,Bagong Silang,Drainage,17.6,560.6,0.619,0.703,27696,14,30.1,51.7,94.9,31.5,70.8,8.2,0.2,3.4,2.5,Low
FLD-003931,2025-04-07,2025,4,Monday,0,0,1,Mauway,Maytunas Creek,23.4,826.9,0.684,0.779,40264,8,119.4,121.7,149.9,31.0,63.7,16.4,1.22,246.3,5.9,High
FLD-003932,2022-05-21,2022,5,Saturday,1,1,0,Barangka Itaas,Pasig River,8.9,233.5,0.479,0.861,37045,18,1.4,14.2,105.1,33.7,80.4,22.9,1.5,10.4,4.2,Low
FLD-003933,2025-11-03,2025,11,Monday,0,1,1,Pleasant Hills,Ermitaño Creek,24.6,941.0,0.709,0.71,24798,5,84.5,178.0,224.2,28.5,85.7,33.7,1.29,179.2,9.2,High
FLD-003934,2022-05-29,2022,5,Sunday,1,1,0,Wack-Wack Greenhills East,Drainage,28.3,1267.5,0.772,0.648,22549,6,11.2,64.6,215.1,29.1,78.6,7.3,1.48,125.0,4.0,Low
FLD-003935,2024-07-28,2024,7,Sunday,1,1,0,Barangka Ibaba,Pasig River,7.4,83.6,0.508,0.912,41702,25,1.0,255.0,566.0,32.4,74.4,1.3,1.45,158.1,8.9,High
FLD-003936,2025-01-25,2025,1,Saturday,1,0,0,Hagdan Bato Libis,Drainage,16.6,495.8,0.595,0.749,32339,23,0.3,93.3,136.8,32.5,53.4,12.5,0.82,43.3,1.7,Low
FLD-003937,2021-01-10,2021,1,Sunday,1,0,1,Barangka Ilaya,Pasig River,8.0,110.9,0.48,0.823,38160,18,12.7,57.9,134.0,29.4,73.9,35.9,1.21,240.8,8.4,High
FLD-003938,2021-03-11,2021,3,Thursday,0,0,0,Namayan,Pasig River,7.7,147.9,0.5,0.846,34408,17,35.2,152.6,217.9,31.6,68.7,10.4,0.72,71.0,8.3,High
FLD-003939,2025-10-31,2025,10,Friday,0,1,0,Buayang Bato,Buayang Bato Creek,14.9,307.1,0.485,0.751,34682,15,9.8,27.6,93.5,29.6,85.6,8.7,0.91,50.4,5.6,Low
FLD-003940,2022-05-10,2022,5,Tuesday,0,1,0,Hulo,Pasig River,6.0,62.2,0.452,0.825,40263,20,78.9,86.7,147.7,28.9,88.8,8.2,0.96,307.1,9.4,High
FLD-003941,2021-10-03,2021,10,Sunday,1,1,2,Vergara,Drainage,23.4,753.1,0.612,0.668,23326,9,50.5,128.8,170.8,28.8,87.8,23.8,1.0,103.6,7.6,High
FLD-003942,2021-11-23,2021,11,Tuesday,0,1,0,Barangka Ibaba,Pasig River,6.4,58.2,0.404,0.851,38380,18,10.0,39.4,131.3,26.0,69.3,14.7,1.44,102.6,4.4,Medium
FLD-003943,2023-03-29,2023,3,Wednesday,0,0,2,New Zañiga,Buhangin Creek,6.5,189.5,0.466,0.776,36822,16,69.1,99.6,270.1,34.2,73.4,17.7,1.09,273.6,12.9,High
FLD-003944,2023-05-15,2023,5,Monday,0,1,2,Addition Hills,Maytunas Creek,24.3,968.9,0.711,0.688,48146,15,100.3,167.0,281.2,27.3,81.2,25.0,1.18,183.0,10.6,High
FLD-003945,2024-01-04,2024,1,Thursday,0,0,0,Hagdan Bato Itaas,Drainage,22.7,746.5,0.67,0.732,26668,9,33.6,137.0,231.9,31.7,78.4,0.9,1.61,173.0,7.7,Medium
FLD-003946,2023-12-25,2023,12,Monday,0,0,0,Hagdan Bato Libis,Drainage,14.6,517.2,0.6,0.755,32391,12,1.2,20.0,355.2,28.8,72.8,4.6,1.42,126.5,3.1,Medium
FLD-003947,2024-03-03,2024,3,Sunday,1,0,0,Vergara,Drainage,24.6,840.3,0.711,0.647,24546,7,8.9,64.6,137.3,32.3,72.9,12.6,1.17,0.5,4.4,Low
FLD-003948,2024-11-04,2024,11,Monday,0,1,0,Wack-Wack Greenhills East,Drainage,28.4,1226.4,0.805,0.657,18320,5,24.6,139.0,179.9,30.8,69.8,21.5,1.25,1.7,8.6,Low
FLD-003949,2025-07-07,2025,7,Monday,0,1,0,Old Zañiga,Buhangin Creek,7.9,198.9,0.502,0.825,34727,18,6.8,130.3,267.0,29.2,73.7,9.3,1.34,101.1,8.2,Medium
FLD-003950,2025-08-25,2025,8,Monday,0,1,1,Bagong Silang,Drainage,18.8,597.3,0.572,0.697,22094,12,28.9,36.5,155.8,27.0,78.7,12.7,1.71,79.9,7.1,Low
FLD-003951,2021-09-08,2021,9,Wednesday,0,1,1,Barangka Itaas,Pasig River,10.9,241.5,0.452,0.831,36385,14,15.2,21.9,312.9,32.0,72.3,11.8,0.98,165.3,4.3,Medium
FLD-003952,2023-08-24,2023,8,Thursday,0,1,0,Buayang Bato,Buayang Bato Creek,14.6,299.9,0.525,0.756,33846,19,7.2,55.3,177.7,30.6,72.4,0,1.6,124.6,1.5,Medium
FLD-003953,2025-08-08,2025,8,Friday,0,1,0,Mauway,Maytunas Creek,23.3,837.1,0.683,0.734,38654,9,30.1,149.7,212.3,29.7,78.7,8.3,1.23,53.3,9.2,Low
FLD-003954,2023-09-29,2023,9,Friday,0,1,0,Bagong Silang,Drainage,18.6,640.2,0.584,0.727,25615,15,16.5,114.1,213.2,29.7,71.2,0.3,0.34,71.6,6.3,Low
FLD-003955,2021-01-31,2021,1,Sunday,1,0,1,Barangka Ibaba,Pasig River,7.6,64.1,0.471,0.904,41961,16,169.3,208.2,270.6,27.4,77.8,10.4,1.58,415.2,15.7,High
FLD-003956,2024-09-05,2024,9,Thursday,0,1,1,Addition Hills,Maytunas Creek,23.8,947.0,0.699,0.702,47293,13,105.0,318.4,534.2,27.2,85.5,12.8,1.32,198.5,14.9,High
FLD-003957,2021-04-13,2021,4,Tuesday,0,0,1,Highway Hills,Maytunas Creek,29.1,919.7,0.737,0.746,44083,8,87.0,174.5,318.5,26.8,71.6,7.6,1.18,208.7,11.8,High
FLD-003958,2023-11-22,2023,11,Wednesday,0,1,0,Mabini-J. Rizal,Maytunas Creek,15.9,412.7,0.578,0.726,32138,17,4.8,78.2,90.3,29.3,81.9,4.7,1.01,117.5,0.9,Low
FLD-003959,2025-12-26,2025,12,Friday,0,0,1,Addition Hills,Maytunas Creek,24.8,949.1,0.698,0.711,44813,6,40.2,101.9,122.0,30.1,76.7,11.5,1.1,60.4,11.4,Low
FLD-003960,2026-06-23,2026,6,Tuesday,0,1,0,Mauway,Maytunas Creek,21.8,864.6,0.661,0.695,37231,11,17.4,63.4,99.7,25.7,67.8,10.8,0.99,10.4,4.0,Low
FLD-003961,2026-03-07,2026,3,Saturday,1,0,0,Daang Bakal,Maytunas Creek,11.5,411.8,0.557,0.778,29279,16,107.4,167.8,335.9,33.2,83.8,22.8,0.87,240.7,10.6,High
FLD-003962,2025-06-20,2025,6,Friday,0,1,1,Plainview,Estero,18.8,511.1,0.691,0.778,27565,18,54.3,85.4,302.8,27.8,82.6,24.7,0.85,103.8,7.1,High
FLD-003963,2021-03-15,2021,3,Monday,0,0,0,Namayan,Pasig River,7.2,164.1,0.527,0.794,35066,21,17.2,75.0,108.6,32.8,70.9,17.5,0.76,98.4,6.0,High
FLD-003964,2021-04-21,2021,4,Wednesday,0,0,0,Poblacion,Buhangin Creek,5.7,45.6,0.452,0.81,41408,22,6.6,33.8,113.0,29.5,65.3,7.0,0.78,2.9,3.2,Low
FLD-003965,2026-02-10,2026,2,Tuesday,0,0,0,Highway Hills,Maytunas Creek,30.5,884.8,0.726,0.751,43511,12,2.9,75.5,126.8,31.2,65.9,9.4,1.33,0,5.5,Medium
FLD-003966,2022-09-03,2022,9,Saturday,1,1,1,Bagong Silang,Drainage,17.5,602.4,0.655,0.704,25128,11,154.0,171.7,487.0,28.2,83.1,13.3,1.05,282.6,10.4,High
FLD-003967,2023-02-19,2023,2,Sunday,1,0,2,Vergara,Drainage,25.0,792.3,0.732,0.635,23137,10,68.0,141.9,182.9,31.5,78.2,22.0,0.78,158.7,10.5,High
FLD-003968,2026-01-17,2026,1,Saturday,1,0,2,New Zañiga,Buhangin Creek,6.9,131.0,0.486,0.833,36668,20,132.3,184.5,262.2,27.7,75.5,35.1,1.01,358.2,14.9,High
FLD-003969,2022-03-30,2022,3,Wednesday,0,0,0,Pag-Asa,Drainage,19.3,641.3,0.623,0.659,25435,15,1.8,178.9,223.1,31.4,59.2,8.6,1.38,136.5,9.4,Medium
FLD-003970,2023-08-29,2023,8,Tuesday,0,1,0,Wack-Wack Greenhills East,Drainage,28.3,1209.0,0.788,0.551,17221,7,40.3,102.5,141.4,28.8,74.8,0,1.48,90.3,9.5,Medium
FLD-003971,2021-01-16,2021,1,Saturday,1,0,1,Mauway,Maytunas Creek,22.9,879.4,0.658,0.717,39631,11,22.1,79.6,125.8,31.6,66.1,11.8,0.64,106.3,6.1,Low
FLD-003972,2022-10-09,2022,10,Sunday,1,1,0,Buayang Bato,Buayang Bato Creek,13.9,332.9,0.563,0.735,38312,11,22.1,38.9,151.3,28.5,71.6,3.0,1.25,5.1,5.1,Low
FLD-003973,2022-04-15,2022,4,Friday,0,0,0,Hagdan Bato Itaas,Drainage,22.5,736.8,0.701,0.686,30130,8,2.5,79.7,203.3,32.9,59.5,11.7,0.81,123.0,4.8,Low
FLD-003974,2021-12-21,2021,12,Tuesday,0,0,0,Mabini-J. Rizal,Maytunas Creek,14.7,423.6,0.587,0.749,28555,18,1.7,61.3,131.6,32.9,70.8,5.2,0.95,65.9,5.6,Medium
FLD-003975,2024-10-05,2024,10,Saturday,1,1,1,Buayang Bato,Buayang Bato Creek,13.5,346.1,0.572,0.721,33499,15,10.7,19.4,152.2,30.3,71.2,10.8,1.47,111.3,4.1,Medium
FLD-003976,2026-01-18,2026,1,Sunday,1,0,2,Barangka Drive,Pasig River,8.2,175.8,0.441,0.833,33135,20,64.3,140.4,168.0,29.4,67.8,21.8,0.65,163.7,11.2,High
FLD-003977,2025-09-05,2025,9,Friday,0,1,0,Mauway,Maytunas Creek,21.6,863.7,0.705,0.677,34175,6,11.9,58.8,294.9,29.9,61.0,6.2,1.31,67.4,5.3,Low
FLD-003978,2024-08-06,2024,8,Tuesday,0,1,0,Hulo,Pasig River,5.8,152.5,0.452,0.833,35811,21,4.7,76.4,174.2,32.3,76.1,1.5,1.88,106.2,7.3,Medium
FLD-003979,2021-08-09,2021,8,Monday,0,1,1,Plainview,Estero,17.7,532.4,0.573,0.706,30356,12,64.1,96.1,161.6,29.6,80.4,14.8,1.49,195.5,6.3,Medium
FLD-003980,2025-06-18,2025,6,Wednesday,0,1,0,Buayang Bato,Buayang Bato Creek,12.9,272.7,0.629,0.754,37325,17,10.1,76.0,238.7,32.7,76.3,11.5,0.96,122.2,7.1,Low
FLD-003981,2022-08-03,2022,8,Wednesday,0,1,1,Old Zañiga,Buhangin Creek,7.5,195.9,0.496,0.87,33900,16,28.9,84.5,171.1,29.2,81.2,10.6,1.25,152.7,9.4,Medium
FLD-003982,2023-11-11,2023,11,Saturday,1,1,0,Barangka Ilaya,Pasig River,8.5,142.6,0.469,0.792,39726,20,112.9,138.0,177.2,27.9,80.7,2.8,1.05,317.2,12.2,High
FLD-003983,2025-08-27,2025,8,Wednesday,0,1,0,Daang Bakal,Maytunas Creek,12.8,344.8,0.623,0.757,33670,19,60.3,86.2,125.0,29.4,84.4,4.1,0.97,140.0,1.5,Medium
FLD-003984,2025-12-19,2025,12,Friday,0,0,0,Barangka Ibaba,Pasig River,7.1,103.0,0.485,0.88,42442,21,3.5,78.6,152.6,29.7,63.9,3.2,1.51,62.1,3.3,Medium
FLD-003985,2021-10-21,2021,10,Thursday,0,1,0,Plainview,Estero,18.6,494.1,0.628,0.698,33063,13,20.1,209.1,408.8,28.0,60.2,3.7,1.65,54.4,7.5,Medium
FLD-003986,2025-07-26,2025,7,Saturday,1,1,0,Burol,Drainage,21.8,717.0,0.693,0.711,20538,7,8.5,46.9,112.9,29.1,71.3,8.6,0.89,1.4,6.6,Low
FLD-003987,2026-03-10,2026,3,Tuesday,0,0,0,Wack-Wack Greenhills East,Drainage,28.9,1211.5,0.844,0.66,20356,8,21.4,35.2,108.1,29.1,70.4,3.1,1.27,104.0,4.3,Low
FLD-003988,2025-01-04,2025,1,Saturday,1,0,1,Barangka Itaas,Pasig River,9.0,243.2,0.523,0.797,32418,16,60.9,150.4,251.7,30.2,61.8,13.6,1.42,188.1,11.0,High
FLD-003989,2022-02-06,2022,2,Sunday,1,0,0,Barangka Ilaya,Pasig River,8.5,106.5,0.463,0.846,34534,17,12.5,38.6,44.4,31.8,59.1,19.9,0.49,70.8,6.2,Low
FLD-003990,2025-11-22,2025,11,Saturday,1,1,0,Buayang Bato,Buayang Bato Creek,13.6,324.7,0.531,0.717,30780,20,7.8,50.9,227.8,29.7,66.0,9.4,1.52,128.9,8.6,Low
FLD-003991,2023-10-10,2023,10,Tuesday,0,1,1,Barangka Itaas,Pasig River,10.3,243.8,0.554,0.794,41281,18,91.9,153.2,311.3,27.8,81.4,12.2,1.21,246.5,12.8,High
FLD-003992,2026-06-23,2026,6,Tuesday,0,1,0,Wack-Wack Greenhills East,Drainage,28.9,1241.4,0.812,0.669,20504,10,63.2,122.3,185.3,28.4,77.9,0,1.16,43.0,8.9,Low
FLD-003993,2021-12-08,2021,12,Wednesday,0,0,1,Hagdan Bato Itaas,Drainage,20.2,769.4,0.723,0.713,28782,12,37.2,99.8,158.4,29.6,76.1,11.9,0.2,72.7,6.7,Low
FLD-003994,2023-01-06,2023,1,Friday,0,0,2,Burol,Drainage,22.3,704.6,0.669,0.709,21944,14,59.9,98.6,152.2,30.2,68.5,28.8,1.19,209.2,6.5,Medium
FLD-003995,2026-01-12,2026,1,Monday,0,0,0,New Zañiga,Buhangin Creek,7.0,149.1,0.542,0.817,33809,21,98.5,122.0,166.0,29.1,77.5,13.0,1.06,253.2,7.2,Medium
FLD-003996,2023-06-11,2023,6,Sunday,1,1,0,Mabini-J. Rizal,Maytunas Creek,16.4,422.1,0.576,0.751,32561,11,48.1,113.5,216.9,29.9,71.8,0,1.27,76.0,8.7,High
FLD-003997,2023-10-12,2023,10,Thursday,0,1,0,Hagdan Bato Libis,Drainage,17.0,475.3,0.639,0.708,30554,15,1.4,70.2,115.1,28.6,68.7,4.3,1.36,15.3,3.9,Low
FLD-003998,2025-11-02,2025,11,Sunday,1,1,1,Buayang Bato,Buayang Bato Creek,12.6,321.2,0.568,0.755,35033,18,27.7,36.4,149.4,30.3,75.1,14.5,1.47,156.1,4.6,Medium
FLD-003999,2023-01-26,2023,1,Thursday,0,0,1,San Jose,Drainage,21.9,693.5,0.699,0.714,26139,13,34.2,112.4,234.3,30.7,73.1,14.0,0.86,44.4,7.1,Medium
FLD-004000,2023-03-12,2023,3,Sunday,1,0,0,Pag-Asa,Drainage,19.1,655.6,0.66,0.775,25150,9,72.0,92.5,170.4,29.3,78.6,5.8,0.96,139.4,7.1,Medium
FLD-004001,2024-01-15,2024,1,Monday,0,0,1,Harapin ang Bukas,Drainage,16.7,568.6,0.589,0.756,21405,9,9.4,24.8,87.3,32.4,77.7,20.7,1.55,185.7,2.8,Low
FLD-004002,2021-07-30,2021,7,Friday,0,1,1,Hagdan Bato Libis,Drainage,17.2,501.8,0.612,0.7,30284,17,55.2,68.7,155.8,30.3,71.6,23.1,1.29,122.8,9.4,Medium
FLD-004003,2021-08-18,2021,8,Wednesday,0,1,0,Malamig,Tributary,19.3,622.2,0.639,0.733,31049,9,34.8,122.3,226.4,29.4,85.3,13.4,1.24,61.7,9.9,High
FLD-004004,2024-11-15,2024,11,Friday,0,1,0,Barangka Itaas,Pasig River,9.6,252.8,0.502,0.84,32929,16,38.2,59.6,115.4,29.0,68.9,2.5,1.19,114.1,6.5,Medium
FLD-004005,2022-02-04,2022,2,Friday,0,0,0,Addition Hills,Maytunas Creek,24.3,992.1,0.675,0.724,45618,12,48.8,116.6,152.1,30.6,73.7,14.0,1.31,60.2,7.1,High
FLD-004006,2023-02-20,2023,2,Monday,0,0,2,Poblacion,Buhangin Creek,7.5,130.3,0.397,0.837,41853,17,164.9,193.5,273.8,25.8,84.5,23.6,0.78,383.1,16.3,High
FLD-004007,2024-01-08,2024,1,Monday,0,0,0,Poblacion,Buhangin Creek,6.8,81.0,0.423,0.87,42345,20,31.7,69.6,112.1,33.7,64.2,8.2,0.68,144.6,6.1,Medium
FLD-004008,2024-01-23,2024,1,Tuesday,0,0,1,Poblacion,Buhangin Creek,5.6,100.2,0.446,0.823,38986,15,193.6,246.1,289.1,29.6,89.6,22.2,0.92,446.1,13.3,High
FLD-004009,2022-12-25,2022,12,Sunday,1,0,0,Daang Bakal,Maytunas Creek,13.2,317.5,0.557,0.792,33514,15,6.8,70.2,240.9,31.7,63.7,0.5,1.34,11.2,4.5,Low
FLD-004010,2022-04-20,2022,4,Wednesday,0,0,1,Mabini-J. Rizal,Maytunas Creek,14.1,503.2,0.601,0.726,30273,14,26.7,51.6,189.2,35.4,69.0,15.9,1.29,168.3,3.1,Medium
FLD-004011,2026-01-07,2026,1,Wednesday,0,0,0,Malamig,Tributary,19.1,629.9,0.684,0.651,28665,12,7.0,24.4,45.8,30.7,61.8,1.4,0.89,3.5,4.2,Low
FLD-004012,2025-08-12,2025,8,Tuesday,0,1,2,Plainview,Estero,18.6,478.0,0.626,0.743,28136,17,55.9,171.8,218.4,27.7,85.4,23.3,1.04,134.9,11.8,High
FLD-004013,2021-04-22,2021,4,Thursday,0,0,0,Namayan,Pasig River,8.6,167.1,0.546,0.82,36425,18,0.1,80.1,255.1,31.2,60.5,5.4,0.43,128.7,7.3,Medium
FLD-004014,2025-01-02,2025,1,Thursday,0,0,3,Highway Hills,Maytunas Creek,29.9,914.0,0.761,0.763,45663,8,99.8,160.8,185.9,32.2,74.8,20.5,1.36,209.0,12.4,High
FLD-004015,2025-07-06,2025,7,Sunday,1,1,1,New Zañiga,Buhangin Creek,7.6,168.5,0.594,0.8,35020,18,72.5,200.1,287.5,28.5,81.8,8.0,1.19,189.5,11.4,High
FLD-004016,2023-08-22,2023,8,Tuesday,0,1,0,San Jose,Drainage,21.2,744.9,0.653,0.656,28155,13,4.4,92.5,259.6,31.5,75.5,7.3,1.32,54.0,5.4,Medium
FLD-004017,2023-09-14,2023,9,Thursday,0,1,1,Bagong Silang,Drainage,17.1,598.7,0.616,0.76,26285,17,38.9,162.8,284.6,27.3,71.1,26.5,0.83,126.4,9.6,Medium
FLD-004018,2026-04-10,2026,4,Friday,0,0,0,Harapin ang Bukas,Drainage,15.9,540.2,0.668,0.761,22683,20,2.5,95.2,166.8,30.8,69.2,15.5,0.81,0.6,3.0,Low
FLD-004019,2024-04-16,2024,4,Tuesday,0,0,0,Bagong Silang,Drainage,18.2,603.4,0.608,0.722,28234,14,9.6,33.6,59.5,30.9,64.3,8.2,0.84,12.2,2.1,Low
FLD-004020,2025-05-04,2025,5,Sunday,1,1,2,Barangka Itaas,Pasig River,10.5,237.5,0.506,0.81,33081,17,190.8,207.2,410.8,24.8,92.6,22.5,1.04,406.7,14.6,High
FLD-004021,2021-11-05,2021,11,Friday,0,1,0,Pag-Asa,Drainage,19.1,614.4,0.55,0.732,25927,13,23.7,81.6,305.1,28.6,77.7,1.1,1.15,37.7,4.7,Medium
FLD-004022,2023-10-25,2023,10,Wednesday,0,1,2,Hagdan Bato Itaas,Drainage,21.6,759.5,0.687,0.708,28676,13,61.6,143.1,448.6,28.3,78.5,31.8,1.4,231.5,9.0,High
FLD-004023,2024-05-31,2024,5,Friday,0,1,0,Burol,Drainage,21.1,673.0,0.659,0.661,23421,13,21.3,111.5,354.8,32.2,72.5,18.4,1.72,137.4,11.6,Medium
FLD-004024,2023-02-18,2023,2,Saturday,1,0,2,Barangka Drive,Pasig River,10.0,214.6,0.51,0.864,34843,19,86.7,108.5,134.8,27.2,70.8,20.1,1.49,235.0,9.8,High
FLD-004025,2023-05-08,2023,5,Monday,0,1,0,Barangka Itaas,Pasig River,9.8,212.6,0.55,0.816,38000,17,8.2,46.9,161.4,31.2,64.4,0,1.33,99.6,4.6,Medium
FLD-004026,2023-03-08,2023,3,Wednesday,0,0,0,Buayang Bato,Buayang Bato Creek,14.8,321.0,0.558,0.732,29535,17,54.8,120.7,184.0,31.1,68.0,10.9,1.15,177.8,8.7,Medium
FLD-004027,2021-01-12,2021,1,Tuesday,0,0,0,New Zañiga,Buhangin Creek,8.0,170.7,0.584,0.778,32845,17,25.6,60.4,79.5,29.9,66.8,5.3,0.59,7.8,3.7,Low
FLD-004028,2026-04-02,2026,4,Thursday,0,0,0,Pag-Asa,Drainage,19.0,643.8,0.625,0.727,25849,12,19.0,43.3,74.4,31.0,71.8,9.0,1.27,73.6,4.5,Medium
FLD-004029,2023-10-05,2023,10,Thursday,0,1,2,Vergara,Drainage,23.9,767.7,0.653,0.664,27911,12,123.3,194.5,275.2,27.3,87.4,24.0,1.0,221.8,12.5,High
FLD-004030,2025-08-18,2025,8,Monday,0,1,0,Barangka Itaas,Pasig River,9.2,239.8,0.504,0.803,35003,16,19.2,76.7,235.8,30.9,67.9,12.8,1.1,5.6,5.7,Low
FLD-004031,2025-07-26,2025,7,Saturday,1,1,0,Hagdan Bato Libis,Drainage,16.9,526.1,0.567,0.713,30701,15,1.2,13.0,130.9,31.8,71.9,8.4,1.72,77.3,0.9,Medium
FLD-004032,2022-03-18,2022,3,Friday,0,0,0,Burol,Drainage,20.7,707.7,0.604,0.705,22883,9,5.3,13.2,86.6,33.4,57.2,7.4,1.11,53.1,4.5,Low
FLD-004033,2022-08-25,2022,8,Thursday,0,1,0,Harapin ang Bukas,Drainage,17.1,552.4,0.625,0.779,23494,13,141.0,205.0,351.1,26.8,87.5,9.7,1.32,269.5,12.4,High
FLD-004034,2021-02-13,2021,2,Saturday,1,0,1,Namayan,Pasig River,7.9,126.4,0.471,0.768,31066,14,129.9,143.3,228.6,28.4,78.7,11.5,1.13,328.0,13.1,High
FLD-004035,2022-03-01,2022,3,Tuesday,0,0,2,Malamig,Tributary,19.8,581.1,0.717,0.695,32306,6,80.0,100.1,166.6,31.4,81.5,25.4,1.05,213.8,8.5,High
FLD-004036,2024-07-16,2024,7,Tuesday,0,1,1,Buayang Bato,Buayang Bato Creek,15.1,322.2,0.584,0.771,31497,12,17.3,29.4,82.4,28.2,77.7,28.7,0.99,9.7,4.6,Low
FLD-004037,2022-03-20,2022,3,Sunday,1,0,0,San Jose,Drainage,22.7,735.4,0.696,0.667,24692,13,2.8,40.3,60.4,30.9,59.6,0,0.88,3.5,0.6,Low
FLD-004038,2025-06-02,2025,6,Monday,0,1,1,Addition Hills,Maytunas Creek,24.8,1018.2,0.749,0.722,46355,6,22.7,71.1,125.8,30.7,78.0,13.8,1.05,93.2,8.0,Low
FLD-004039,2021-11-03,2021,11,Wednesday,0,1,1,Pleasant Hills,Ermitaño Creek,24.7,1008.8,0.71,0.713,26012,5,117.4,169.8,219.8,28.1,81.9,20.9,0.99,303.1,5.8,High
FLD-004040,2021-10-21,2021,10,Thursday,0,1,1,Barangka Drive,Pasig River,9.4,222.4,0.57,0.833,32914,12,4.3,105.0,365.7,32.9,76.0,18.8,1.87,123.7,7.5,High
FLD-004041,2024-11-23,2024,11,Saturday,1,1,0,Plainview,Estero,18.7,516.3,0.676,0.703,30859,14,3.5,151.1,158.8,27.9,66.3,7.1,1.29,83.5,5.2,Medium
FLD-004042,2024-01-02,2024,1,Tuesday,0,0,0,Poblacion,Buhangin Creek,6.7,93.9,0.461,0.823,40585,14,3.4,15.4,115.2,31.9,65.5,35.4,1.51,20.8,1.1,Low
FLD-004043,2025-02-22,2025,2,Saturday,1,0,0,Addition Hills,Maytunas Creek,26.0,960.2,0.678,0.749,43181,7,26.7,105.2,114.0,28.5,66.7,15.8,0.92,62.8,4.1,Low
FLD-004044,2022-11-12,2022,11,Saturday,1,1,1,Vergara,Drainage,22.8,803.8,0.661,0.618,19230,14,147.5,287.2,391.2,26.7,80.5,3.4,1.02,336.3,16.1,High
FLD-004045,2021-08-23,2021,8,Monday,0,1,1,Hulo,Pasig River,6.0,96.5,0.437,0.95,39658,23,194.2,217.3,381.0,24.8,86.1,16.1,1.19,445.4,19.7,High
FLD-004046,2024-10-15,2024,10,Tuesday,0,1,0,Daang Bakal,Maytunas Creek,13.5,359.8,0.55,0.747,34800,15,11.0,66.2,191.9,28.2,73.8,5.5,0.86,75.2,0.9,Medium
FLD-004047,2025-02-06,2025,2,Thursday,0,0,1,Barangka Drive,Pasig River,9.9,228.7,0.513,0.859,30905,20,23.2,67.9,215.6,33.7,62.3,11.8,1.05,58.2,7.1,Medium
FLD-004048,2024-03-14,2024,3,Thursday,0,0,0,Mabini-J. Rizal,Maytunas Creek,14.2,455.7,0.572,0.768,33273,14,1.7,28.7,69.2,29.1,57.8,4.5,1.17,132.5,2.5,Low
FLD-004049,2026-01-30,2026,1,Friday,0,0,1,Hagdan Bato Libis,Drainage,16.0,532.0,0.589,0.661,27750,14,131.1,138.3,169.2,32.5,97.8,21.6,0.67,222.6,7.9,High
FLD-004050,2022-12-04,2022,12,Sunday,1,0,1,New Zañiga,Buhangin Creek,7.6,129.7,0.507,0.737,34623,19,121.5,151.5,181.7,27.6,68.8,16.6,1.25,239.4,9.7,High
FLD-004051,2023-12-11,2023,12,Monday,0,0,0,Wack-Wack Greenhills East,Drainage,27.5,1185.9,0.834,0.649,22446,8,9.2,95.3,175.4,33.3,75.7,13.9,1.05,3.5,4.6,Low
FLD-004052,2024-05-29,2024,5,Wednesday,0,1,1,Highway Hills,Maytunas Creek,30.4,931.9,0.721,0.744,45016,6,145.6,428.6,524.8,27.8,86.3,12.9,1.12,186.0,21.4,High
FLD-004053,2023-05-01,2023,5,Monday,0,1,0,Barangka Ibaba,Pasig River,8.1,84.4,0.466,0.875,37608,26,6.2,44.5,112.8,26.4,72.6,5.6,1.48,92.3,4.5,Medium
FLD-004054,2021-01-13,2021,1,Wednesday,0,0,1,Burol,Drainage,22.1,716.8,0.683,0.674,21436,15,81.9,164.9,335.7,32.4,62.4,15.4,1.11,184.6,9.6,High
FLD-004055,2024-05-26,2024,5,Sunday,1,1,2,Barangka Ibaba,Pasig River,7.4,113.6,0.44,0.94,40918,21,52.7,123.9,178.2,29.3,84.4,36.6,1.74,274.2,10.4,High
FLD-004056,2021-04-07,2021,4,Wednesday,0,0,0,Plainview,Estero,18.1,531.1,0.663,0.693,31796,20,21.0,32.2,137.2,28.3,76.6,5.8,0.73,104.1,2.1,Medium
FLD-004057,2025-01-23,2025,1,Thursday,0,0,1,San Jose,Drainage,22.1,711.7,0.674,0.709,21696,13,29.1,44.6,199.5,31.5,80.1,26.7,1.7,8.1,2.7,Low
FLD-004058,2021-03-07,2021,3,Sunday,1,0,0,Mabini-J. Rizal,Maytunas Creek,14.6,446.9,0.569,0.773,31011,18,25.7,36.7,185.1,32.3,73.6,0.9,0.88,10.3,6.1,Low
FLD-004059,2023-08-09,2023,8,Wednesday,0,1,0,Bagong Silang,Drainage,18.4,600.4,0.645,0.746,22573,19,8.6,27.5,75.8,31.0,74.4,5.5,1.11,2.1,5.5,Low
FLD-004060,2023-07-15,2023,7,Saturday,1,1,0,Hulo,Pasig River,6.1,84.1,0.41,0.865,38468,22,30.5,82.7,112.7,30.7,69.6,35.4,1.63,52.9,6.0,Medium
FLD-004061,2026-05-02,2026,5,Saturday,1,1,1,Poblacion,Buhangin Creek,6.4,64.1,0.418,0.837,41054,19,76.5,113.8,252.2,26.6,86.7,22.2,1.2,273.6,8.7,High
FLD-004062,2021-08-17,2021,8,Tuesday,0,1,0,Pag-Asa,Drainage,19.5,658.9,0.688,0.714,28437,15,5.2,80.3,320.1,32.5,83.5,5.7,1.3,105.4,9.6,Medium
FLD-004063,2025-06-05,2025,6,Thursday,0,1,0,Barangka Drive,Pasig River,10.4,209.7,0.459,0.862,33184,17,37.0,91.6,165.2,26.6,78.5,22.6,0.85,239.3,5.7,High
FLD-004064,2021-05-12,2021,5,Wednesday,0,1,1,Hagdan Bato Itaas,Drainage,20.1,688.3,0.73,0.71,28954,13,41.9,175.4,528.3,27.9,74.0,18.6,1.79,209.8,9.7,High
FLD-004065,2025-01-26,2025,1,Sunday,1,0,0,Hulo,Pasig River,4.8,49.4,0.423,0.891,37080,21,8.9,63.2,141.7,28.3,59.3,10.7,1.6,118.1,4.4,High
FLD-004066,2024-09-02,2024,9,Monday,0,1,0,Plainview,Estero,17.7,531.7,0.607,0.709,31688,13,31.0,77.2,165.1,29.0,70.2,8.6,1.13,86.3,4.9,Medium
FLD-004067,2022-05-14,2022,5,Saturday,1,1,1,Plainview,Estero,19.8,513.2,0.61,0.794,29124,15,151.0,183.3,284.9,24.0,96.0,10.9,1.14,358.6,10.5,High
FLD-004068,2025-02-19,2025,2,Wednesday,0,0,0,Mauway,Maytunas Creek,22.8,887.0,0.682,0.696,33423,10,0.7,22.1,72.8,32.7,60.8,7.3,1.01,4.0,3.2,Low
FLD-004069,2024-02-28,2024,2,Wednesday,0,0,0,Vergara,Drainage,23.7,831.5,0.685,0.658,23005,15,11.3,94.8,230.8,29.4,58.5,7.7,1.34,5.2,4.3,Low
FLD-004070,2022-12-11,2022,12,Sunday,1,0,0,Highway Hills,Maytunas Creek,30.3,884.1,0.682,0.772,43525,8,34.3,87.2,163.4,31.4,65.4,0.6,0.4,81.4,7.4,Low
FLD-004071,2025-06-14,2025,6,Saturday,1,1,1,Malamig,Tributary,20.4,608.4,0.706,0.771,26670,6,105.5,153.3,259.8,29.0,99.9,11.7,1.57,189.3,6.2,Medium
FLD-004072,2025-09-27,2025,9,Saturday,1,1,3,Highway Hills,Maytunas Creek,30.3,903.6,0.719,0.805,45930,9,86.2,153.8,247.2,31.1,84.6,37.7,0.89,176.8,11.4,Medium
FLD-004073,2025-04-23,2025,4,Wednesday,0,0,1,Plainview,Estero,17.8,512.1,0.658,0.738,30218,13,32.8,143.7,200.0,32.6,62.9,13.9,1.26,5.3,7.4,Low
FLD-004074,2022-05-26,2022,5,Thursday,0,1,1,Daang Bakal,Maytunas Creek,11.7,342.4,0.623,0.748,32010,17,74.1,248.7,328.1,28.8,79.6,13.4,0.87,238.4,11.9,High
FLD-004075,2024-05-20,2024,5,Monday,0,1,0,Highway Hills,Maytunas Creek,29.8,926.0,0.734,0.748,44580,10,1.5,123.2,432.6,28.7,75.2,8.4,1.3,11.6,8.1,Low
FLD-004076,2021-01-20,2021,1,Wednesday,0,0,1,Mabini-J. Rizal,Maytunas Creek,14.2,482.8,0.562,0.705,29218,10,68.8,191.0,475.6,28.7,84.2,11.0,1.0,109.2,11.3,High
FLD-004077,2023-10-28,2023,10,Saturday,1,1,3,Barangka Ilaya,Pasig River,7.7,126.2,0.567,0.869,38457,20,220.5,334.6,376.9,22.8,84.3,32.5,1.47,484.6,20.4,High
FLD-004078,2021-04-15,2021,4,Thursday,0,0,0,Hagdan Bato Itaas,Drainage,21.9,759.0,0.67,0.661,31792,10,12.2,25.4,163.2,32.3,76.1,4.1,1.07,185.3,5.9,Low
FLD-004079,2025-03-26,2025,3,Wednesday,0,0,0,Buayang Bato,Buayang Bato Creek,14.7,324.3,0.552,0.754,33529,17,3.7,71.4,231.8,31.9,69.9,12.4,0.5,86.6,4.5,Low
FLD-004080,2021-10-25,2021,10,Monday,0,1,0,Plainview,Estero,18.2,541.0,0.689,0.764,30002,11,6.2,70.7,176.3,29.3,84.1,8.7,1.05,8.3,6.7,Low
FLD-004081,2023-02-09,2023,2,Thursday,0,0,0,Pleasant Hills,Ermitaño Creek,24.2,1022.5,0.691,0.708,23826,10,3.9,36.6,63.5,30.5,63.5,16.1,1.01,3.6,0.5,Low
FLD-004082,2026-01-19,2026,1,Monday,0,0,0,San Jose,Drainage,21.1,679.3,0.66,0.709,31277,7,3.5,35.3,109.4,31.4,73.2,9.6,1.02,83.7,3.8,Low
FLD-004083,2024-09-17,2024,9,Tuesday,0,1,1,San Jose,Drainage,22.2,702.4,0.684,0.703,28359,10,21.9,83.9,115.7,30.7,76.3,46.3,1.97,111.2,7.7,Medium
FLD-004084,2025-01-18,2025,1,Saturday,1,0,0,Harapin ang Bukas,Drainage,17.8,556.5,0.512,0.686,21604,14,20.2,33.4,107.8,30.2,66.0,5.2,0.97,4.1,6.5,Low
FLD-004085,2024-06-14,2024,6,Friday,0,1,0,San Jose,Drainage,22.5,680.8,0.731,0.705,27809,9,9.5,105.3,248.3,31.6,79.7,25.3,1.42,35.9,4.9,Low
FLD-004086,2025-05-21,2025,5,Wednesday,0,1,0,Addition Hills,Maytunas Creek,25.1,1027.0,0.681,0.73,48557,11,56.9,154.8,241.8,28.8,77.1,8.6,1.11,5.2,11.3,Low
FLD-004087,2025-11-04,2025,11,Tuesday,0,1,1,Harapin ang Bukas,Drainage,16.8,553.6,0.638,0.783,22497,16,37.8,75.3,171.8,28.3,81.8,33.7,1.11,100.6,5.1,Medium
FLD-004088,2022-03-03,2022,3,Thursday,0,0,0,Bagong Silang,Drainage,18.8,589.3,0.591,0.657,27355,17,7.1,75.3,192.6,30.6,80.5,8.5,0.81,2.6,5.8,Low
FLD-004089,2021-03-17,2021,3,Wednesday,0,0,1,Barangka Drive,Pasig River,10.1,200.4,0.457,0.882,34093,18,30.6,40.7,174.9,30.9,56.9,21.5,0.75,189.8,8.1,Medium
FLD-004090,2025-01-30,2025,1,Thursday,0,0,0,Barangka Drive,Pasig River,9.0,184.6,0.515,0.829,33227,17,10.4,23.7,113.4,30.6,67.3,4.1,0.68,110.5,5.6,Medium
FLD-004091,2025-05-07,2025,5,Wednesday,0,1,0,Pag-Asa,Drainage,20.5,639.0,0.715,0.778,21691,12,3.2,19.6,132.4,29.2,80.5,9.5,1.11,82.4,2.0,Low
FLD-004092,2022-02-20,2022,2,Sunday,1,0,0,Barangka Ilaya,Pasig River,7.7,158.5,0.468,0.837,39093,22,7.5,46.8,105.5,30.4,61.5,4.3,1.27,65.4,8.0,Low
FLD-004093,2024-01-29,2024,1,Monday,0,0,0,Wack-Wack Greenhills East,Drainage,27.2,1194.5,0.805,0.652,20501,12,9.1,77.6,128.6,30.9,69.4,3.7,0.49,82.8,5.0,Low
FLD-004094,2023-01-06,2023,1,Friday,0,0,0,Mabini-J. Rizal,Maytunas Creek,15.7,430.0,0.571,0.738,30455,19,1.6,96.7,221.5,33.3,73.0,3.6,1.23,133.0,5.5,Medium
FLD-004095,2021-10-14,2021,10,Thursday,0,1,2,San Jose,Drainage,23.8,689.4,0.749,0.677,29214,10,75.7,123.6,240.2,31.2,81.1,21.9,1.15,186.3,7.7,High
FLD-004096,2025-01-04,2025,1,Saturday,1,0,0,Daang Bakal,Maytunas Creek,11.3,330.5,0.56,0.763,32606,19,6.2,11.9,148.6,31.2,67.2,7.3,1.81,130.2,3.6,Medium
FLD-004097,2026-05-24,2026,5,Sunday,1,1,3,Highway Hills,Maytunas Creek,31.4,912.6,0.741,0.756,45209,7,67.8,162.3,347.1,32.6,82.0,30.3,1.6,218.9,10.7,High
FLD-004098,2024-01-15,2024,1,Monday,0,0,0,Barangka Ilaya,Pasig River,7.3,143.7,0.433,0.885,36198,25,9.1,14.5,85.5,30.6,69.0,7.3,0.88,113.7,3.7,Medium
FLD-004099,2023-09-19,2023,9,Tuesday,0,1,1,Namayan,Pasig River,8.8,175.5,0.515,0.812,34632,20,10.6,36.5,152.3,29.1,70.7,23.4,1.37,105.1,7.5,High
FLD-004100,2021-11-03,2021,11,Wednesday,0,1,0,Malamig,Tributary,19.9,633.9,0.679,0.665,26174,15,23.2,141.9,155.8,27.1,71.5,14.1,1.07,27.2,6.6,Medium
FLD-004101,2024-05-28,2024,5,Tuesday,0,1,0,Mabini-J. Rizal,Maytunas Creek,14.1,464.5,0.634,0.762,34958,15,36.6,139.2,283.3,29.9,90.8,9.2,1.06,40.0,3.8,Medium
FLD-004102,2024-04-07,2024,4,Sunday,1,0,0,Mauway,Maytunas Creek,24.5,825.0,0.698,0.722,36390,8,23.0,53.0,330.6,33.7,75.8,10.7,1.11,0.6,8.1,Low
FLD-004103,2021-10-01,2021,10,Friday,0,1,0,San Jose,Drainage,21.6,662.4,0.781,0.668,25394,13,78.4,150.1,246.7,27.9,82.6,9.5,0.7,100.7,9.9,Medium
FLD-004104,2024-10-23,2024,10,Wednesday,0,1,1,Hulo,Pasig River,6.1,132.0,0.4,0.832,37155,26,27.8,187.5,235.8,27.0,83.9,22.8,1.15,217.9,11.7,High
FLD-004105,2022-01-03,2022,1,Monday,0,0,0,New Zañiga,Buhangin Creek,6.9,121.9,0.591,0.777,35488,20,1.0,21.8,131.7,32.6,61.9,25.4,0.59,169.7,6.9,Low
FLD-004106,2021-08-04,2021,8,Wednesday,0,1,0,Hagdan Bato Itaas,Drainage,20.8,741.4,0.71,0.684,28852,11,22.1,131.6,272.6,30.3,71.8,16.4,1.2,1.3,7.7,Low
FLD-004107,2021-07-04,2021,7,Sunday,1,1,1,Daang Bakal,Maytunas Creek,12.7,345.4,0.548,0.773,33195,17,12.5,162.1,242.4,27.4,73.6,13.4,1.44,102.8,9.6,Medium
FLD-004108,2022-11-26,2022,11,Saturday,1,1,1,Wack-Wack Greenhills East,Drainage,28.4,1223.8,0.763,0.717,18873,2,49.3,146.9,378.9,28.5,74.1,28.9,1.05,112.0,9.6,Medium
FLD-004109,2026-05-06,2026,5,Wednesday,0,1,1,Mabini-J. Rizal,Maytunas Creek,15.4,475.4,0.669,0.754,31885,16,152.6,187.6,226.0,26.5,86.2,26.3,0.95,226.5,10.6,High
FLD-004110,2024-06-06,2024,6,Thursday,0,1,2,Vergara,Drainage,23.7,834.4,0.748,0.672,29805,8,159.7,272.4,395.7,23.6,87.3,14.3,0.67,298.3,14.7,High
FLD-004111,2025-01-05,2025,1,Sunday,1,0,0,Highway Hills,Maytunas Creek,29.3,874.5,0.704,0.828,43516,9,36.5,44.1,141.9,34.2,72.5,19.8,0.81,49.8,5.6,Low
FLD-004112,2024-11-07,2024,11,Thursday,0,1,1,Highway Hills,Maytunas Creek,29.8,868.5,0.691,0.761,45010,9,26.9,144.4,186.8,29.9,73.6,12.9,1.54,119.9,9.7,Medium
FLD-004113,2023-08-16,2023,8,Wednesday,0,1,0,Barangka Itaas,Pasig River,9.9,251.6,0.541,0.865,34986,20,9.5,99.8,174.5,30.5,74.5,9.7,1.35,141.1,6.0,Medium
FLD-004114,2021-01-12,2021,1,Tuesday,0,0,0,Barangka Drive,Pasig River,8.8,208.0,0.437,0.786,34017,17,6.2,36.5,146.8,31.5,67.2,5.8,1.36,10.8,4.2,Low
FLD-004115,2025-04-28,2025,4,Monday,0,0,0,Daang Bakal,Maytunas Creek,12.4,317.8,0.533,0.803,32426,15,28.0,74.7,119.4,32.8,63.8,2.6,0.74,107.4,6.6,Medium
FLD-004116,2021-12-16,2021,12,Thursday,0,0,0,Burol,Drainage,21.5,692.3,0.678,0.695,22054,15,1.0,41.1,102.6,31.6,63.5,8.3,1.07,47.1,5.2,Medium
FLD-004117,2024-09-11,2024,9,Wednesday,0,1,2,Barangka Drive,Pasig River,9.0,248.4,0.454,0.857,33049,24,152.8,359.0,405.1,26.4,85.8,20.5,1.26,453.9,23.3,High
FLD-004118,2022-09-02,2022,9,Friday,0,1,0,Buayang Bato,Buayang Bato Creek,14.5,362.4,0.567,0.818,34100,10,15.8,54.4,227.7,31.1,75.3,7.2,1.39,183.7,6.7,Medium
FLD-004119,2022-09-08,2022,9,Thursday,0,1,0,Hagdan Bato Libis,Drainage,15.4,520.8,0.64,0.767,28169,11,8.4,36.6,59.0,29.1,66.1,3.6,0.87,127.0,3.5,Medium
FLD-004120,2026-03-03,2026,3,Tuesday,0,0,1,Barangka Ibaba,Pasig River,8.2,61.1,0.433,0.853,41650,29,13.9,37.4,122.6,30.8,79.0,19.6,1.12,117.4,7.1,High
FLD-004121,2022-08-24,2022,8,Wednesday,0,1,0,Harapin ang Bukas,Drainage,17.9,561.8,0.563,0.757,22038,11,8.4,20.3,95.7,29.2,65.6,11.9,1.46,44.9,0.5,Medium
FLD-004122,2023-05-22,2023,5,Monday,0,1,0,Wack-Wack Greenhills East,Drainage,28.2,1219.3,0.777,0.689,18140,9,90.8,103.4,234.2,27.6,74.1,19.3,1.08,2.4,7.9,Low
FLD-004123,2021-12-27,2021,12,Monday,0,0,0,Bagong Silang,Drainage,19.1,628.4,0.609,0.7,26108,16,12.4,21.9,149.0,29.9,72.5,16.1,1.13,13.8,6.8,Low
FLD-004124,2023-02-16,2023,2,Thursday,0,0,0,Pag-Asa,Drainage,21.2,658.8,0.694,0.737,23667,11,57.0,103.3,260.5,29.8,72.2,6.9,0.67,73.7,7.3,Medium
FLD-004125,2021-01-18,2021,1,Monday,0,0,1,Daang Bakal,Maytunas Creek,11.9,354.1,0.631,0.782,29895,14,87.9,143.9,270.6,28.5,76.0,34.7,0.9,233.2,13.8,High
FLD-004126,2025-08-20,2025,8,Wednesday,0,1,0,Hagdan Bato Libis,Drainage,17.2,447.1,0.594,0.756,30136,16,2.5,100.6,260.1,33.9,86.7,6.3,0.82,118.6,7.8,Medium
FLD-004127,2021-05-24,2021,5,Monday,0,1,0,Barangka Ibaba,Pasig River,6.5,54.1,0.439,0.854,41963,23,4.2,48.4,194.1,28.8,65.1,13.0,1.1,92.5,4.6,Medium
FLD-004128,2022-05-18,2022,5,Wednesday,0,1,1,Plainview,Estero,18.2,498.6,0.647,0.739,29322,13,66.5,83.6,223.2,27.6,80.6,21.0,0.99,134.4,3.5,Medium
FLD-004129,2024-07-12,2024,7,Friday,0,1,2,Pleasant Hills,Ermitaño Creek,24.6,997.8,0.728,0.688,23811,12,71.9,109.2,149.7,27.8,77.2,19.0,1.27,127.6,8.6,Medium
FLD-004130,2021-01-14,2021,1,Thursday,0,0,0,Highway Hills,Maytunas Creek,30.6,931.6,0.668,0.745,43504,11,23.0,40.3,106.3,28.2,70.3,10.3,0.54,3.0,4.5,Low
FLD-004131,2021-12-12,2021,12,Sunday,1,0,0,Addition Hills,Maytunas Creek,25.4,978.8,0.671,0.74,44822,8,0.3,64.7,86.1,33.3,63.9,9.1,0.91,8.2,3.4,Low
FLD-004132,2024-11-25,2024,11,Monday,0,1,0,Plainview,Estero,18.8,523.1,0.623,0.721,26846,14,8.2,43.2,69.2,28.4,71.4,1.2,1.65,179.2,5.4,Medium
FLD-004133,2026-03-01,2026,3,Sunday,1,0,0,Hulo,Pasig River,7.0,116.2,0.366,0.834,39636,20,4.9,292.7,395.8,31.0,65.2,4.1,0.63,173.6,17.7,High
FLD-004134,2022-06-06,2022,6,Monday,0,1,0,Barangka Itaas,Pasig River,11.2,276.8,0.535,0.799,35599,14,0.1,129.5,235.9,28.1,78.8,16.8,1.16,85.1,5.2,Medium
FLD-004135,2022-04-20,2022,4,Wednesday,0,0,0,Hagdan Bato Itaas,Drainage,21.5,768.4,0.705,0.664,29134,15,31.9,74.0,135.1,33.5,67.6,9.5,0.73,143.3,8.2,Medium
FLD-004136,2021-10-20,2021,10,Wednesday,0,1,0,Poblacion,Buhangin Creek,6.0,89.3,0.421,0.889,40312,19,22.0,61.7,272.6,30.5,77.5,3.9,0.85,96.4,3.6,Medium
FLD-004137,2026-02-04,2026,2,Wednesday,0,0,1,Pleasant Hills,Ermitaño Creek,24.5,1002.3,0.667,0.641,26920,12,74.2,117.7,171.2,28.3,83.7,41.3,1.02,176.5,10.7,Medium
FLD-004138,2025-10-11,2025,10,Saturday,1,1,0,Mabini-J. Rizal,Maytunas Creek,14.9,447.7,0.639,0.693,32554,16,5.3,30.7,87.5,30.6,80.3,14.3,1.51,2.8,1.3,Low
FLD-004139,2022-02-18,2022,2,Friday,0,0,0,Plainview,Estero,17.7,510.4,0.585,0.733,29789,12,7.1,46.7,156.0,29.4,58.0,3.0,0.64,29.9,6.6,Low
FLD-004140,2023-01-28,2023,1,Saturday,1,0,0,Pleasant Hills,Ermitaño Creek,24.7,916.2,0.67,0.744,22647,12,3.5,42.1,82.1,32.8,67.2,5.2,0.72,0,4.9,Low
FLD-004141,2024-03-16,2024,3,Saturday,1,0,0,Plainview,Estero,18.3,510.3,0.634,0.672,27654,13,149.0,204.5,268.6,28.7,86.5,5.6,1.37,303.3,12.0,High
FLD-004142,2021-12-07,2021,12,Tuesday,0,0,2,Mauway,Maytunas Creek,23.6,854.1,0.672,0.702,36614,11,81.0,173.1,208.4,32.6,74.9,37.6,0.68,187.7,12.1,High
FLD-004143,2024-05-20,2024,5,Monday,0,1,0,Harapin ang Bukas,Drainage,17.2,600.0,0.582,0.745,23559,20,39.3,112.2,318.7,27.9,78.4,7.1,1.53,64.5,4.6,High
FLD-004144,2025-05-15,2025,5,Thursday,0,1,1,Harapin ang Bukas,Drainage,15.4,549.2,0.62,0.753,23008,10,60.3,112.0,259.5,26.1,75.9,12.6,1.72,193.9,9.8,High
FLD-004145,2025-09-15,2025,9,Monday,0,1,0,Plainview,Estero,18.4,490.7,0.655,0.668,28212,15,5.8,57.4,134.5,30.6,69.9,4.1,1.4,7.6,5.1,Low
FLD-004146,2025-01-23,2025,1,Thursday,0,0,0,Namayan,Pasig River,7.8,152.1,0.466,0.768,29805,16,62.2,89.6,237.2,26.7,68.8,23.7,1.02,158.4,7.7,High
FLD-004147,2025-01-31,2025,1,Friday,0,0,0,Hagdan Bato Libis,Drainage,16.1,513.4,0.618,0.747,30324,14,92.3,120.8,260.0,27.6,74.5,9.0,0.68,168.5,10.5,High
FLD-004148,2021-03-03,2021,3,Wednesday,0,0,1,Old Zañiga,Buhangin Creek,7.6,166.4,0.499,0.817,36383,15,74.9,144.2,311.6,30.6,61.5,47.0,1.12,247.8,11.0,High
FLD-004149,2024-01-03,2024,1,Wednesday,0,0,0,Old Zañiga,Buhangin Creek,6.3,172.7,0.49,0.763,31628,19,7.4,31.0,65.5,33.5,63.4,10.7,1.5,115.9,4.3,Medium
FLD-004150,2021-05-15,2021,5,Saturday,1,1,0,Daang Bakal,Maytunas Creek,13.2,374.9,0.596,0.816,35143,21,9.0,59.1,164.8,30.0,70.5,15.2,0.68,1.5,4.0,Low
FLD-004151,2025-01-26,2025,1,Sunday,1,0,2,Barangka Ibaba,Pasig River,6.8,95.5,0.497,0.85,42497,18,148.4,218.3,332.7,28.4,89.2,22.1,0.92,401.6,14.5,High
FLD-004152,2024-06-21,2024,6,Friday,0,1,0,Malamig,Tributary,21.1,588.4,0.664,0.733,28720,11,51.4,97.0,174.3,30.5,78.6,3.3,1.02,142.7,5.7,Medium
FLD-004153,2023-08-09,2023,8,Wednesday,0,1,0,Buayang Bato,Buayang Bato Creek,14.5,320.0,0.549,0.79,32288,16,33.3,100.2,185.8,28.2,70.6,10.6,2.06,130.1,8.7,High
FLD-004154,2023-06-16,2023,6,Friday,0,1,0,Pag-Asa,Drainage,19.4,625.3,0.628,0.768,22743,13,27.4,76.7,155.6,30.4,81.9,18.1,1.26,80.1,7.7,Medium
FLD-004155,2024-11-24,2024,11,Sunday,1,1,2,Barangka Itaas,Pasig River,10.3,224.8,0.553,0.803,37634,19,36.6,72.8,107.9,30.1,73.5,22.6,1.08,135.9,11.2,High
FLD-004156,2022-04-30,2022,4,Saturday,1,0,3,Daang Bakal,Maytunas Creek,11.7,382.6,0.561,0.74,36124,19,74.0,98.6,171.5,34.1,86.1,32.4,1.73,368.6,9.7,High
FLD-004157,2022-01-04,2022,1,Tuesday,0,0,0,Malamig,Tributary,19.8,578.3,0.693,0.74,35610,12,26.7,89.5,178.3,31.7,73.1,17.5,1.55,14.5,5.5,Low
FLD-004158,2023-03-26,2023,3,Sunday,1,0,0,Poblacion,Buhangin Creek,7.1,99.3,0.452,0.852,46752,19,18.6,64.8,211.1,34.6,57.8,26.0,1.2,6.2,4.3,Low
FLD-004159,2024-11-19,2024,11,Tuesday,0,1,0,Barangka Ilaya,Pasig River,8.8,136.5,0.475,0.866,38459,26,2.0,36.8,256.7,28.1,67.1,7.3,1.23,44.2,4.5,Medium
FLD-004160,2023-03-18,2023,3,Saturday,1,0,0,Old Zañiga,Buhangin Creek,7.4,135.1,0.507,0.852,37245,19,2.5,11.3,85.1,31.6,76.7,10.7,1.37,18.9,5.9,Low
FLD-004161,2023-03-12,2023,3,Sunday,1,0,0,Mabini-J. Rizal,Maytunas Creek,13.9,413.8,0.593,0.766,30071,14,0.0,17.5,92.8,31.3,71.9,9.4,0.69,3.0,1.8,Low
FLD-004162,2021-11-17,2021,11,Wednesday,0,1,0,Buayang Bato,Buayang Bato Creek,15.4,310.4,0.598,0.825,35032,17,36.6,70.1,169.4,30.8,58.0,3.5,1.6,125.3,6.2,Medium
FLD-004163,2023-06-23,2023,6,Friday,0,1,0,Burol,Drainage,22.7,654.2,0.739,0.704,20765,9,11.2,33.5,118.0,30.5,91.0,3.5,0.74,10.6,0.9,Low
FLD-004164,2024-05-04,2024,5,Saturday,1,1,0,Burol,Drainage,20.3,688.0,0.612,0.66,21638,13,0.7,54.0,496.9,27.9,80.4,2.1,1.47,144.3,4.6,Medium
FLD-004165,2021-02-10,2021,2,Wednesday,0,0,0,Barangka Ibaba,Pasig River,7.1,73.4,0.426,0.878,44881,14,8.7,36.3,102.1,31.5,64.4,10.7,1.5,127.6,7.4,Medium
FLD-004166,2024-07-16,2024,7,Tuesday,0,1,0,Barangka Itaas,Pasig River,9.7,244.5,0.483,0.835,39545,20,2.8,16.3,200.8,24.8,72.9,4.3,0.78,115.5,6.9,Medium
FLD-004167,2023-08-27,2023,8,Sunday,1,1,0,Daang Bakal,Maytunas Creek,12.3,374.9,0.586,0.787,28981,13,21.3,111.7,129.1,28.7,85.2,0,1.07,80.4,5.5,High
FLD-004168,2021-10-08,2021,10,Friday,0,1,0,Pleasant Hills,Ermitaño Creek,24.6,981.7,0.733,0.709,26814,11,12.9,81.8,365.5,28.6,78.1,0.9,1.17,5.6,3.0,Low
FLD-004169,2025-06-19,2025,6,Thursday,0,1,1,Harapin ang Bukas,Drainage,16.9,550.3,0.594,0.77,21954,12,52.7,134.5,228.8,28.6,86.8,21.7,1.17,90.1,9.0,High
FLD-004170,2023-09-03,2023,9,Sunday,1,1,2,Burol,Drainage,21.2,725.7,0.7,0.703,27092,8,86.1,116.2,340.2,25.8,85.4,20.2,1.28,227.2,6.7,High
FLD-004171,2025-03-03,2025,3,Monday,0,0,0,Plainview,Estero,18.2,510.5,0.661,0.729,32611,19,7.9,36.0,64.9,34.3,58.9,4.8,1.07,130.2,4.0,Low
FLD-004172,2022-05-27,2022,5,Friday,0,1,0,Hulo,Pasig River,6.2,72.3,0.447,0.831,40139,22,83.7,98.7,300.9,27.4,84.0,3.4,1.54,251.4,9.6,High
FLD-004173,2022-08-04,2022,8,Thursday,0,1,0,Barangka Ibaba,Pasig River,7.0,137.5,0.522,0.841,40364,22,23.6,56.8,249.9,26.0,80.7,6.0,1.12,183.6,6.8,Medium
FLD-004174,2023-01-13,2023,1,Friday,0,0,0,Bagong Silang,Drainage,17.5,600.0,0.555,0.696,23818,17,4.3,39.0,192.7,32.2,60.4,4.5,1.03,1.5,3.7,Low
FLD-004175,2021-04-11,2021,4,Sunday,1,0,0,Highway Hills,Maytunas Creek,29.8,874.9,0.69,0.773,44029,8,8.2,85.2,386.2,33.9,81.2,27.9,1.15,8.2,4.7,Low
FLD-004176,2026-04-14,2026,4,Tuesday,0,0,1,Barangka Itaas,Pasig River,10.0,190.6,0.516,0.849,40312,22,137.8,237.4,267.8,28.3,74.6,6.7,0.63,346.3,10.9,High
FLD-004177,2024-06-25,2024,6,Tuesday,0,1,2,Addition Hills,Maytunas Creek,25.3,1004.7,0.753,0.739,44871,4,46.4,119.3,168.3,26.3,82.9,29.6,1.42,185.8,7.1,Medium
FLD-004178,2024-10-12,2024,10,Saturday,1,1,0,Highway Hills,Maytunas Creek,29.6,888.4,0.743,0.782,43504,13,165.0,202.8,268.5,23.8,96.5,3.3,1.68,218.6,11.5,High
FLD-004179,2024-03-05,2024,3,Tuesday,0,0,0,Mauway,Maytunas Creek,23.0,806.4,0.661,0.793,36839,14,9.8,20.2,121.6,32.1,81.6,13.9,1.16,0.5,0.5,Low
FLD-004180,2022-09-26,2022,9,Monday,0,1,0,Pag-Asa,Drainage,18.8,606.0,0.677,0.743,25857,9,6.8,17.1,150.0,30.6,74.3,5.3,1.03,9.6,3.2,Low
FLD-004181,2025-07-13,2025,7,Sunday,1,1,0,New Zañiga,Buhangin Creek,6.5,164.2,0.565,0.779,38627,13,1.1,47.5,128.9,31.7,63.7,9.1,1.61,41.7,4.9,Medium
FLD-004182,2022-12-10,2022,12,Saturday,1,0,0,Hulo,Pasig River,5.3,79.2,0.435,0.844,37781,21,0.2,56.9,120.1,31.1,63.9,17.7,0.87,119.2,5.9,High
FLD-004183,2023-10-15,2023,10,Sunday,1,1,2,Burol,Drainage,21.3,710.3,0.622,0.693,21111,13,150.9,175.3,461.2,27.5,90.0,20.6,1.27,340.8,11.1,High
FLD-004184,2022-06-01,2022,6,Wednesday,0,1,0,Mauway,Maytunas Creek,22.8,858.5,0.686,0.711,37041,8,5.6,122.4,300.3,28.6,77.3,9.0,1.13,118.2,10.8,Low
FLD-004185,2025-09-06,2025,9,Saturday,1,1,3,Pleasant Hills,Ermitaño Creek,25.1,980.2,0.663,0.73,26344,13,113.0,153.3,216.1,28.7,95.4,27.2,1.0,222.6,12.0,High
FLD-004186,2021-05-04,2021,5,Tuesday,0,1,0,Daang Bakal,Maytunas Creek,12.3,337.1,0.545,0.71,34032,16,1.8,54.8,378.8,30.7,69.0,21.7,1.09,109.0,5.2,Medium
FLD-004187,2022-05-01,2022,5,Sunday,1,1,0,Namayan,Pasig River,8.8,116.8,0.438,0.802,33092,19,15.1,31.4,165.3,29.7,77.4,5.3,0.53,7.5,0.5,Low
FLD-004188,2025-02-28,2025,2,Friday,0,0,1,Pleasant Hills,Ermitaño Creek,25.0,1025.9,0.638,0.703,27097,12,24.1,55.2,275.5,28.8,70.3,16.5,1.37,20.6,8.1,Medium
FLD-004189,2024-01-28,2024,1,Sunday,1,0,0,San Jose,Drainage,21.8,711.3,0.706,0.72,29286,16,1.9,20.7,87.2,30.9,64.2,2.4,1.17,1.5,5.1,Low
FLD-004190,2025-05-21,2025,5,Wednesday,0,1,2,Barangka Drive,Pasig River,9.5,204.5,0.524,0.851,37587,20,94.0,127.5,220.0,29.1,83.6,43.3,1.26,210.2,10.4,High
FLD-004191,2021-03-29,2021,3,Monday,0,0,0,San Jose,Drainage,22.4,674.3,0.688,0.67,24209,11,1.3,27.7,55.1,30.8,73.0,1.9,0.97,23.1,3.6,Low
FLD-004192,2023-09-07,2023,9,Thursday,0,1,0,Hulo,Pasig River,6.1,104.6,0.473,0.841,43323,18,50.5,63.5,154.6,25.9,73.1,9.0,1.2,143.8,7.9,High
FLD-004193,2026-01-22,2026,1,Thursday,0,0,0,Barangka Ibaba,Pasig River,7.5,89.8,0.452,0.835,38047,19,7.3,86.5,137.1,33.0,60.4,10.6,0.79,0.1,10.1,Low
FLD-004194,2024-11-12,2024,11,Tuesday,0,1,0,Pleasant Hills,Ermitaño Creek,25.1,1011.6,0.701,0.65,28138,11,25.4,42.8,149.7,31.5,68.3,12.6,0.45,0.0,4.2,Low
FLD-004195,2022-09-14,2022,9,Wednesday,0,1,1,Barangka Drive,Pasig River,9.6,137.6,0.528,0.773,35623,21,41.6,152.9,241.2,33.0,71.8,12.9,0.9,214.5,12.8,Medium
FLD-004196,2024-03-11,2024,3,Monday,0,0,0,Barangka Drive,Pasig River,9.0,200.1,0.502,0.855,35238,19,53.5,56.0,190.7,30.9,77.8,12.8,1.12,144.7,5.6,Medium
FLD-004197,2023-04-29,2023,4,Saturday,1,0,1,Mabini-J. Rizal,Maytunas Creek,14.5,448.8,0.583,0.73,32730,17,5.5,15.3,160.8,29.9,59.8,10.5,1.01,106.0,4.2,Medium
FLD-004198,2022-11-30,2022,11,Wednesday,0,1,0,Mabini-J. Rizal,Maytunas Creek,15.5,466.1,0.634,0.713,31894,14,25.7,79.9,237.4,33.9,73.8,6.7,1.2,213.1,7.8,Low
FLD-004199,2026-02-26,2026,2,Thursday,0,0,1,Highway Hills,Maytunas Creek,29.3,890.4,0.725,0.764,42981,4,53.6,88.6,184.6,29.5,70.6,24.5,1.34,156.5,5.5,High
FLD-004200,2024-02-23,2024,2,Friday,0,0,1,Hagdan Bato Libis,Drainage,16.6,541.4,0.633,0.768,28870,17,67.7,133.0,262.5,27.4,72.8,16.3,1.5,215.9,10.5,High
FLD-004201,2026-02-04,2026,2,Wednesday,0,0,0,Barangka Ilaya,Pasig River,7.6,153.8,0.493,0.814,34241,15,6.6,11.3,33.9,34.5,62.7,8.2,1.4,4.2,1.7,Low
FLD-004202,2023-12-05,2023,12,Tuesday,0,0,0,Malamig,Tributary,20.6,617.0,0.663,0.714,28963,10,4.2,75.2,188.8,29.8,76.1,17.9,1.25,18.1,1.4,Low
FLD-004203,2024-02-26,2024,2,Monday,0,0,0,Pleasant Hills,Ermitaño Creek,26.0,1000.2,0.71,0.702,28803,6,75.3,173.7,220.4,30.5,73.4,29.3,1.03,186.0,11.0,High
FLD-004204,2025-08-24,2025,8,Sunday,1,1,2,Barangka Itaas,Pasig River,9.2,263.4,0.504,0.822,37480,16,68.8,70.7,279.6,29.5,86.0,21.6,1.47,267.7,6.5,High
FLD-004205,2026-03-10,2026,3,Tuesday,0,0,0,Addition Hills,Maytunas Creek,26.5,1019.5,0.678,0.719,44650,6,3.7,27.6,114.8,33.2,60.4,7.5,0.58,4.5,3.1,Low
FLD-004206,2024-01-10,2024,1,Wednesday,0,0,0,Bagong Silang,Drainage,19.5,590.2,0.615,0.626,29287,11,45.0,67.8,185.6,31.3,68.6,19.9,1.26,69.6,4.7,Medium
FLD-004207,2023-05-05,2023,5,Friday,0,1,0,Harapin ang Bukas,Drainage,15.2,550.3,0.613,0.777,23991,13,60.0,179.3,232.1,25.2,83.7,11.3,0.97,150.4,9.8,High
FLD-004208,2022-01-29,2022,1,Saturday,1,0,0,Old Zañiga,Buhangin Creek,5.6,135.8,0.511,0.818,35518,19,0.8,71.0,97.7,32.7,50.9,10.0,1.32,91.2,7.3,Medium
FLD-004209,2025-04-01,2025,4,Tuesday,0,0,2,Hagdan Bato Libis,Drainage,16.2,559.5,0.591,0.755,29623,8,90.1,137.2,301.1,31.5,79.1,43.4,0.94,205.0,10.8,High
FLD-004210,2024-09-17,2024,9,Tuesday,0,1,0,San Jose,Drainage,21.4,697.1,0.672,0.678,27063,14,4.8,81.0,234.0,30.5,84.9,16.4,1.53,0.0,5.7,Low
FLD-004211,2026-01-24,2026,1,Saturday,1,0,1,Barangka Ilaya,Pasig River,7.4,158.9,0.487,0.884,36745,22,112.3,152.9,243.4,28.7,74.7,16.4,1.44,281.3,10.2,High
FLD-004212,2021-07-03,2021,7,Saturday,1,1,0,Malamig,Tributary,20.6,587.7,0.725,0.653,31722,10,8.6,42.0,330.0,31.2,69.3,6.2,1.32,181.2,8.5,Low
FLD-004213,2025-04-18,2025,4,Friday,0,0,1,Harapin ang Bukas,Drainage,16.8,534.9,0.618,0.735,23521,18,55.7,83.9,259.9,28.9,78.9,11.0,0.91,132.3,9.5,High
FLD-004214,2024-01-03,2024,1,Wednesday,0,0,1,San Jose,Drainage,23.4,694.2,0.739,0.7,27579,11,73.0,103.3,218.3,32.1,76.9,3.2,0.87,179.1,10.7,Medium
FLD-004215,2023-05-21,2023,5,Sunday,1,1,0,Plainview,Estero,17.9,456.0,0.622,0.689,25551,6,38.1,58.0,145.7,30.1,72.4,20.8,1.78,13.6,2.8,Low
FLD-004216,2024-01-23,2024,1,Tuesday,0,0,0,Pag-Asa,Drainage,19.4,656.2,0.642,0.714,21637,12,18.4,35.9,73.8,31.5,80.4,0.7,0.59,33.6,7.5,Medium
FLD-004217,2021-07-01,2021,7,Thursday,0,1,1,Pag-Asa,Drainage,19.8,604.9,0.585,0.761,21263,13,113.9,165.8,282.4,26.4,85.1,10.2,1.4,192.9,11.8,High
FLD-004218,2024-07-05,2024,7,Friday,0,1,1,Pleasant Hills,Ermitaño Creek,24.4,1006.4,0.67,0.691,26352,9,46.2,96.4,256.1,29.5,72.6,26.2,1.32,98.5,3.7,Medium
FLD-004219,2022-06-27,2022,6,Monday,0,1,1,Barangka Drive,Pasig River,9.7,213.7,0.43,0.804,36518,21,20.7,81.0,146.0,31.4,87.6,19.0,0.91,189.6,8.9,High
FLD-004220,2024-04-25,2024,4,Thursday,0,0,0,Daang Bakal,Maytunas Creek,12.8,347.8,0.561,0.793,31795,22,2.3,30.9,78.7,31.7,68.7,12.3,1.2,35.3,3.4,Medium
FLD-004221,2025-10-24,2025,10,Friday,0,1,0,Bagong Silang,Drainage,17.6,591.9,0.671,0.727,25037,11,0.9,42.0,103.2,30.9,75.8,22.5,1.58,111.9,4.9,Medium
FLD-004222,2022-02-21,2022,2,Monday,0,0,0,Addition Hills,Maytunas Creek,24.5,968.5,0.688,0.679,47900,11,67.5,132.3,145.0,29.5,74.5,27.4,1.26,118.9,6.4,Low
FLD-004223,2024-10-12,2024,10,Saturday,1,1,0,Plainview,Estero,19.2,471.0,0.637,0.734,27835,15,31.8,104.4,187.2,28.2,78.0,3.6,0.98,23.5,6.8,Medium
FLD-004224,2022-02-22,2022,2,Tuesday,0,0,0,Malamig,Tributary,20.4,540.2,0.676,0.711,27692,11,0.2,24.9,207.4,30.0,62.5,4.1,0.6,10.5,0.6,Low
FLD-004225,2023-11-11,2023,11,Saturday,1,1,1,Pag-Asa,Drainage,19.6,593.8,0.671,0.739,22336,14,49.3,131.9,294.6,28.2,89.1,26.2,0.94,102.0,6.6,Medium
FLD-004226,2021-04-08,2021,4,Thursday,0,0,0,Namayan,Pasig River,7.6,163.3,0.522,0.784,30791,18,76.6,83.2,141.7,31.1,80.0,7.0,1.03,185.3,7.7,High
FLD-004227,2025-07-23,2025,7,Wednesday,0,1,0,Pag-Asa,Drainage,19.8,655.0,0.663,0.673,23689,17,110.1,173.1,301.5,26.4,87.8,4.6,1.21,205.1,9.0,High
FLD-004228,2025-08-25,2025,8,Monday,0,1,0,Addition Hills,Maytunas Creek,25.0,1015.8,0.687,0.757,47226,13,17.8,283.6,327.7,27.7,71.8,16.7,1.27,0,9.9,Medium
FLD-004229,2024-10-13,2024,10,Sunday,1,1,0,Hulo,Pasig River,6.8,142.3,0.389,0.838,33820,19,5.0,14.9,115.4,27.2,78.4,15.2,1.18,109.5,5.0,Medium
FLD-004230,2022-03-07,2022,3,Monday,0,0,0,Barangka Drive,Pasig River,8.9,180.1,0.478,0.805,34749,19,0.9,19.6,66.0,31.2,65.5,12.2,1.18,0.1,0.5,Low
FLD-004231,2021-06-21,2021,6,Monday,0,1,1,Addition Hills,Maytunas Creek,25.8,976.4,0.735,0.743,46236,9,37.3,58.5,90.0,26.9,82.1,9.5,1.37,8.4,6.2,Low
FLD-004232,2025-03-04,2025,3,Tuesday,0,0,0,Pag-Asa,Drainage,19.3,649.2,0.615,0.71,23240,19,33.0,36.8,77.1,30.9,67.5,11.2,0.72,86.8,5.9,Medium
FLD-004233,2025-07-15,2025,7,Tuesday,0,1,0,New Zañiga,Buhangin Creek,7.6,150.2,0.527,0.822,34595,23,5.5,138.9,335.1,31.5,79.0,5.0,1.15,86.2,8.5,Medium
FLD-004234,2021-08-31,2021,8,Tuesday,0,1,0,Poblacion,Buhangin Creek,6.3,78.5,0.42,0.84,39875,22,3.4,16.7,158.1,28.2,72.2,13.8,0.63,115.8,5.0,Medium
FLD-004235,2025-01-31,2025,1,Friday,0,0,3,Plainview,Estero,17.4,504.5,0.631,0.782,30463,11,102.2,133.1,194.1,33.4,82.5,28.3,0.39,187.4,9.9,High
FLD-004236,2022-05-04,2022,5,Wednesday,0,1,1,Burol,Drainage,20.7,716.9,0.707,0.739,21073,8,157.1,198.3,266.1,25.9,97.3,10.8,1.23,224.7,12.6,High
FLD-004237,2022-05-22,2022,5,Sunday,1,1,1,San Jose,Drainage,22.6,682.5,0.679,0.653,27208,12,31.1,189.9,295.3,30.6,79.2,13.9,1.18,182.2,13.4,High
FLD-004238,2022-06-26,2022,6,Sunday,1,1,0,Daang Bakal,Maytunas Creek,12.6,359.1,0.523,0.737,31682,16,80.2,113.0,412.7,28.3,80.3,6.3,1.07,251.3,10.3,High
FLD-004239,2021-10-04,2021,10,Monday,0,1,1,Wack-Wack Greenhills East,Drainage,29.0,1202.4,0.795,0.625,17178,5,25.4,49.8,187.4,30.3,87.6,14.3,1.01,122.6,4.9,Low
FLD-004240,2025-07-25,2025,7,Friday,0,1,3,Barangka Drive,Pasig River,9.3,222.0,0.464,0.845,32138,21,176.1,228.2,277.2,28.8,97.4,30.2,1.53,432.8,18.4,High
FLD-004241,2021-04-22,2021,4,Thursday,0,0,0,Barangka Drive,Pasig River,10.2,208.3,0.458,0.852,31004,23,18.1,82.9,200.7,30.7,75.8,17.3,0.94,156.7,11.8,High
FLD-004242,2022-06-21,2022,6,Tuesday,0,1,0,Hagdan Bato Libis,Drainage,15.7,533.5,0.671,0.781,27686,12,59.2,73.8,167.1,28.1,89.0,4.9,0.87,130.6,5.2,Medium
FLD-004243,2023-04-28,2023,4,Friday,0,0,0,Bagong Silang,Drainage,18.1,582.2,0.575,0.717,22122,15,2.1,48.2,155.4,31.8,62.6,8.6,1.11,1.9,6.1,Low
FLD-004244,2026-04-19,2026,4,Sunday,1,0,1,Vergara,Drainage,24.3,805.8,0.701,0.65,25417,10,40.8,78.7,170.9,34.9,62.9,20.5,0.84,69.2,7.5,High
FLD-004245,2026-05-03,2026,5,Sunday,1,1,0,Old Zañiga,Buhangin Creek,7.4,115.2,0.504,0.814,31985,23,2.3,57.1,99.8,32.3,75.1,5.9,1.76,144.0,6.8,Medium
FLD-004246,2022-09-19,2022,9,Monday,0,1,0,Hulo,Pasig River,6.2,105.5,0.4,0.833,41176,20,7.5,94.7,188.8,28.4,68.7,14.2,1.49,99.9,6.8,High
FLD-004247,2024-08-31,2024,8,Saturday,1,1,0,San Jose,Drainage,22.4,669.6,0.674,0.667,26505,15,44.7,88.0,316.2,29.1,75.7,11.8,1.93,159.9,5.9,Medium
FLD-004248,2021-04-20,2021,4,Tuesday,0,0,0,Old Zañiga,Buhangin Creek,9.1,120.0,0.496,0.825,36098,18,62.0,65.2,158.8,30.3,69.0,6.0,0.95,155.3,5.5,High
FLD-004249,2021-04-26,2021,4,Monday,0,0,0,Plainview,Estero,18.1,509.9,0.674,0.742,33505,9,40.9,59.7,77.0,30.4,63.5,1.7,0.4,3.3,1.7,Low
FLD-004250,2022-10-02,2022,10,Sunday,1,1,0,Bagong Silang,Drainage,16.0,566.7,0.549,0.751,30057,8,5.5,73.8,85.6,28.1,77.8,11.8,0.85,67.9,8.0,Low
FLD-004251,2026-06-29,2026,6,Monday,0,1,1,Hulo,Pasig River,6.2,90.4,0.454,0.85,40398,19,129.9,177.9,285.9,27.2,86.2,12.9,1.05,259.2,11.1,High
FLD-004252,2022-11-03,2022,11,Thursday,0,1,2,Vergara,Drainage,23.4,843.4,0.697,0.66,27136,11,137.5,293.0,987.6,25.1,90.9,28.7,1.11,256.7,16.7,High
FLD-004253,2025-12-08,2025,12,Monday,0,0,0,New Zañiga,Buhangin Creek,5.9,175.4,0.472,0.861,35012,16,39.7,52.3,236.5,35.1,68.4,14.5,0.93,143.6,4.1,Medium
FLD-004254,2024-10-28,2024,10,Monday,0,1,1,Barangka Drive,Pasig River,10.0,226.8,0.512,0.816,34631,16,138.5,175.9,272.4,27.4,86.5,14.9,0.73,351.8,16.0,High
FLD-004255,2025-04-26,2025,4,Saturday,1,0,0,Vergara,Drainage,22.5,813.7,0.735,0.649,21742,10,34.7,105.7,199.3,31.0,75.7,24.3,0.74,0.0,6.9,Low
FLD-004256,2023-01-14,2023,1,Saturday,1,0,0,Burol,Drainage,20.0,696.5,0.623,0.691,20093,10,33.2,83.2,134.7,32.1,68.1,16.1,0.99,4.8,3.3,Low
FLD-004257,2024-08-16,2024,8,Friday,0,1,0,San Jose,Drainage,22.8,704.9,0.728,0.675,23702,13,68.6,152.0,296.9,28.0,72.1,36.6,1.64,249.9,8.2,Medium
FLD-004258,2024-03-30,2024,3,Saturday,1,0,0,Namayan,Pasig River,9.0,155.8,0.448,0.795,33103,17,7.8,17.8,100.8,29.3,65.7,13.2,0.86,8.1,4.0,Low
FLD-004259,2023-07-31,2023,7,Monday,0,1,1,Mabini-J. Rizal,Maytunas Creek,14.1,446.1,0.586,0.728,27878,14,119.2,281.7,312.7,30.7,86.9,15.9,0.88,230.4,12.5,High
FLD-004260,2025-05-17,2025,5,Saturday,1,1,1,Bagong Silang,Drainage,17.8,581.1,0.635,0.709,25462,14,68.8,85.4,236.0,29.7,83.6,20.8,1.59,211.7,8.6,High
FLD-004261,2021-05-14,2021,5,Friday,0,1,1,Barangka Drive,Pasig River,8.9,196.2,0.461,0.805,35179,19,83.4,106.1,221.8,28.5,79.0,13.2,1.22,298.7,9.8,High
FLD-004262,2022-09-16,2022,9,Friday,0,1,1,Mauway,Maytunas Creek,22.9,819.7,0.709,0.726,41184,11,16.7,110.1,229.8,27.0,78.1,12.9,1.25,9.0,3.4,Low
FLD-004263,2021-02-05,2021,2,Friday,0,0,0,Pag-Asa,Drainage,20.4,625.5,0.641,0.719,23743,13,3.7,79.4,279.9,32.1,60.1,9.6,1.33,98.7,6.5,Medium
FLD-004264,2022-09-29,2022,9,Thursday,0,1,0,Barangka Ilaya,Pasig River,7.8,120.2,0.413,0.791,35294,20,83.5,244.7,338.6,26.3,84.8,6.0,1.49,231.1,15.4,High
FLD-004265,2021-08-04,2021,8,Wednesday,0,1,2,Mauway,Maytunas Creek,23.5,832.9,0.658,0.653,41673,8,61.3,109.2,241.1,27.4,74.4,30.9,0.71,172.0,10.9,Medium
FLD-004266,2025-05-21,2025,5,Wednesday,0,1,1,Namayan,Pasig River,7.6,199.3,0.511,0.829,36024,16,29.0,61.3,135.2,29.1,76.7,12.1,0.99,139.6,8.3,Medium
FLD-004267,2024-09-28,2024,9,Saturday,1,1,0,Burol,Drainage,22.9,673.9,0.67,0.67,22674,12,37.7,196.1,440.5,27.8,85.9,16.2,0.91,145.4,8.8,Medium
FLD-004268,2024-05-08,2024,5,Wednesday,0,1,0,Harapin ang Bukas,Drainage,16.7,508.7,0.614,0.758,23671,15,10.0,117.7,282.4,29.7,67.4,4.9,0.79,14.0,8.2,Low
FLD-004269,2024-12-03,2024,12,Tuesday,0,0,0,Malamig,Tributary,19.4,624.3,0.678,0.719,29957,7,8.6,25.6,144.4,31.4,69.6,7.5,0.93,8.5,4.2,Low
FLD-004270,2022-01-18,2022,1,Tuesday,0,0,0,Daang Bakal,Maytunas Creek,11.6,363.9,0.62,0.808,35841,23,6.4,29.4,121.5,32.9,75.5,16.0,1.03,14.3,2.2,Low
FLD-004271,2026-03-14,2026,3,Saturday,1,0,2,Barangka Drive,Pasig River,9.4,182.0,0.498,0.781,34459,21,92.1,122.6,248.0,29.1,77.1,29.9,1.43,296.5,11.5,High
FLD-004272,2025-11-27,2025,11,Thursday,0,1,0,Malamig,Tributary,19.6,615.4,0.67,0.661,25975,8,27.7,96.0,249.8,30.6,78.8,1.4,1.25,96.0,4.5,Medium
FLD-004273,2021-02-21,2021,2,Sunday,1,0,0,Bagong Silang,Drainage,17.1,626.2,0.623,0.666,24495,14,72.6,121.1,257.8,29.9,73.0,21.9,1.3,110.4,10.9,Medium
FLD-004274,2025-01-03,2025,1,Friday,0,0,0,Wack-Wack Greenhills East,Drainage,27.5,1197.4,0.792,0.599,18401,6,9.6,31.4,115.1,33.7,68.7,3.7,0.99,0.1,5.8,Low
FLD-004275,2022-08-19,2022,8,Friday,0,1,0,New Zañiga,Buhangin Creek,7.3,183.3,0.516,0.794,38478,19,34.2,170.8,275.8,31.2,72.3,1.0,1.12,115.5,9.8,High
FLD-004276,2024-03-22,2024,3,Friday,0,0,0,Wack-Wack Greenhills East,Drainage,28.4,1210.2,0.83,0.653,16536,7,37.7,140.0,259.2,33.6,70.0,10.2,1.76,109.0,11.5,Medium
FLD-004277,2024-01-26,2024,1,Friday,0,0,0,Wack-Wack Greenhills East,Drainage,28.6,1208.7,0.812,0.651,16765,9,11.6,24.9,86.2,31.6,69.1,13.9,1.13,3.6,2.2,Low
FLD-004278,2024-12-26,2024,12,Thursday,0,0,0,Daang Bakal,Maytunas Creek,11.6,344.8,0.598,0.747,31175,17,0.7,22.4,104.2,32.2,57.3,14.3,0.93,1.0,4.4,Low
FLD-004279,2024-04-22,2024,4,Monday,0,0,2,Bagong Silang,Drainage,17.6,567.8,0.647,0.687,29269,16,66.3,86.7,125.3,30.1,69.3,20.4,1.28,141.9,5.6,High
FLD-004280,2023-03-31,2023,3,Friday,0,0,0,Burol,Drainage,21.5,717.9,0.713,0.67,27653,18,4.4,63.1,102.8,31.4,62.3,4.3,0.89,109.9,6.6,Medium
FLD-004281,2026-01-25,2026,1,Sunday,1,0,0,Barangka Drive,Pasig River,8.5,186.9,0.461,0.849,32504,22,10.0,13.3,38.4,31.6,61.1,2.3,1.35,184.8,5.9,Medium
FLD-004282,2024-02-24,2024,2,Saturday,1,0,0,Vergara,Drainage,23.6,874.0,0.785,0.623,26638,9,37.8,53.4,117.0,30.9,62.2,12.1,0.88,4.6,4.3,Low
FLD-004283,2021-10-07,2021,10,Thursday,0,1,0,Barangka Ilaya,Pasig River,7.1,148.4,0.533,0.871,38504,18,3.3,68.7,160.0,31.9,84.0,7.7,0.88,129.3,3.4,Medium
FLD-004284,2022-11-26,2022,11,Saturday,1,1,0,Mauway,Maytunas Creek,24.1,838.6,0.67,0.732,34537,12,33.9,100.6,155.1,30.6,87.4,11.2,1.01,131.1,8.2,Medium
FLD-004285,2024-09-21,2024,9,Saturday,1,1,0,Hagdan Bato Libis,Drainage,16.5,498.9,0.583,0.777,28640,13,18.6,55.8,209.2,30.1,70.4,5.0,1.4,97.1,7.8,Medium
FLD-004286,2026-06-05,2026,6,Friday,0,1,0,Wack-Wack Greenhills East,Drainage,28.4,1238.7,0.882,0.645,18473,6,11.0,53.9,116.1,30.1,75.3,29.8,1.12,31.0,3.2,Low
FLD-004287,2023-12-25,2023,12,Monday,0,0,0,New Zañiga,Buhangin Creek,6.2,137.2,0.555,0.806,38165,18,0.5,12.2,69.0,32.4,70.8,11.3,1.4,30.5,2.0,Low
FLD-004288,2025-01-26,2025,1,Sunday,1,0,1,Mabini-J. Rizal,Maytunas Creek,14.7,426.7,0.57,0.722,27639,18,58.2,77.5,153.7,30.3,77.6,14.4,0.95,193.0,7.9,Medium
FLD-004289,2022-06-26,2022,6,Sunday,1,1,2,Plainview,Estero,19.8,470.1,0.631,0.723,27070,8,52.5,194.0,346.2,27.6,71.5,19.1,0.7,161.8,11.8,Medium
FLD-004290,2023-05-26,2023,5,Friday,0,1,3,Hagdan Bato Libis,Drainage,14.9,490.3,0.628,0.746,28368,12,183.4,240.0,391.4,26.5,95.0,24.3,1.17,420.5,17.8,High
FLD-004291,2022-11-04,2022,11,Friday,0,1,2,Pag-Asa,Drainage,19.6,640.6,0.6,0.755,24172,13,85.3,179.8,295.2,27.4,78.4,18.9,1.32,196.2,13.5,High
FLD-004292,2025-04-26,2025,4,Saturday,1,0,0,Barangka Ilaya,Pasig River,8.7,147.1,0.427,0.861,35388,27,24.4,76.8,237.1,29.7,66.6,2.5,1.25,130.2,5.6,Medium
FLD-004293,2024-11-01,2024,11,Friday,0,1,1,Barangka Itaas,Pasig River,9.5,265.2,0.576,0.789,35064,22,41.2,157.8,212.8,27.1,78.0,18.4,1.26,150.8,7.5,High
FLD-004294,2024-02-13,2024,2,Tuesday,0,0,1,Daang Bakal,Maytunas Creek,12.0,345.7,0.557,0.8,33039,14,76.8,79.4,188.7,27.6,80.9,35.0,0.79,200.9,9.8,High
FLD-004295,2025-11-07,2025,11,Friday,0,1,0,Highway Hills,Maytunas Creek,29.8,872.2,0.749,0.804,42878,11,4.1,48.3,132.0,31.8,74.1,11.4,1.0,1.1,5.7,Low
FLD-004296,2025-07-12,2025,7,Saturday,1,1,1,Burol,Drainage,20.3,685.1,0.617,0.713,23573,17,15.9,63.9,97.2,30.0,85.1,10.8,1.04,8.9,2.8,Low
FLD-004297,2025-02-28,2025,2,Friday,0,0,0,Bagong Silang,Drainage,17.8,633.5,0.659,0.758,25196,10,37.6,186.6,264.8,31.5,74.4,2.4,1.0,169.4,11.0,Medium
FLD-004298,2023-02-03,2023,2,Friday,0,0,0,Highway Hills,Maytunas Creek,29.5,920.4,0.736,0.784,41838,13,0.2,13.2,83.1,30.8,58.5,1.4,1.14,59.1,3.0,Low
FLD-004299,2023-10-21,2023,10,Saturday,1,1,1,Buayang Bato,Buayang Bato Creek,13.3,306.2,0.586,0.825,31490,17,29.1,74.5,236.0,30.8,79.6,7.2,1.02,125.8,4.4,High
FLD-004300,2026-06-24,2026,6,Wednesday,0,1,0,Hagdan Bato Itaas,Drainage,22.0,776.9,0.731,0.655,29568,10,32.6,61.8,137.6,27.9,75.5,11.6,1.43,7.6,3.8,Low
FLD-004301,2023-03-27,2023,3,Monday,0,0,0,Mauway,Maytunas Creek,22.9,816.8,0.65,0.643,43086,16,42.1,61.0,123.6,31.5,77.9,6.1,0.92,11.5,4.2,Low
FLD-004302,2024-11-10,2024,11,Sunday,1,1,0,Pag-Asa,Drainage,19.5,626.5,0.679,0.71,24979,13,1.0,31.6,107.9,30.5,68.9,10.6,1.06,11.2,5.8,Low
FLD-004303,2022-01-24,2022,1,Monday,0,0,0,Pag-Asa,Drainage,19.7,678.8,0.645,0.708,20172,12,34.7,74.6,171.4,29.9,66.7,9.8,1.15,3.7,8.4,Low
FLD-004304,2024-03-26,2024,3,Tuesday,0,0,1,Barangka Ibaba,Pasig River,7.8,76.3,0.405,0.884,36877,15,107.6,197.7,244.3,28.9,69.2,33.2,1.14,248.8,15.8,High
FLD-004305,2021-03-02,2021,3,Tuesday,0,0,0,Barangka Drive,Pasig River,8.4,238.5,0.549,0.769,34080,20,13.4,32.4,78.3,31.8,62.2,7.5,1.49,142.2,2.9,Medium
FLD-004306,2023-11-15,2023,11,Wednesday,0,1,2,San Jose,Drainage,22.0,729.8,0.695,0.722,26058,14,42.5,135.8,267.3,31.4,75.8,27.1,1.21,123.2,8.8,Medium
FLD-004307,2026-02-23,2026,2,Monday,0,0,1,Buayang Bato,Buayang Bato Creek,14.4,321.0,0.574,0.694,37314,12,58.8,118.0,142.3,29.0,72.9,12.3,0.68,231.5,9.0,Medium
FLD-004308,2026-06-02,2026,6,Tuesday,0,1,0,Daang Bakal,Maytunas Creek,11.0,359.9,0.602,0.77,33085,13,1.6,24.6,261.2,33.2,76.7,6.0,0.97,6.8,5.1,Low
FLD-004309,2025-02-07,2025,2,Friday,0,0,0,Pleasant Hills,Ermitaño Creek,24.4,996.0,0.695,0.715,25071,9,1.2,32.7,77.8,31.2,54.9,8.9,0.87,81.8,5.3,Low
FLD-004310,2025-04-15,2025,4,Tuesday,0,0,2,Pleasant Hills,Ermitaño Creek,24.5,992.0,0.712,0.7,25542,10,59.1,95.9,125.5,30.2,71.2,26.3,1.25,147.6,8.4,High
FLD-004311,2023-12-06,2023,12,Wednesday,0,0,0,Pleasant Hills,Ermitaño Creek,25.8,961.3,0.76,0.704,27764,11,7.5,91.6,226.2,32.0,57.5,8.9,0.96,90.4,5.5,Medium
FLD-004312,2024-10-22,2024,10,Tuesday,0,1,1,Burol,Drainage,20.9,682.6,0.642,0.649,19556,10,46.1,70.4,184.4,28.0,76.0,8.8,1.31,163.9,7.7,Medium
FLD-004313,2022-12-29,2022,12,Thursday,0,0,1,Hagdan Bato Libis,Drainage,17.2,513.1,0.58,0.712,29484,13,14.3,62.7,123.7,33.9,68.6,13.3,1.54,166.3,5.9,Medium
FLD-004314,2025-05-20,2025,5,Tuesday,0,1,1,Addition Hills,Maytunas Creek,26.2,1042.1,0.646,0.767,45944,10,65.5,115.4,235.3,28.7,91.9,14.6,1.87,158.0,10.2,Medium
FLD-004315,2021-07-19,2021,7,Monday,0,1,2,Plainview,Estero,17.3,487.2,0.626,0.731,27516,15,150.0,165.0,183.4,26.5,83.3,30.5,0.96,317.7,12.5,High
FLD-004316,2026-03-03,2026,3,Tuesday,0,0,1,Namayan,Pasig River,8.6,155.9,0.488,0.787,36602,22,54.2,63.4,118.6,30.5,70.0,15.7,1.04,198.2,9.9,Medium
FLD-004317,2022-03-10,2022,3,Thursday,0,0,1,Hagdan Bato Libis,Drainage,15.9,547.0,0.626,0.718,32288,11,109.6,151.7,304.9,29.3,87.2,35.5,1.11,271.4,10.5,High
FLD-004318,2021-02-21,2021,2,Sunday,1,0,0,Wack-Wack Greenhills East,Drainage,28.8,1162.1,0.835,0.621,20242,1,1.0,13.9,59.1,30.3,61.0,5.2,1.07,4.0,0.5,Low
FLD-004319,2024-07-10,2024,7,Wednesday,0,1,1,Bagong Silang,Drainage,18.1,598.0,0.668,0.697,27373,14,55.0,102.8,236.3,26.5,76.2,15.8,1.74,218.3,4.8,Medium
FLD-004320,2022-11-02,2022,11,Wednesday,0,1,2,Harapin ang Bukas,Drainage,17.3,494.2,0.55,0.722,25798,12,97.9,149.5,227.3,28.9,85.4,24.4,1.23,202.4,10.1,High
FLD-004321,2023-05-30,2023,5,Tuesday,0,1,0,Hagdan Bato Itaas,Drainage,22.7,743.7,0.654,0.706,28607,10,9.8,132.0,429.5,30.9,77.9,11.2,1.35,1.4,5.6,Low
FLD-004322,2023-10-03,2023,10,Tuesday,0,1,1,New Zañiga,Buhangin Creek,6.6,135.9,0.463,0.76,32778,22,85.1,148.6,389.3,26.5,91.5,20.0,1.05,235.9,12.1,High
FLD-004323,2021-11-21,2021,11,Sunday,1,1,0,Buayang Bato,Buayang Bato Creek,13.3,323.6,0.622,0.746,31201,14,81.7,93.2,230.2,28.0,89.8,17.9,0.98,217.1,7.7,Medium
FLD-004324,2022-09-24,2022,9,Saturday,1,1,1,Mabini-J. Rizal,Maytunas Creek,13.4,498.6,0.578,0.724,32633,18,66.1,191.6,262.8,31.7,76.6,25.2,1.34,193.8,9.3,High
FLD-004325,2024-06-10,2024,6,Monday,0,1,0,Mauway,Maytunas Creek,23.1,891.5,0.726,0.708,36175,9,13.8,49.1,235.1,29.2,59.2,6.0,1.08,68.3,6.9,Low
FLD-004326,2025-04-21,2025,4,Monday,0,0,0,Barangka Itaas,Pasig River,10.6,274.8,0.606,0.827,37309,15,4.9,17.0,55.7,29.8,59.6,7.9,1.24,2.3,2.5,Low
FLD-004327,2025-01-12,2025,1,Sunday,1,0,0,Old Zañiga,Buhangin Creek,6.4,108.6,0.469,0.806,32967,20,0.8,18.4,38.5,30.1,67.1,34.0,1.41,0.9,1.8,Low
FLD-004328,2021-04-05,2021,4,Monday,0,0,0,Pleasant Hills,Ermitaño Creek,24.8,977.8,0.749,0.754,25603,10,80.2,103.2,118.9,28.2,78.1,9.6,0.88,99.4,6.8,High
FLD-004329,2025-03-29,2025,3,Saturday,1,0,0,Barangka Ilaya,Pasig River,8.5,103.7,0.447,0.819,37994,19,5.6,30.9,73.2,29.9,66.1,7.1,0.95,114.8,3.6,Low
FLD-004330,2022-01-28,2022,1,Friday,0,0,0,Bagong Silang,Drainage,17.8,603.3,0.581,0.705,30015,12,18.8,57.8,114.5,30.4,70.3,6.7,1.31,2.8,3.7,Low
FLD-004331,2021-03-21,2021,3,Sunday,1,0,2,Barangka Drive,Pasig River,9.0,195.1,0.474,0.781,35569,24,14.4,51.1,90.7,29.7,56.2,19.0,1.2,185.8,5.5,High
FLD-004332,2026-03-05,2026,3,Thursday,0,0,0,Barangka Ibaba,Pasig River,5.8,48.9,0.401,0.853,40363,20,118.7,147.1,218.5,29.0,77.6,6.9,1.5,244.5,13.5,High
FLD-004333,2021-05-23,2021,5,Sunday,1,1,0,Malamig,Tributary,19.5,574.8,0.679,0.706,28739,11,45.1,62.6,251.4,30.0,71.2,6.5,0.98,136.2,6.0,Low
FLD-004334,2025-05-13,2025,5,Tuesday,0,1,1,Daang Bakal,Maytunas Creek,12.0,360.0,0.631,0.777,32363,18,62.9,139.1,228.2,29.0,70.3,19.9,0.94,198.7,11.7,High
FLD-004335,2021-08-08,2021,8,Sunday,1,1,0,New Zañiga,Buhangin Creek,7.5,162.4,0.567,0.775,40669,18,0.7,60.4,168.5,32.1,61.4,21.0,1.46,1.0,2.1,Low
FLD-004336,2025-01-02,2025,1,Thursday,0,0,0,Poblacion,Buhangin Creek,6.3,102.0,0.403,0.867,46890,24,1.0,30.9,173.2,32.8,52.6,33.1,0.95,87.4,6.4,Low
FLD-004337,2023-11-04,2023,11,Saturday,1,1,0,New Zañiga,Buhangin Creek,6.6,160.3,0.482,0.77,36915,17,58.7,138.7,358.4,29.4,74.3,11.6,1.24,172.7,8.7,High
FLD-004338,2024-03-01,2024,3,Friday,0,0,2,Bagong Silang,Drainage,17.3,636.6,0.624,0.713,24767,14,26.6,62.4,177.2,32.3,64.5,21.2,1.42,227.6,7.3,Medium
FLD-004339,2024-06-15,2024,6,Saturday,1,1,0,Highway Hills,Maytunas Creek,31.4,910.5,0.718,0.795,45574,12,53.2,129.9,196.0,28.4,76.0,8.1,1.32,165.9,8.2,Medium
FLD-004340,2023-08-22,2023,8,Tuesday,0,1,0,Harapin ang Bukas,Drainage,17.1,535.1,0.588,0.724,24940,15,8.7,23.1,48.5,27.9,68.8,9.7,0.71,40.0,3.7,High
FLD-004341,2022-11-09,2022,11,Wednesday,0,1,0,Pleasant Hills,Ermitaño Creek,24.2,993.9,0.692,0.727,23319,7,5.7,60.5,126.0,30.3,65.2,14.4,1.03,2.1,2.7,Low
FLD-004342,2024-01-25,2024,1,Thursday,0,0,0,Plainview,Estero,18.9,528.1,0.662,0.718,29923,16,56.1,77.2,106.8,31.2,72.5,10.5,1.36,4.4,5.2,Low
FLD-004343,2023-10-12,2023,10,Thursday,0,1,0,Namayan,Pasig River,7.8,114.0,0.572,0.814,36990,19,4.2,198.3,415.5,30.8,74.5,18.2,0.7,83.9,12.8,High
FLD-004344,2023-11-24,2023,11,Friday,0,1,0,Barangka Drive,Pasig River,8.6,226.4,0.455,0.865,34088,18,12.3,76.2,110.0,32.2,77.1,1.9,0.97,89.9,6.1,Medium
FLD-004345,2024-03-18,2024,3,Monday,0,0,0,Harapin ang Bukas,Drainage,17.2,570.9,0.608,0.758,22584,11,6.1,17.1,68.0,32.8,65.0,8.4,1.05,14.2,0.5,Low
FLD-004346,2023-12-09,2023,12,Saturday,1,0,0,Hulo,Pasig River,5.5,113.4,0.451,0.89,40742,13,2.9,5.1,85.2,30.8,61.9,0,0.39,143.2,1.7,Low
FLD-004347,2021-12-28,2021,12,Tuesday,0,0,2,Pleasant Hills,Ermitaño Creek,25.9,996.4,0.77,0.635,25929,12,77.3,98.2,201.6,30.3,78.3,21.4,0.7,166.2,13.2,Medium
FLD-004348,2025-10-14,2025,10,Tuesday,0,1,0,Poblacion,Buhangin Creek,6.7,134.3,0.453,0.906,44978,21,7.9,133.2,207.7,28.3,76.0,9.0,0.98,115.1,7.8,Medium
FLD-004349,2025-01-13,2025,1,Monday,0,0,1,Burol,Drainage,20.3,709.6,0.676,0.658,24265,11,30.6,157.6,233.2,30.7,77.8,8.7,0.69,92.2,8.4,Medium
FLD-004350,2026-02-11,2026,2,Wednesday,0,0,0,Daang Bakal,Maytunas Creek,11.2,324.3,0.643,0.806,34715,16,0.8,60.5,279.3,30.7,59.8,7.2,0.91,23.0,4.1,Low
FLD-004351,2026-03-24,2026,3,Tuesday,0,0,1,Malamig,Tributary,20.3,570.0,0.694,0.758,27528,8,47.0,66.1,128.3,27.5,70.7,10.7,0.97,249.2,6.1,Medium
FLD-004352,2026-01-11,2026,1,Sunday,1,0,0,Addition Hills,Maytunas Creek,24.0,984.9,0.711,0.764,41823,9,37.3,152.8,256.8,28.3,74.8,8.7,0.82,65.5,6.6,Medium
FLD-004353,2024-12-15,2024,12,Sunday,1,0,0,Mabini-J. Rizal,Maytunas Creek,16.8,487.8,0.617,0.688,34559,15,0.3,45.9,98.1,31.5,66.0,14.9,1.4,4.1,5.8,Low
FLD-004354,2024-07-19,2024,7,Friday,0,1,2,Highway Hills,Maytunas Creek,29.9,898.5,0.755,0.797,46616,10,73.3,95.6,266.2,30.0,81.0,25.6,0.7,144.3,9.1,High
FLD-004355,2026-01-30,2026,1,Friday,0,0,0,Mauway,Maytunas Creek,23.3,852.5,0.658,0.718,38065,12,1.8,34.8,79.0,33.3,54.9,5.0,1.12,12.4,4.2,Low
FLD-004356,2022-08-16,2022,8,Tuesday,0,1,1,New Zañiga,Buhangin Creek,7.8,152.9,0.523,0.822,33172,19,96.9,160.9,544.3,30.5,81.3,8.5,0.72,228.7,13.1,High
FLD-004357,2026-02-21,2026,2,Saturday,1,0,1,Buayang Bato,Buayang Bato Creek,13.8,303.9,0.613,0.732,38711,19,76.3,109.6,247.4,30.0,68.5,25.7,0.6,176.8,7.9,High
FLD-004358,2021-06-02,2021,6,Wednesday,0,1,0,Poblacion,Buhangin Creek,4.4,118.5,0.475,0.82,46347,19,5.4,19.2,84.3,29.4,60.6,3.4,0.79,8.7,1.6,Low
FLD-004359,2025-07-06,2025,7,Sunday,1,1,0,Barangka Itaas,Pasig River,10.8,246.2,0.464,0.834,36588,24,6.6,81.3,148.1,30.8,74.1,4.9,0.98,43.1,6.5,Medium
FLD-004360,2024-01-14,2024,1,Sunday,1,0,0,Plainview,Estero,18.5,514.5,0.593,0.684,25962,15,1.5,74.1,101.0,34.9,64.6,8.4,0.69,0,4.4,Low
FLD-004361,2022-11-11,2022,11,Friday,0,1,0,Barangka Ilaya,Pasig River,8.5,123.6,0.44,0.789,39177,24,3.3,35.7,190.8,29.7,64.9,14.3,1.44,112.1,5.8,Medium
FLD-004362,2021-04-17,2021,4,Saturday,1,0,0,Bagong Silang,Drainage,18.0,566.7,0.623,0.702,27760,15,6.1,40.1,127.3,30.0,63.8,12.0,1.24,61.1,3.0,High
FLD-004363,2024-11-13,2024,11,Wednesday,0,1,0,Burol,Drainage,20.6,702.1,0.648,0.675,18912,7,5.0,24.5,75.5,28.9,77.5,5.8,0.89,2.1,0.8,Low
FLD-004364,2025-03-08,2025,3,Saturday,1,0,0,Harapin ang Bukas,Drainage,17.8,565.3,0.569,0.763,22008,16,0.3,32.9,56.9,30.6,59.4,12.3,0.64,4.0,5.3,Low
FLD-004365,2024-08-04,2024,8,Sunday,1,1,0,Malamig,Tributary,18.5,603.1,0.665,0.713,27743,11,25.8,149.0,185.9,29.7,67.8,7.8,1.11,69.4,9.6,Low
FLD-004366,2025-09-23,2025,9,Tuesday,0,1,0,San Jose,Drainage,23.5,717.2,0.635,0.651,28532,15,1.6,48.0,123.8,29.8,71.8,3.8,0.82,118.9,4.2,Low
FLD-004367,2023-06-04,2023,6,Sunday,1,1,0,Vergara,Drainage,24.1,801.2,0.735,0.598,24500,13,68.6,193.6,295.9,25.4,82.6,3.7,0.86,154.1,9.1,Medium
FLD-004368,2022-08-08,2022,8,Monday,0,1,3,Bagong Silang,Drainage,18.7,594.6,0.624,0.716,25958,17,84.9,101.0,180.6,28.4,84.7,34.0,1.01,290.3,10.3,High
FLD-004369,2022-07-27,2022,7,Wednesday,0,1,0,Burol,Drainage,21.4,651.5,0.662,0.713,22029,9,64.8,78.9,160.5,28.7,93.2,0.3,1.12,166.4,6.1,Low
FLD-004370,2026-04-27,2026,4,Monday,0,0,0,Hulo,Pasig River,6.0,85.6,0.427,0.859,41606,23,2.1,30.1,118.8,32.9,62.4,10.6,1.22,50.7,4.8,Medium
FLD-004371,2023-02-03,2023,2,Friday,0,0,2,Burol,Drainage,20.2,714.2,0.647,0.66,19741,17,63.3,120.4,137.2,29.5,80.3,19.9,1.15,151.1,10.1,High
FLD-004372,2022-09-30,2022,9,Friday,0,1,0,Wack-Wack Greenhills East,Drainage,27.3,1226.1,0.867,0.606,18940,10,41.0,131.7,184.0,27.0,78.6,18.4,1.06,76.1,4.2,Low
FLD-004373,2024-11-16,2024,11,Saturday,1,1,3,New Zañiga,Buhangin Creek,7.4,157.3,0.541,0.812,34396,19,106.3,159.3,468.5,26.5,81.9,27.7,1.39,309.4,14.3,High
FLD-004374,2021-01-01,2021,1,Friday,0,0,0,Barangka Ilaya,Pasig River,7.4,127.5,0.53,0.785,35721,19,2.3,33.7,104.6,33.3,71.9,10.5,0.87,116.9,6.1,Low
FLD-004375,2025-06-26,2025,6,Thursday,0,1,0,Pag-Asa,Drainage,20.6,688.4,0.643,0.709,26591,10,2.5,31.5,162.5,28.6,79.8,6.7,1.86,1.9,4.6,Low
FLD-004376,2023-01-27,2023,1,Friday,0,0,0,Barangka Itaas,Pasig River,10.2,187.4,0.48,0.857,36669,16,57.7,153.6,293.1,29.1,72.4,20.7,1.17,146.6,9.6,High
FLD-004377,2022-01-13,2022,1,Thursday,0,0,0,Hagdan Bato Libis,Drainage,15.0,524.4,0.571,0.716,30726,15,37.1,96.7,348.6,31.7,79.6,3.0,1.24,130.8,5.4,Medium
FLD-004378,2021-04-09,2021,4,Friday,0,0,1,Buayang Bato,Buayang Bato Creek,14.5,298.1,0.584,0.782,35543,14,10.1,47.4,66.1,29.6,55.0,15.8,0.88,7.3,5.0,Low
FLD-004379,2022-01-01,2022,1,Saturday,1,0,0,Namayan,Pasig River,7.5,154.6,0.503,0.812,34839,16,5.0,44.4,101.1,31.4,62.9,8.9,1.53,123.4,6.8,High
FLD-004380,2023-11-17,2023,11,Friday,0,1,2,Barangka Itaas,Pasig River,9.5,209.2,0.512,0.836,39279,17,166.7,285.5,399.2,26.8,88.8,22.5,1.28,348.6,17.6,High
FLD-004381,2023-08-12,2023,8,Saturday,1,1,0,Plainview,Estero,19.3,538.8,0.678,0.652,34096,11,10.7,216.9,279.3,29.2,82.5,4.0,1.12,2.0,10.8,Low
FLD-004382,2021-08-10,2021,8,Tuesday,0,1,0,Mabini-J. Rizal,Maytunas Creek,14.9,466.4,0.572,0.687,30245,11,0.3,44.5,120.0,31.1,75.3,1.4,1.0,67.8,7.4,Medium
FLD-004383,2023-10-20,2023,10,Friday,0,1,0,Barangka Ibaba,Pasig River,7.4,90.3,0.484,0.889,40078,17,16.4,37.2,171.1,28.8,79.0,11.9,1.19,114.2,3.5,Medium
FLD-004384,2023-12-31,2023,12,Sunday,1,0,2,Pleasant Hills,Ermitaño Creek,24.2,1002.3,0.703,0.665,27788,7,122.7,145.5,214.8,29.5,68.0,22.7,0.95,231.7,10.9,High
FLD-004385,2021-09-08,2021,9,Wednesday,0,1,0,Poblacion,Buhangin Creek,6.8,109.1,0.498,0.813,40360,23,0.1,58.0,335.9,30.1,63.3,4.6,1.09,76.9,5.0,Medium
FLD-004386,2025-10-18,2025,10,Saturday,1,1,2,Malamig,Tributary,20.5,570.1,0.713,0.766,26121,13,56.3,148.1,605.0,30.3,82.5,21.2,1.35,175.3,12.5,High
FLD-004387,2021-04-10,2021,4,Saturday,1,0,2,Wack-Wack Greenhills East,Drainage,28.1,1174.3,0.757,0.64,18827,5,100.9,129.1,210.6,28.2,77.0,18.6,1.04,284.5,10.1,Medium
FLD-004388,2023-06-21,2023,6,Wednesday,0,1,2,Plainview,Estero,18.3,536.0,0.687,0.739,32110,12,44.2,66.7,302.7,31.0,75.1,30.8,1.48,164.8,11.4,High
FLD-004389,2024-01-15,2024,1,Monday,0,0,0,Malamig,Tributary,18.4,576.2,0.656,0.697,26387,14,2.1,21.7,125.4,33.5,66.0,8.1,1.07,0.7,5.8,Low
FLD-004390,2022-06-08,2022,6,Wednesday,0,1,0,Bagong Silang,Drainage,17.9,620.0,0.548,0.713,25367,20,29.0,97.9,287.7,30.0,73.8,8.7,1.01,116.5,6.1,Medium
FLD-004391,2024-10-02,2024,10,Wednesday,0,1,0,New Zañiga,Buhangin Creek,5.6,169.1,0.556,0.833,34059,25,10.7,37.9,104.4,30.0,74.7,14.5,1.22,132.0,7.3,Medium
FLD-004392,2023-01-10,2023,1,Tuesday,0,0,0,New Zañiga,Buhangin Creek,5.5,160.1,0.484,0.764,40051,17,0.2,133.2,165.9,29.8,65.9,12.7,1.1,148.9,8.4,Medium
FLD-004393,2023-12-21,2023,12,Thursday,0,0,0,Vergara,Drainage,23.8,816.6,0.7,0.624,26072,10,4.2,20.9,127.0,29.6,60.9,6.1,0.51,101.5,1.1,Low
FLD-004394,2021-12-17,2021,12,Friday,0,0,0,Buayang Bato,Buayang Bato Creek,13.9,272.1,0.56,0.763,36333,21,25.5,78.9,174.8,31.6,70.3,9.5,1.33,174.8,6.4,Medium
FLD-004395,2022-10-03,2022,10,Monday,0,1,0,Barangka Itaas,Pasig River,9.2,281.9,0.551,0.886,34044,18,41.8,57.3,102.1,28.7,69.6,14.8,0.94,142.9,8.4,High
FLD-004396,2024-11-13,2024,11,Wednesday,0,1,3,Plainview,Estero,18.0,535.7,0.661,0.713,29551,15,99.5,147.7,237.5,26.4,87.0,29.5,1.58,280.9,13.6,High
FLD-004397,2025-11-02,2025,11,Sunday,1,1,1,Plainview,Estero,16.9,499.4,0.638,0.737,29405,16,44.8,204.0,291.1,26.7,77.5,31.4,1.55,135.4,12.6,Medium
FLD-004398,2024-05-22,2024,5,Wednesday,0,1,2,Bagong Silang,Drainage,19.7,574.5,0.637,0.704,22643,16,103.2,107.9,264.3,27.6,86.8,28.6,1.32,247.3,9.7,High
FLD-004399,2026-06-19,2026,6,Friday,0,1,1,Buayang Bato,Buayang Bato Creek,13.1,309.0,0.566,0.713,34697,22,104.1,241.8,321.4,27.0,83.3,27.8,1.2,281.5,11.1,High
FLD-004400,2023-02-16,2023,2,Thursday,0,0,0,Buayang Bato,Buayang Bato Creek,14.7,276.8,0.531,0.756,35762,19,15.3,42.6,81.1,31.0,70.1,3.2,0.99,4.9,3.7,Low
FLD-004401,2025-08-21,2025,8,Thursday,0,1,0,Pleasant Hills,Ermitaño Creek,24.6,1006.7,0.714,0.683,26416,11,14.0,34.2,77.0,27.8,69.1,8.0,0.5,20.8,2.8,Medium
FLD-004402,2025-06-26,2025,6,Thursday,0,1,0,Bagong Silang,Drainage,16.8,565.4,0.623,0.762,26354,17,1.4,33.2,105.3,29.4,76.3,12.3,1.59,18.3,3.7,Low
FLD-004403,2025-07-22,2025,7,Tuesday,0,1,0,Bagong Silang,Drainage,18.3,595.3,0.657,0.714,28341,16,10.2,59.7,163.8,29.4,77.0,9.3,0.59,71.1,2.9,Medium
FLD-004404,2024-02-01,2024,2,Thursday,0,0,0,Hagdan Bato Itaas,Drainage,22.7,806.1,0.664,0.67,29451,11,39.3,90.8,153.3,29.5,72.7,3.4,1.22,86.4,6.2,High
FLD-004405,2023-04-28,2023,4,Friday,0,0,0,Bagong Silang,Drainage,18.3,609.5,0.674,0.716,25283,11,16.5,117.4,195.0,33.7,72.8,24.6,0.99,82.1,2.3,Medium
FLD-004406,2024-02-12,2024,2,Monday,0,0,0,Namayan,Pasig River,8.1,169.7,0.585,0.754,31806,22,1.7,53.0,166.0,31.9,61.0,4.6,0.88,101.1,5.0,High
FLD-004407,2022-01-27,2022,1,Thursday,0,0,0,Highway Hills,Maytunas Creek,30.6,871.3,0.807,0.784,41688,9,70.3,134.0,241.0,31.3,72.5,3.6,1.46,99.2,7.0,Medium
FLD-004408,2023-04-23,2023,4,Sunday,1,0,0,New Zañiga,Buhangin Creek,7.3,149.9,0.459,0.874,35038,23,0.6,52.5,92.2,34.3,63.9,0,1.06,64.6,2.0,Medium
FLD-004409,2022-06-02,2022,6,Thursday,0,1,0,New Zañiga,Buhangin Creek,8.1,143.1,0.52,0.827,37243,20,39.4,147.3,301.6,25.5,81.6,9.1,0.78,74.0,7.3,High
FLD-004410,2021-10-04,2021,10,Monday,0,1,0,Mauway,Maytunas Creek,24.2,860.9,0.635,0.687,37728,11,11.4,136.6,204.5,30.7,84.2,12.6,0.6,0.0,7.9,Low
FLD-004411,2022-02-06,2022,2,Sunday,1,0,2,Plainview,Estero,18.1,537.4,0.558,0.736,29042,15,41.6,94.4,260.3,30.2,77.1,16.4,1.13,193.9,12.3,Medium
FLD-004412,2025-07-24,2025,7,Thursday,0,1,0,Harapin ang Bukas,Drainage,17.5,546.3,0.629,0.786,27625,15,19.7,74.3,125.7,30.2,78.6,6.5,1.06,117.5,2.9,Medium
FLD-004413,2023-01-18,2023,1,Wednesday,0,0,0,Namayan,Pasig River,7.6,139.4,0.504,0.806,33689,20,7.6,37.7,76.3,32.6,66.8,6.2,1.52,1.6,1.2,Low
FLD-004414,2025-10-22,2025,10,Wednesday,0,1,0,Pag-Asa,Drainage,21.2,652.5,0.61,0.667,25175,18,10.6,99.1,201.5,29.8,66.4,0,1.14,7.4,7.8,Low
FLD-004415,2024-01-08,2024,1,Monday,0,0,0,Bagong Silang,Drainage,18.5,634.5,0.543,0.687,25353,12,26.5,121.1,409.4,32.4,70.8,6.6,1.22,138.4,9.8,Medium
FLD-004416,2021-06-04,2021,6,Friday,0,1,1,Buayang Bato,Buayang Bato Creek,13.7,325.2,0.534,0.787,32777,21,50.8,119.2,214.8,30.2,72.8,20.2,0.7,169.2,7.2,Medium
FLD-004417,2023-09-05,2023,9,Tuesday,0,1,1,Barangka Itaas,Pasig River,10.2,287.9,0.569,0.838,34550,21,15.6,24.5,57.1,29.8,76.3,19.5,1.08,135.6,2.1,Medium
FLD-004418,2024-09-09,2024,9,Monday,0,1,2,San Jose,Drainage,21.9,698.8,0.674,0.654,28059,10,99.5,153.6,295.3,27.9,81.6,26.5,1.68,265.1,9.0,High
FLD-004419,2026-02-08,2026,2,Sunday,1,0,3,Daang Bakal,Maytunas Creek,12.9,346.0,0.583,0.799,35224,20,202.8,227.1,300.9,26.5,85.8,31.1,1.3,401.9,14.6,High
FLD-004420,2025-05-24,2025,5,Saturday,1,1,0,Buayang Bato,Buayang Bato Creek,14.3,301.9,0.604,0.795,30353,14,50.2,218.7,304.4,29.8,79.0,7.6,1.78,154.7,11.9,High
FLD-004421,2026-01-26,2026,1,Monday,0,0,1,Poblacion,Buhangin Creek,6.6,72.7,0.476,0.803,42880,19,47.8,81.1,187.2,31.5,69.8,12.2,0.3,94.4,8.2,High
FLD-004422,2021-12-05,2021,12,Sunday,1,0,0,Bagong Silang,Drainage,17.0,594.7,0.636,0.718,26075,10,4.0,15.7,24.1,32.2,62.4,11.0,1.16,93.3,2.8,Low
FLD-004423,2024-10-31,2024,10,Thursday,0,1,0,Malamig,Tributary,20.3,618.9,0.629,0.721,34249,13,54.7,75.8,120.5,30.2,89.6,11.9,0.99,142.8,0.5,Medium
FLD-004424,2024-10-18,2024,10,Friday,0,1,2,Daang Bakal,Maytunas Creek,12.5,380.9,0.589,0.791,30788,17,93.4,162.8,296.0,29.2,74.1,29.1,0.75,295.9,12.1,High
FLD-004425,2022-10-13,2022,10,Thursday,0,1,0,Poblacion,Buhangin Creek,6.1,82.7,0.509,0.819,41058,26,104.0,150.7,252.5,26.7,74.7,12.5,1.02,198.0,9.7,High
FLD-004426,2021-01-28,2021,1,Thursday,0,0,0,Poblacion,Buhangin Creek,6.0,135.8,0.47,0.786,41548,19,62.7,87.0,212.6,31.0,80.4,0,1.05,238.4,5.2,High
FLD-004427,2024-12-24,2024,12,Tuesday,0,0,1,San Jose,Drainage,22.2,708.7,0.703,0.706,26644,11,87.8,145.8,205.5,31.2,72.6,14.1,1.17,138.1,6.5,High
FLD-004428,2026-03-01,2026,3,Sunday,1,0,0,Harapin ang Bukas,Drainage,16.5,545.4,0.565,0.737,20492,12,15.8,100.7,127.9,33.6,75.1,15.7,1.55,107.1,10.1,High
FLD-004429,2021-01-20,2021,1,Wednesday,0,0,3,Hagdan Bato Libis,Drainage,16.9,483.0,0.631,0.732,29478,16,109.2,154.7,214.5,31.4,77.9,36.1,0.7,284.2,13.6,High
FLD-004430,2023-10-22,2023,10,Sunday,1,1,0,Addition Hills,Maytunas Creek,24.2,1050.0,0.627,0.748,45398,14,54.4,122.2,305.7,27.3,73.4,12.8,0.43,164.2,5.9,Medium
FLD-004431,2021-10-25,2021,10,Monday,0,1,0,Namayan,Pasig River,8.1,146.6,0.495,0.868,28647,17,2.3,41.9,89.9,28.7,68.5,0,0.66,170.5,6.3,Medium
FLD-004432,2023-01-29,2023,1,Sunday,1,0,1,Harapin ang Bukas,Drainage,16.4,563.4,0.572,0.708,24403,16,22.1,117.0,348.5,31.5,73.3,25.2,1.46,43.8,7.4,Medium
FLD-004433,2021-02-22,2021,2,Monday,0,0,0,Wack-Wack Greenhills East,Drainage,27.5,1216.8,0.758,0.695,15740,7,4.5,15.9,81.9,32.6,63.4,0,0.82,58.6,4.2,Low
FLD-004434,2023-01-21,2023,1,Saturday,1,0,0,Wack-Wack Greenhills East,Drainage,26.9,1179.6,0.845,0.67,18796,9,4.0,48.6,101.6,29.2,62.0,12.8,1.19,1.9,5.0,Low
FLD-004435,2024-10-06,2024,10,Sunday,1,1,2,Hagdan Bato Itaas,Drainage,21.9,706.5,0.69,0.734,28463,7,138.2,222.4,346.0,25.3,79.2,23.4,0.73,306.8,14.3,High
FLD-004436,2024-06-20,2024,6,Thursday,0,1,0,Old Zañiga,Buhangin Creek,7.5,167.7,0.455,0.772,38216,17,36.3,66.0,156.2,28.4,79.7,2.7,1.56,193.2,6.5,Medium
FLD-004437,2026-05-15,2026,5,Friday,0,1,0,Mauway,Maytunas Creek,21.7,835.6,0.742,0.731,35908,12,25.3,116.6,245.1,30.6,79.3,10.6,0.8,97.1,9.4,Medium
FLD-004438,2023-01-10,2023,1,Tuesday,0,0,0,Malamig,Tributary,19.7,606.9,0.667,0.705,28382,10,4.9,59.1,90.5,32.7,66.8,1.9,1.29,87.6,6.9,Low
FLD-004439,2021-10-11,2021,10,Monday,0,1,0,Barangka Ibaba,Pasig River,7.4,68.6,0.418,0.797,39651,25,13.7,25.4,59.5,28.8,73.4,13.1,1.52,175.3,5.6,High
FLD-004440,2021-09-22,2021,9,Wednesday,0,1,0,New Zañiga,Buhangin Creek,8.1,153.2,0.533,0.811,37517,10,2.8,199.1,290.0,30.6,76.3,10.2,1.26,175.5,11.7,Medium
FLD-004441,2022-01-04,2022,1,Tuesday,0,0,2,Daang Bakal,Maytunas Creek,12.7,363.7,0.648,0.773,34349,20,38.5,59.8,88.2,30.9,76.7,22.8,0.86,218.4,7.0,High
FLD-004442,2022-04-08,2022,4,Friday,0,0,1,Pleasant Hills,Ermitaño Creek,25.0,1024.7,0.699,0.721,24405,12,108.8,120.6,410.8,27.8,79.9,12.7,0.93,251.2,9.8,Medium
FLD-004443,2024-02-20,2024,2,Tuesday,0,0,0,Poblacion,Buhangin Creek,6.7,160.9,0.551,0.841,43680,20,42.4,154.4,206.8,30.3,73.5,10.4,1.0,136.7,8.7,Medium
FLD-004444,2025-11-22,2025,11,Saturday,1,1,0,Old Zañiga,Buhangin Creek,6.5,144.5,0.49,0.765,31864,20,17.1,44.3,170.3,26.3,77.8,10.9,1.41,171.1,7.1,Medium
FLD-004445,2025-08-24,2025,8,Sunday,1,1,3,Poblacion,Buhangin Creek,5.7,78.0,0.439,0.801,43441,26,82.6,393.6,614.5,27.7,73.0,32.2,1.15,336.1,24.1,High
FLD-004446,2021-05-16,2021,5,Sunday,1,1,0,Pleasant Hills,Ermitaño Creek,25.2,968.0,0.615,0.666,25480,14,10.4,141.5,261.9,27.9,66.6,2.3,1.03,14.2,6.0,Medium
FLD-004447,2026-06-14,2026,6,Sunday,1,1,0,Daang Bakal,Maytunas Creek,11.4,367.4,0.591,0.758,34383,16,159.6,248.7,306.6,26.9,98.1,15.8,1.14,253.5,9.4,High
FLD-004448,2023-12-19,2023,12,Tuesday,0,0,0,Hagdan Bato Itaas,Drainage,21.8,758.2,0.702,0.751,25325,10,64.0,66.1,116.9,32.8,64.9,3.8,0.95,111.6,6.4,Medium
FLD-004449,2024-12-14,2024,12,Saturday,1,0,2,Mabini-J. Rizal,Maytunas Creek,14.8,416.5,0.61,0.805,32422,10,89.7,173.9,233.2,29.6,77.7,29.7,1.13,271.1,12.1,High
FLD-004450,2023-09-23,2023,9,Saturday,1,1,3,Buayang Bato,Buayang Bato Creek,15.5,298.3,0.561,0.742,36850,16,165.9,301.6,343.6,29.1,87.4,30.9,0.83,378.3,16.9,High
FLD-004451,2022-04-15,2022,4,Friday,0,0,1,Daang Bakal,Maytunas Creek,11.6,338.5,0.572,0.75,31957,20,33.5,60.9,118.5,32.5,66.5,13.2,1.41,182.6,7.2,Medium
FLD-004452,2022-11-05,2022,11,Saturday,1,1,3,Pleasant Hills,Ermitaño Creek,24.6,996.0,0.667,0.714,25921,12,135.2,195.8,302.4,27.0,90.2,50.1,0.82,282.7,12.9,High
FLD-004453,2021-10-08,2021,10,Friday,0,1,1,Mauway,Maytunas Creek,23.6,834.7,0.666,0.683,39491,13,32.5,143.0,245.3,32.1,77.1,15.6,1.21,170.2,11.7,High
FLD-004454,2023-02-02,2023,2,Thursday,0,0,0,Pleasant Hills,Ermitaño Creek,25.1,1006.8,0.724,0.641,22554,3,6.6,30.1,263.5,30.4,66.5,1.6,0.87,0.0,2.4,Low
FLD-004455,2023-03-05,2023,3,Sunday,1,0,3,Hagdan Bato Itaas,Drainage,22.1,753.9,0.712,0.692,24816,13,150.6,233.4,359.7,30.5,87.3,34.2,0.96,346.0,14.5,High
FLD-004456,2022-09-19,2022,9,Monday,0,1,0,Daang Bakal,Maytunas Creek,11.8,338.9,0.562,0.74,29836,19,8.5,128.2,181.2,29.1,76.9,1.4,0.93,95.9,5.6,Medium
FLD-004457,2024-12-29,2024,12,Sunday,1,0,1,Hulo,Pasig River,4.6,94.7,0.455,0.89,39707,19,49.2,100.6,140.1,29.8,71.2,8.4,1.42,226.5,6.8,High
FLD-004458,2024-07-18,2024,7,Thursday,0,1,0,Vergara,Drainage,22.9,761.0,0.74,0.653,25459,9,0.8,69.5,295.7,28.5,74.4,7.0,1.34,82.2,6.9,Low
FLD-004459,2026-06-11,2026,6,Thursday,0,1,1,New Zañiga,Buhangin Creek,7.1,128.5,0.488,0.788,34469,19,90.7,161.5,251.2,29.5,81.9,10.0,1.22,244.3,12.9,High
FLD-004460,2023-09-19,2023,9,Tuesday,0,1,0,Malamig,Tributary,19.1,603.4,0.664,0.739,32717,12,5.6,42.4,304.3,32.5,70.1,18.3,1.36,140.0,6.1,Low
FLD-004461,2022-09-19,2022,9,Monday,0,1,0,Poblacion,Buhangin Creek,6.4,108.3,0.487,0.85,45275,19,35.1,323.2,401.0,26.7,80.7,3.1,1.4,184.5,14.1,High
FLD-004462,2021-07-26,2021,7,Monday,0,1,0,Burol,Drainage,20.7,734.6,0.675,0.689,20344,7,1.2,13.1,64.5,33.0,73.1,13.0,1.17,42.5,3.6,Low
FLD-004463,2023-03-23,2023,3,Thursday,0,0,0,Vergara,Drainage,23.1,796.4,0.712,0.66,25622,10,27.7,54.7,88.7,31.2,67.1,8.3,1.49,7.2,6.7,Low
FLD-004464,2021-06-13,2021,6,Sunday,1,1,0,Barangka Itaas,Pasig River,9.2,225.1,0.503,0.823,36421,19,34.5,114.9,345.6,30.1,85.6,11.1,1.51,155.0,9.1,Medium
FLD-004465,2024-10-20,2024,10,Sunday,1,1,1,Harapin ang Bukas,Drainage,17.0,571.1,0.593,0.764,19316,13,65.1,121.4,254.4,32.1,83.0,21.3,1.07,196.9,9.2,Medium
FLD-004466,2024-12-19,2024,12,Thursday,0,0,0,Daang Bakal,Maytunas Creek,10.0,327.6,0.551,0.72,30837,23,2.0,15.3,162.8,31.0,60.0,5.0,0.98,101.8,4.3,Medium
FLD-004467,2023-06-28,2023,6,Wednesday,0,1,2,Harapin ang Bukas,Drainage,17.5,539.0,0.604,0.695,21132,14,49.4,188.0,211.8,28.1,75.4,47.3,0.96,218.4,12.1,High
FLD-004468,2026-03-03,2026,3,Tuesday,0,0,1,Bagong Silang,Drainage,19.6,580.4,0.555,0.796,27244,17,40.6,42.9,208.9,30.4,66.4,23.6,1.51,94.7,6.0,High
FLD-004469,2024-04-21,2024,4,Sunday,1,0,0,Poblacion,Buhangin Creek,5.4,125.2,0.415,0.812,44560,18,44.7,93.4,164.4,29.4,68.8,4.7,1.36,207.3,7.2,Medium
FLD-004470,2023-09-02,2023,9,Saturday,1,1,0,Addition Hills,Maytunas Creek,26.4,986.6,0.691,0.73,46260,9,25.0,188.0,311.5,29.7,73.0,13.7,1.28,172.9,9.0,Medium
FLD-004471,2025-05-28,2025,5,Wednesday,0,1,3,Daang Bakal,Maytunas Creek,12.0,375.0,0.539,0.748,35857,18,257.8,319.6,409.4,23.4,97.7,27.1,1.61,595.7,21.8,High
FLD-004472,2024-11-08,2024,11,Friday,0,1,1,Hagdan Bato Itaas,Drainage,21.3,730.0,0.766,0.649,32749,17,64.7,81.4,113.8,28.6,75.2,13.1,0.89,143.2,5.6,Medium
FLD-004473,2022-10-06,2022,10,Thursday,0,1,1,New Zañiga,Buhangin Creek,6.3,133.1,0.53,0.752,32063,17,25.3,174.9,536.6,31.9,74.4,30.2,0.66,195.0,14.6,High
FLD-004474,2021-08-08,2021,8,Sunday,1,1,1,Mabini-J. Rizal,Maytunas Creek,14.7,413.8,0.586,0.723,29485,21,9.9,41.5,109.4,28.0,82.1,16.3,1.3,59.5,4.9,Medium
FLD-004475,2021-01-09,2021,1,Saturday,1,0,0,San Jose,Drainage,21.3,688.4,0.652,0.639,26407,15,76.2,104.7,134.0,29.3,70.6,10.9,1.46,163.8,6.7,High
FLD-004476,2024-11-07,2024,11,Thursday,0,1,2,Pleasant Hills,Ermitaño Creek,25.5,1000.2,0.766,0.695,25676,12,54.8,91.1,120.9,29.7,78.4,35.1,1.24,147.6,7.4,Low
FLD-004477,2022-12-30,2022,12,Friday,0,0,0,Poblacion,Buhangin Creek,6.9,86.6,0.468,0.911,36328,25,138.6,217.1,243.1,29.9,77.9,10.5,0.67,309.0,13.7,High
FLD-004478,2022-05-18,2022,5,Wednesday,0,1,0,Old Zañiga,Buhangin Creek,6.3,160.6,0.471,0.76,31653,20,1.0,83.2,125.2,27.6,72.0,7.4,0.95,4.2,5.3,Low
FLD-004479,2024-02-19,2024,2,Monday,0,0,0,Buayang Bato,Buayang Bato Creek,12.2,304.8,0.532,0.738,36051,14,42.8,80.0,164.0,30.4,64.2,0,1.18,120.5,7.7,Medium
FLD-004480,2021-08-31,2021,8,Tuesday,0,1,0,Mauway,Maytunas Creek,22.9,861.1,0.692,0.656,37111,10,66.3,86.0,144.3,29.6,79.0,17.9,1.24,151.7,5.5,Low
FLD-004481,2025-09-13,2025,9,Saturday,1,1,1,Daang Bakal,Maytunas Creek,12.7,375.4,0.527,0.729,27474,15,4.4,85.5,260.7,29.0,83.3,5.6,1.28,79.6,7.5,Medium
FLD-004482,2021-03-15,2021,3,Monday,0,0,0,San Jose,Drainage,23.0,682.6,0.708,0.701,26129,9,25.7,54.5,141.6,32.8,67.0,21.7,0.46,4.7,4.5,Low
FLD-004483,2023-12-07,2023,12,Thursday,0,0,0,Barangka Ilaya,Pasig River,7.9,164.6,0.527,0.836,36721,25,5.9,91.6,166.4,31.0,70.6,0,0.59,152.0,2.2,Medium
FLD-004484,2023-05-31,2023,5,Wednesday,0,1,1,Bagong Silang,Drainage,19.1,608.5,0.601,0.707,28886,14,51.0,131.8,227.4,30.8,76.3,32.4,1.43,112.7,10.2,Medium
FLD-004485,2021-05-24,2021,5,Monday,0,1,0,Barangka Ibaba,Pasig River,5.7,63.8,0.46,0.899,40390,20,9.7,138.6,464.1,27.6,78.4,5.0,1.19,134.4,7.3,High
FLD-004486,2022-01-29,2022,1,Saturday,1,0,0,Old Zañiga,Buhangin Creek,7.1,144.5,0.553,0.772,33607,21,22.9,79.7,153.7,30.3,64.8,3.5,1.27,121.4,6.3,Medium
FLD-004487,2021-03-03,2021,3,Wednesday,0,0,0,Harapin ang Bukas,Drainage,17.4,586.0,0.587,0.776,21805,8,10.6,27.1,123.4,32.1,72.6,0.2,0.67,80.3,1.9,Low
FLD-004488,2023-11-29,2023,11,Wednesday,0,1,0,New Zañiga,Buhangin Creek,6.8,172.1,0.544,0.883,33012,19,86.7,174.1,312.9,26.2,83.4,12.0,1.68,224.5,10.4,High
FLD-004489,2024-07-20,2024,7,Saturday,1,1,0,Hagdan Bato Itaas,Drainage,22.4,786.6,0.686,0.717,27430,14,28.6,34.2,344.9,28.7,79.2,10.6,1.16,17.9,0.5,Low
FLD-004490,2021-11-01,2021,11,Monday,0,1,0,Wack-Wack Greenhills East,Drainage,28.3,1186.5,0.756,0.646,17929,11,0.7,23.1,40.9,27.0,79.9,28.5,1.03,8.4,2.3,Low
FLD-004491,2022-07-12,2022,7,Tuesday,0,1,1,Mauway,Maytunas Creek,22.8,890.7,0.738,0.696,38371,11,45.3,79.9,341.0,28.6,73.0,20.9,1.22,194.4,6.7,High
FLD-004492,2023-08-19,2023,8,Saturday,1,1,0,Barangka Itaas,Pasig River,9.9,257.1,0.495,0.875,33787,20,5.6,98.8,334.9,30.5,63.8,8.6,1.79,182.0,6.3,Medium
FLD-004493,2022-05-20,2022,5,Friday,0,1,0,New Zañiga,Buhangin Creek,6.8,138.4,0.547,0.783,32804,17,9.8,106.7,225.7,27.8,73.0,14.0,1.44,158.0,9.7,High
FLD-004494,2024-11-29,2024,11,Friday,0,1,0,Harapin ang Bukas,Drainage,16.4,535.4,0.573,0.737,24418,9,3.0,55.5,112.2,30.2,75.8,0,0.71,79.7,4.3,Medium
FLD-004495,2021-11-18,2021,11,Thursday,0,1,0,San Jose,Drainage,20.6,699.4,0.678,0.666,28452,13,21.7,120.3,237.0,33.7,69.9,19.0,0.99,90.0,8.3,Medium
FLD-004496,2025-08-01,2025,8,Friday,0,1,0,Pleasant Hills,Ermitaño Creek,24.8,1025.4,0.69,0.628,27116,13,5.8,44.8,181.5,30.4,74.9,11.9,0.97,7.6,5.5,Low
FLD-004497,2024-04-28,2024,4,Sunday,1,0,0,Addition Hills,Maytunas Creek,25.1,1045.0,0.728,0.715,44222,11,2.2,62.3,91.2,30.0,65.7,10.0,1.4,76.0,4.3,Low
FLD-004498,2023-08-25,2023,8,Friday,0,1,0,Barangka Ibaba,Pasig River,6.2,54.2,0.466,0.847,38832,21,53.7,117.3,273.8,30.5,77.0,8.1,1.09,161.5,8.1,High
FLD-004499,2025-07-14,2025,7,Monday,0,1,0,Bagong Silang,Drainage,17.8,641.1,0.692,0.727,28827,10,4.2,223.0,305.0,31.6,69.4,9.2,0.83,5.9,8.4,Low
FLD-004500,2024-05-31,2024,5,Friday,0,1,1,Burol,Drainage,19.6,689.9,0.674,0.701,20516,9,54.7,118.7,162.1,28.9,81.3,47.8,0.97,8.0,9.7,Low
FLD-004501,2026-01-30,2026,1,Friday,0,0,1,Hagdan Bato Libis,Drainage,16.5,498.9,0.643,0.735,28356,15,94.3,126.8,142.1,29.3,77.7,14.3,0.48,236.0,6.7,Medium
FLD-004502,2024-04-18,2024,4,Thursday,0,0,1,Mauway,Maytunas Creek,23.4,849.1,0.684,0.712,32796,11,43.9,59.6,112.0,30.1,76.7,14.3,1.08,7.1,6.0,Low
FLD-004503,2023-02-20,2023,2,Monday,0,0,0,Old Zañiga,Buhangin Creek,6.4,188.0,0.483,0.821,34473,19,7.2,32.4,200.7,32.8,68.3,2.0,0.75,107.2,6.2,Medium
FLD-004504,2022-08-24,2022,8,Wednesday,0,1,1,New Zañiga,Buhangin Creek,7.8,134.0,0.491,0.764,36228,21,9.9,75.1,381.3,26.2,66.6,12.9,1.42,165.6,7.7,High
FLD-004505,2022-11-14,2022,11,Monday,0,1,0,Hulo,Pasig River,6.4,102.1,0.391,0.854,41267,21,7.7,45.3,117.6,28.9,85.4,0,1.39,100.3,5.3,Medium
FLD-004506,2021-09-26,2021,9,Sunday,1,1,0,Pleasant Hills,Ermitaño Creek,24.9,991.8,0.672,0.635,24179,8,6.9,21.4,61.7,31.4,71.9,23.5,0.93,3.7,0.5,Low
FLD-004507,2021-06-14,2021,6,Monday,0,1,0,Mabini-J. Rizal,Maytunas Creek,14.2,394.1,0.629,0.772,32658,18,117.7,268.6,445.7,26.2,89.5,17.9,1.23,245.4,13.5,High
FLD-004508,2023-05-31,2023,5,Wednesday,0,1,0,Wack-Wack Greenhills East,Drainage,28.7,1207.4,0.823,0.607,19348,6,91.1,158.7,331.6,26.6,80.7,10.6,0.87,6.4,5.4,Low
FLD-004509,2021-12-13,2021,12,Monday,0,0,1,Barangka Itaas,Pasig River,9.5,244.3,0.566,0.819,36676,20,54.0,287.7,364.1,31.2,67.9,32.2,0.8,116.9,13.6,High
FLD-004510,2026-03-01,2026,3,Sunday,1,0,0,Mauway,Maytunas Creek,22.4,834.4,0.664,0.741,36353,8,18.5,104.5,264.1,33.0,74.2,5.5,1.29,19.7,7.8,Medium
FLD-004511,2022-05-11,2022,5,Wednesday,0,1,1,Highway Hills,Maytunas Creek,30.2,869.7,0.76,0.819,48745,12,27.6,52.7,88.3,29.8,72.8,14.8,1.18,10.1,2.6,Low
FLD-004512,2023-05-09,2023,5,Tuesday,0,1,0,Mabini-J. Rizal,Maytunas Creek,14.9,439.2,0.63,0.712,30055,14,0.8,50.3,150.5,30.3,77.9,0,1.36,127.0,1.7,Low
FLD-004513,2023-01-26,2023,1,Thursday,0,0,0,Old Zañiga,Buhangin Creek,7.9,193.6,0.593,0.787,35107,17,0.6,68.6,154.0,30.8,73.5,2.4,1.29,110.5,4.1,Medium
FLD-004514,2022-04-25,2022,4,Monday,0,0,0,Mabini-J. Rizal,Maytunas Creek,15.1,439.1,0.64,0.76,31400,13,5.1,9.9,79.5,32.0,68.6,0.4,0.87,3.7,0.9,Low
FLD-004515,2021-02-19,2021,2,Friday,0,0,0,Pag-Asa,Drainage,19.2,660.3,0.654,0.748,24043,16,10.0,38.8,49.4,30.5,58.8,7.3,0.88,5.4,6.6,Low
FLD-004516,2024-08-13,2024,8,Tuesday,0,1,2,Mabini-J. Rizal,Maytunas Creek,13.5,402.4,0.6,0.72,31177,7,111.7,184.5,327.9,30.0,80.9,19.2,0.79,281.7,13.4,High
FLD-004517,2025-08-22,2025,8,Friday,0,1,3,Pleasant Hills,Ermitaño Creek,26.3,1036.0,0.73,0.677,26862,8,189.4,280.5,336.6,26.5,100,33.3,1.29,372.0,18.3,High
FLD-004518,2022-05-24,2022,5,Tuesday,0,1,0,San Jose,Drainage,21.6,725.1,0.732,0.679,24738,14,133.3,163.9,370.9,26.9,92.3,7.5,1.12,248.5,8.3,High
FLD-004519,2025-01-23,2025,1,Thursday,0,0,0,Mauway,Maytunas Creek,22.6,837.2,0.655,0.714,37131,12,26.1,45.2,94.3,29.8,65.2,17.4,0.46,50.3,4.4,Medium
FLD-004520,2026-01-08,2026,1,Thursday,0,0,1,Pleasant Hills,Ermitaño Creek,24.4,1001.3,0.737,0.671,25787,12,161.1,198.6,266.5,30.1,86.9,18.3,1.04,208.6,13.2,High
FLD-004521,2024-06-20,2024,6,Thursday,0,1,0,Barangka Ilaya,Pasig River,7.8,152.2,0.482,0.843,37444,23,13.2,30.6,71.8,28.7,76.4,7.8,0.51,87.4,3.0,Low
FLD-004522,2023-04-25,2023,4,Tuesday,0,0,1,Vergara,Drainage,22.7,791.7,0.742,0.63,27617,6,93.7,108.9,179.4,29.0,76.4,16.5,0.61,172.0,6.2,High
FLD-004523,2023-05-10,2023,5,Wednesday,0,1,0,Hagdan Bato Itaas,Drainage,21.0,758.4,0.681,0.686,25852,12,9.9,30.1,186.6,29.3,71.9,5.1,1.12,34.6,4.0,Low
FLD-004524,2025-12-16,2025,12,Tuesday,0,0,0,Burol,Drainage,20.4,696.0,0.662,0.709,21644,9,20.9,52.8,171.1,32.8,76.1,2.1,0.35,2.7,5.1,Low
FLD-004525,2024-08-28,2024,8,Wednesday,0,1,1,Mauway,Maytunas Creek,24.1,847.0,0.664,0.699,37394,7,28.1,122.4,264.0,25.6,72.0,24.7,1.47,137.8,6.4,Medium
FLD-004526,2022-03-09,2022,3,Wednesday,0,0,2,Hagdan Bato Libis,Drainage,16.8,517.6,0.622,0.747,28690,15,54.9,124.9,143.1,29.9,73.1,25.0,1.11,210.9,7.2,High
FLD-004527,2021-04-26,2021,4,Monday,0,0,0,Hulo,Pasig River,7.0,119.5,0.424,0.875,40665,22,45.5,84.9,125.4,30.5,78.4,6.2,1.04,176.1,7.4,High
FLD-004528,2023-08-09,2023,8,Wednesday,0,1,0,Vergara,Drainage,23.6,790.2,0.724,0.623,26660,13,8.4,36.4,50.7,28.5,77.1,3.9,0.85,14.4,3.9,Low
FLD-004529,2024-05-30,2024,5,Thursday,0,1,0,Hagdan Bato Itaas,Drainage,22.7,731.2,0.724,0.72,31062,10,4.2,46.4,257.4,28.9,68.3,17.8,1.51,43.1,0.5,Medium
FLD-004530,2022-03-27,2022,3,Sunday,1,0,0,Mabini-J. Rizal,Maytunas Creek,15.3,469.5,0.655,0.737,28909,17,5.8,21.4,81.9,31.4,65.3,4.2,0.62,53.6,3.3,Low
FLD-004531,2022-09-25,2022,9,Sunday,1,1,0,Pag-Asa,Drainage,19.9,654.9,0.642,0.71,23614,13,77.2,88.0,437.0,27.2,75.4,12.9,1.4,155.7,5.7,Medium
FLD-004532,2024-08-05,2024,8,Monday,0,1,0,Barangka Ibaba,Pasig River,8.0,62.9,0.422,0.849,41366,22,5.8,58.9,212.7,29.3,68.6,0,1.07,116.5,7.5,Medium
FLD-004533,2021-12-24,2021,12,Friday,0,0,0,Hulo,Pasig River,4.8,86.1,0.387,0.895,38962,24,4.4,63.6,147.2,31.7,68.6,4.8,1.57,81.6,9.0,Medium
FLD-004534,2025-01-17,2025,1,Friday,0,0,0,Barangka Ilaya,Pasig River,8.4,158.3,0.503,0.798,36439,21,40.1,56.8,155.2,31.3,53.0,19.6,1.12,231.8,9.0,High
FLD-004535,2023-06-19,2023,6,Monday,0,1,0,Barangka Ibaba,Pasig River,7.4,69.7,0.416,0.876,38756,20,10.1,87.4,194.4,29.8,71.6,4.7,1.32,121.9,7.6,Medium
FLD-004536,2024-06-14,2024,6,Friday,0,1,0,Hulo,Pasig River,7.1,126.3,0.334,0.909,39931,21,7.5,78.4,223.4,28.5,76.9,7.7,1.09,46.9,7.6,Medium
FLD-004537,2023-06-09,2023,6,Friday,0,1,2,Barangka Drive,Pasig River,10.9,244.1,0.511,0.835,33261,16,74.2,211.6,361.9,27.6,79.8,22.9,0.79,251.4,9.7,High
FLD-004538,2023-08-16,2023,8,Wednesday,0,1,1,Barangka Drive,Pasig River,9.3,228.0,0.504,0.883,37852,17,33.5,54.7,128.0,31.5,76.0,13.4,1.28,159.7,4.2,Medium
FLD-004539,2023-02-19,2023,2,Sunday,1,0,0,Pag-Asa,Drainage,20.1,665.1,0.645,0.737,22612,7,49.4,98.6,284.0,30.0,82.0,2.0,1.4,102.7,5.2,Medium
FLD-004540,2021-01-24,2021,1,Sunday,1,0,0,Buayang Bato,Buayang Bato Creek,14.7,347.9,0.536,0.716,34767,12,9.7,58.8,120.4,32.5,63.8,0,1.28,1.5,4.2,Low
FLD-004541,2026-02-03,2026,2,Tuesday,0,0,0,Mabini-J. Rizal,Maytunas Creek,15.0,434.0,0.594,0.696,28424,13,0.5,15.6,88.9,32.1,67.6,18.0,0.84,99.4,2.9,Low
FLD-004542,2022-03-25,2022,3,Friday,0,0,0,Addition Hills,Maytunas Creek,25.5,1014.2,0.685,0.727,49043,15,3.3,71.8,210.4,28.4,69.7,3.5,0.79,19.1,5.7,Low
FLD-004543,2024-10-30,2024,10,Wednesday,0,1,1,Hagdan Bato Libis,Drainage,16.6,492.6,0.588,0.749,29709,14,11.9,97.5,237.1,31.0,59.9,14.6,1.23,202.3,8.3,Medium
FLD-004544,2021-01-05,2021,1,Tuesday,0,0,0,Daang Bakal,Maytunas Creek,13.6,353.1,0.601,0.83,33243,15,3.6,35.8,142.9,34.6,55.0,4.9,1.68,116.7,5.1,Medium
FLD-004545,2023-01-30,2023,1,Monday,0,0,0,Barangka Ilaya,Pasig River,7.5,113.4,0.484,0.824,38126,21,42.0,66.0,97.8,28.8,70.2,7.8,0.66,197.8,8.5,Medium
FLD-004546,2025-06-12,2025,6,Thursday,0,1,0,Malamig,Tributary,20.5,600.6,0.664,0.7,28416,13,3.9,44.1,185.2,29.8,71.5,16.7,0.99,15.7,5.3,Low
FLD-004547,2021-07-20,2021,7,Tuesday,0,1,0,Malamig,Tributary,19.7,596.0,0.569,0.739,28890,15,5.6,43.4,382.6,29.7,81.1,5.6,1.11,0,4.1,Medium
FLD-004548,2024-09-19,2024,9,Thursday,0,1,0,Burol,Drainage,20.9,700.3,0.711,0.652,20998,14,24.1,50.0,250.8,30.3,86.5,10.0,1.65,82.0,4.2,Medium
FLD-004549,2022-03-29,2022,3,Tuesday,0,0,0,Burol,Drainage,20.1,755.9,0.593,0.701,19636,14,4.6,25.1,111.8,31.8,66.9,7.6,0.49,4.4,1.2,Low
FLD-004550,2022-06-17,2022,6,Friday,0,1,0,Namayan,Pasig River,8.5,149.7,0.569,0.811,34269,19,7.9,78.6,167.7,29.2,74.0,9.5,0.7,40.5,6.4,Medium
FLD-004551,2022-09-14,2022,9,Wednesday,0,1,0,New Zañiga,Buhangin Creek,6.7,157.8,0.5,0.797,33087,21,0.4,80.5,231.0,30.8,78.7,3.6,1.64,68.4,6.1,High
FLD-004552,2024-02-06,2024,2,Tuesday,0,0,0,Barangka Drive,Pasig River,10.7,227.7,0.491,0.818,33829,26,33.8,66.0,88.4,32.4,67.2,17.1,0.91,172.3,8.1,High
FLD-004553,2025-02-04,2025,2,Tuesday,0,0,0,Namayan,Pasig River,6.8,174.2,0.519,0.811,34854,20,1.6,23.7,116.6,33.6,70.1,5.0,1.22,59.7,6.8,Low
FLD-004554,2021-03-04,2021,3,Thursday,0,0,0,Highway Hills,Maytunas Creek,29.9,904.7,0.742,0.804,46735,12,0.4,15.4,99.0,31.9,65.3,4.5,0.42,7.4,2.6,Low
FLD-004555,2021-07-13,2021,7,Tuesday,0,1,0,Mauway,Maytunas Creek,23.5,840.9,0.674,0.751,37300,11,4.0,43.3,368.5,29.9,78.4,13.4,0.68,0,1.9,Medium
FLD-004556,2025-04-04,2025,4,Friday,0,0,0,Plainview,Estero,16.6,490.9,0.641,0.712,28731,13,13.2,29.9,127.0,30.8,73.7,10.2,1.07,130.9,9.7,Medium
FLD-004557,2025-02-27,2025,2,Thursday,0,0,1,Old Zañiga,Buhangin Creek,7.3,155.3,0.486,0.786,35774,19,25.5,57.8,242.5,34.9,73.7,20.9,1.2,92.0,7.1,High
FLD-004558,2023-07-16,2023,7,Sunday,1,1,1,Malamig,Tributary,21.0,593.8,0.687,0.746,30528,13,11.1,210.2,447.2,29.0,62.0,31.7,2.24,115.8,8.1,High
FLD-004559,2022-01-09,2022,1,Sunday,1,0,1,Hagdan Bato Itaas,Drainage,21.2,747.8,0.659,0.697,25874,18,189.3,255.0,379.7,29.6,86.4,36.5,0.77,333.0,13.2,High
FLD-004560,2021-10-06,2021,10,Wednesday,0,1,0,Buayang Bato,Buayang Bato Creek,13.8,319.7,0.577,0.719,31356,17,1.3,76.7,518.4,30.0,79.9,29.3,1.03,35.5,4.0,Medium
FLD-004561,2025-04-01,2025,4,Tuesday,0,0,1,Pleasant Hills,Ermitaño Creek,25.6,1028.4,0.64,0.687,26585,9,4.3,61.0,166.3,30.1,73.8,14.1,0.45,0.0,4.3,Low
FLD-004562,2023-12-02,2023,12,Saturday,1,0,0,Barangka Itaas,Pasig River,9.9,238.3,0.572,0.881,34886,18,7.6,39.4,77.1,31.3,63.0,8.4,0.91,65.0,2.1,Medium
FLD-004563,2025-04-08,2025,4,Tuesday,0,0,0,Harapin ang Bukas,Drainage,16.7,512.9,0.552,0.784,21228,13,11.5,20.6,105.1,29.8,67.7,10.0,0.6,10.6,3.9,Low
FLD-004564,2023-01-23,2023,1,Monday,0,0,0,Poblacion,Buhangin Creek,7.3,126.2,0.453,0.829,40370,25,15.9,38.9,160.6,33.6,61.3,4.2,1.22,114.2,4.9,Medium
FLD-004565,2024-06-30,2024,6,Sunday,1,1,0,Addition Hills,Maytunas Creek,25.3,994.1,0.73,0.727,47550,6,4.2,65.4,166.2,29.6,81.8,13.8,0.79,2.5,5.9,Low
FLD-004566,2023-10-30,2023,10,Monday,0,1,1,Barangka Drive,Pasig River,7.9,215.1,0.531,0.78,32619,17,80.4,117.6,478.9,27.7,88.7,28.6,0.99,275.8,9.1,High
FLD-004567,2025-10-16,2025,10,Thursday,0,1,0,Plainview,Estero,19.1,493.3,0.65,0.753,29766,11,6.7,115.6,285.7,33.9,68.9,12.8,1.98,98.1,8.5,Low
FLD-004568,2024-12-06,2024,12,Friday,0,0,1,Hagdan Bato Itaas,Drainage,21.2,776.4,0.715,0.671,26493,13,95.7,125.2,179.9,31.6,71.6,21.9,0.4,201.1,9.3,High
FLD-004569,2024-05-06,2024,5,Monday,0,1,0,Malamig,Tributary,19.9,582.4,0.655,0.68,30795,12,36.0,108.7,215.6,28.3,75.4,6.5,1.0,165.8,10.0,Low
FLD-004570,2026-01-09,2026,1,Friday,0,0,0,Buayang Bato,Buayang Bato Creek,14.2,314.0,0.59,0.707,33232,19,0.0,50.5,71.0,31.8,58.8,13.5,0.97,12.2,6.3,Low
FLD-004571,2024-03-12,2024,3,Tuesday,0,0,0,Hagdan Bato Itaas,Drainage,22.8,767.8,0.713,0.646,24546,12,2.3,26.4,100.0,31.4,58.7,15.9,1.02,181.9,4.2,Low
FLD-004572,2025-01-14,2025,1,Tuesday,0,0,0,Pag-Asa,Drainage,21.2,655.7,0.658,0.75,22284,8,5.7,95.4,155.1,28.3,57.1,11.4,1.15,11.4,6.9,Low
FLD-004573,2021-08-10,2021,8,Tuesday,0,1,0,Pag-Asa,Drainage,20.0,627.8,0.628,0.693,24976,20,10.8,31.6,259.7,28.7,78.1,21.7,1.18,1.6,2.5,Low
FLD-004574,2025-06-24,2025,6,Tuesday,0,1,0,Pleasant Hills,Ermitaño Creek,26.4,1026.6,0.672,0.671,24555,12,22.9,70.9,277.3,30.6,72.4,9.8,1.39,18.6,4.4,Low
FLD-004575,2024-07-18,2024,7,Thursday,0,1,1,Addition Hills,Maytunas Creek,25.5,1059.0,0.705,0.693,43049,12,22.1,121.9,481.6,27.2,72.8,14.0,1.17,170.2,10.0,Medium
FLD-004576,2024-10-24,2024,10,Thursday,0,1,0,Barangka Itaas,Pasig River,10.3,211.5,0.594,0.76,36153,15,3.1,47.3,330.7,33.4,64.4,0,1.32,66.0,4.1,Medium
FLD-004577,2023-08-03,2023,8,Thursday,0,1,1,Old Zañiga,Buhangin Creek,7.6,210.2,0.556,0.797,32896,14,27.0,84.6,326.5,29.7,82.3,12.5,0.93,173.1,8.4,Medium
FLD-004578,2024-07-16,2024,7,Tuesday,0,1,1,San Jose,Drainage,21.1,675.8,0.734,0.694,28117,9,12.2,88.7,117.4,28.8,78.5,20.1,0.83,125.6,8.9,Low
FLD-004579,2024-09-10,2024,9,Tuesday,0,1,1,New Zañiga,Buhangin Creek,5.6,124.7,0.565,0.798,36372,19,20.3,62.8,372.9,28.1,86.3,16.7,1.25,137.0,7.9,High
FLD-004580,2023-09-02,2023,9,Saturday,1,1,0,Barangka Ilaya,Pasig River,8.2,203.6,0.499,0.83,36478,21,11.6,30.6,212.4,31.1,61.1,17.6,1.27,152.7,3.0,High
FLD-004581,2021-04-09,2021,4,Friday,0,0,0,Namayan,Pasig River,8.6,186.5,0.519,0.79,34014,22,2.3,7.7,46.6,31.5,77.9,9.5,0.74,4.5,2.5,Low
FLD-004582,2022-02-12,2022,2,Saturday,1,0,0,Barangka Drive,Pasig River,11.2,171.3,0.538,0.846,34036,16,7.7,69.5,242.2,31.3,74.4,15.5,1.16,121.0,4.5,Medium
FLD-004583,2026-05-03,2026,5,Sunday,1,1,0,Barangka Ibaba,Pasig River,6.6,68.3,0.445,0.911,40170,18,8.3,119.7,298.2,28.9,75.3,1.2,1.49,0,8.7,Medium
FLD-004584,2022-04-30,2022,4,Saturday,1,0,0,Vergara,Drainage,25.0,825.4,0.695,0.673,27233,11,32.7,70.9,127.9,29.3,59.3,3.6,1.28,1.4,2.9,Low
FLD-004585,2023-01-07,2023,1,Saturday,1,0,0,Pleasant Hills,Ermitaño Creek,23.7,1034.0,0.722,0.671,31796,3,8.6,25.4,109.2,32.8,64.4,15.3,0.81,15.3,5.3,Low
FLD-004586,2021-07-02,2021,7,Friday,0,1,1,Addition Hills,Maytunas Creek,25.4,982.5,0.633,0.692,42359,9,38.0,93.8,300.5,27.5,83.2,11.0,1.2,104.4,10.8,Medium
FLD-004587,2024-06-27,2024,6,Thursday,0,1,0,San Jose,Drainage,22.4,730.8,0.69,0.702,28576,12,71.3,103.4,210.3,28.4,78.3,9.1,1.05,200.6,8.3,High
FLD-004588,2024-08-29,2024,8,Thursday,0,1,0,Addition Hills,Maytunas Creek,24.7,1035.6,0.655,0.751,46705,11,6.9,51.6,238.8,26.3,90.3,12.1,0.76,0,6.1,Low
FLD-004589,2022-02-06,2022,2,Sunday,1,0,0,Bagong Silang,Drainage,18.2,565.7,0.613,0.703,25362,16,36.4,88.3,147.1,28.8,69.7,0.2,0.8,79.7,7.5,Medium
FLD-004590,2024-05-13,2024,5,Monday,0,1,1,Pag-Asa,Drainage,20.4,656.6,0.629,0.755,22076,12,44.9,111.4,407.0,27.7,77.3,19.9,1.1,97.3,8.4,Medium
FLD-004591,2022-11-26,2022,11,Saturday,1,1,0,Daang Bakal,Maytunas Creek,13.5,395.9,0.614,0.803,28982,19,13.3,31.4,201.5,31.2,80.9,8.6,1.01,7.1,5.4,Low
FLD-004592,2026-02-12,2026,2,Thursday,0,0,0,Highway Hills,Maytunas Creek,29.8,948.1,0.712,0.83,46307,12,35.0,185.9,216.9,29.8,74.8,31.3,1.01,38.1,9.4,Medium
FLD-004593,2025-05-18,2025,5,Sunday,1,1,2,Barangka Ilaya,Pasig River,8.6,147.6,0.515,0.829,36141,20,120.9,154.4,317.8,26.7,95.9,23.5,1.12,372.5,13.3,High
FLD-004594,2026-03-22,2026,3,Sunday,1,0,0,Namayan,Pasig River,7.8,165.4,0.516,0.78,32344,14,3.6,44.7,90.4,28.8,75.6,3.9,0.93,120.2,4.0,Medium
FLD-004595,2026-01-14,2026,1,Wednesday,0,0,0,Burol,Drainage,20.7,682.3,0.668,0.643,22306,10,9.7,12.6,74.5,31.9,63.7,12.4,1.05,0.8,3.1,Low
FLD-004596,2022-02-28,2022,2,Monday,0,0,0,Barangka Ibaba,Pasig River,7.5,102.3,0.426,0.892,39612,18,38.8,108.8,194.5,31.3,63.0,2.0,1.05,130.6,11.1,High
FLD-004597,2025-06-08,2025,6,Sunday,1,1,1,Old Zañiga,Buhangin Creek,5.8,154.5,0.441,0.826,34331,17,42.6,84.5,227.7,25.4,66.7,11.4,1.46,210.8,10.5,High
FLD-004598,2026-01-12,2026,1,Monday,0,0,0,Daang Bakal,Maytunas Creek,12.7,329.9,0.525,0.748,30070,22,11.5,77.6,163.6,33.0,62.1,3.9,0.78,84.4,5.2,Medium
FLD-004599,2024-06-10,2024,6,Monday,0,1,0,Harapin ang Bukas,Drainage,16.4,532.8,0.576,0.788,25403,16,6.0,99.3,308.7,32.1,67.9,10.1,1.5,154.3,10.3,Medium
FLD-004600,2023-04-04,2023,4,Tuesday,0,0,0,Namayan,Pasig River,6.4,172.4,0.482,0.771,31622,19,5.1,56.7,95.3,32.3,58.6,3.0,1.0,20.6,5.8,High
FLD-004601,2023-01-20,2023,1,Friday,0,0,2,Harapin ang Bukas,Drainage,17.6,564.2,0.601,0.771,17253,15,88.6,131.0,175.5,27.3,76.1,28.0,0.85,273.7,8.5,High
FLD-004602,2023-08-10,2023,8,Thursday,0,1,1,Wack-Wack Greenhills East,Drainage,27.4,1212.0,0.815,0.63,18432,6,209.7,414.0,665.4,23.9,94.5,25.2,0.86,255.9,22.2,High
FLD-004603,2024-04-13,2024,4,Saturday,1,0,1,Plainview,Estero,19.7,498.7,0.673,0.712,29481,11,22.5,61.4,198.6,29.7,66.3,14.6,0.98,8.9,7.1,Low
FLD-004604,2025-09-19,2025,9,Friday,0,1,0,Barangka Ilaya,Pasig River,7.9,148.2,0.488,0.833,34991,17,8.7,94.5,152.2,29.4,77.0,3.0,0.94,82.3,6.7,Low
FLD-004605,2025-05-11,2025,5,Sunday,1,1,0,Buayang Bato,Buayang Bato Creek,13.5,314.7,0.561,0.715,33340,14,66.9,132.0,523.4,27.8,76.8,1.4,0.69,147.3,10.2,High
FLD-004606,2025-06-17,2025,6,Tuesday,0,1,0,Wack-Wack Greenhills East,Drainage,27.8,1213.9,0.837,0.66,17486,5,11.3,51.6,291.9,28.2,70.9,5.0,1.57,0,4.1,Low
FLD-004607,2022-03-11,2022,3,Friday,0,0,0,Wack-Wack Greenhills East,Drainage,28.2,1213.3,0.818,0.673,19336,9,32.5,110.5,180.6,30.4,69.3,6.8,0.38,30.0,7.2,Low
FLD-004608,2021-05-27,2021,5,Thursday,0,1,1,Vergara,Drainage,23.7,806.9,0.706,0.673,23517,15,76.1,158.4,359.6,26.5,83.1,20.1,1.16,97.2,11.7,Medium
FLD-004609,2023-07-13,2023,7,Thursday,0,1,0,Barangka Ilaya,Pasig River,7.2,201.6,0.517,0.814,34367,19,25.1,54.6,225.4,29.5,82.7,3.8,1.26,141.4,5.9,High
FLD-004610,2022-03-03,2022,3,Thursday,0,0,0,Burol,Drainage,21.0,699.6,0.636,0.678,21356,17,6.3,26.6,93.8,31.7,66.9,7.4,1.0,9.3,3.7,Low
FLD-004611,2024-03-04,2024,3,Monday,0,0,0,Highway Hills,Maytunas Creek,28.5,873.2,0.729,0.785,45220,5,3.3,86.2,233.1,33.9,77.8,16.8,1.33,3.8,3.6,Low
FLD-004612,2026-03-14,2026,3,Saturday,1,0,0,Bagong Silang,Drainage,18.2,596.8,0.677,0.746,26081,16,1.1,17.1,37.4,30.4,68.4,3.5,1.43,2.3,7.5,Low
FLD-004613,2025-10-22,2025,10,Wednesday,0,1,3,Barangka Drive,Pasig River,9.0,217.2,0.523,0.839,31851,16,134.6,261.4,352.1,24.0,81.2,24.9,1.54,426.8,17.1,High
FLD-004614,2022-07-31,2022,7,Sunday,1,1,0,Harapin ang Bukas,Drainage,16.6,584.6,0.523,0.75,26975,14,17.2,196.3,409.1,27.0,71.6,3.0,1.0,60.4,8.8,Medium
FLD-004615,2023-07-25,2023,7,Tuesday,0,1,0,Wack-Wack Greenhills East,Drainage,29.1,1187.8,0.856,0.633,20653,1,85.0,94.5,219.3,27.8,83.9,4.7,0.77,103.9,6.5,Medium
FLD-004616,2022-04-27,2022,4,Wednesday,0,0,0,Poblacion,Buhangin Creek,6.5,111.9,0.415,0.804,40219,21,11.9,42.7,94.8,32.2,63.8,22.6,1.2,92.5,5.0,Low
FLD-004617,2024-06-01,2024,6,Saturday,1,1,0,Pag-Asa,Drainage,20.0,676.1,0.677,0.719,22009,12,2.0,39.7,184.8,30.8,72.8,9.7,1.63,5.5,3.4,Low
FLD-004618,2025-09-25,2025,9,Thursday,0,1,2,Pag-Asa,Drainage,20.3,670.4,0.666,0.709,21779,7,44.0,101.2,153.5,27.1,79.5,17.6,1.05,179.8,9.5,Medium
FLD-004619,2026-06-24,2026,6,Wednesday,0,1,0,Barangka Itaas,Pasig River,10.1,251.2,0.523,0.81,32444,17,5.0,80.5,205.2,32.8,70.3,2.9,1.14,111.4,7.9,Low
FLD-004620,2023-03-14,2023,3,Tuesday,0,0,0,Namayan,Pasig River,8.0,145.5,0.541,0.893,31013,19,7.9,54.3,121.1,31.4,59.7,9.9,0.94,107.2,3.1,Low
FLD-004621,2025-06-25,2025,6,Wednesday,0,1,0,Barangka Drive,Pasig River,9.6,206.8,0.5,0.854,34416,21,8.2,32.8,181.4,28.5,71.0,8.3,0.76,134.6,6.4,Medium
FLD-004622,2022-07-02,2022,7,Saturday,1,1,0,Vergara,Drainage,22.7,810.4,0.735,0.662,23056,15,154.9,307.6,385.4,24.9,88.9,30.9,1.62,263.7,10.4,High
FLD-004623,2026-01-21,2026,1,Wednesday,0,0,2,Burol,Drainage,21.6,693.4,0.581,0.631,19501,13,114.7,140.5,193.8,27.5,83.1,15.9,1.18,205.2,10.9,High
FLD-004624,2022-01-29,2022,1,Saturday,1,0,1,Hulo,Pasig River,5.9,106.3,0.45,0.885,42389,24,159.8,176.1,284.0,26.8,84.7,14.8,1.28,354.7,13.6,High
FLD-004625,2023-03-20,2023,3,Monday,0,0,0,Barangka Itaas,Pasig River,9.9,261.9,0.581,0.827,35945,16,10.9,131.4,202.8,30.7,60.3,15.7,1.12,117.3,8.8,Medium
FLD-004626,2025-10-24,2025,10,Friday,0,1,1,San Jose,Drainage,22.7,740.5,0.776,0.702,27414,14,95.8,131.6,407.0,28.4,79.0,10.7,1.24,141.1,7.4,Medium
FLD-004627,2025-01-21,2025,1,Tuesday,0,0,0,Malamig,Tributary,21.1,624.7,0.698,0.64,32594,11,22.8,160.6,301.1,32.2,71.2,8.2,1.31,97.0,10.6,Medium
FLD-004628,2021-03-23,2021,3,Tuesday,0,0,0,Addition Hills,Maytunas Creek,24.9,1007.0,0.692,0.72,43728,11,92.1,122.4,127.9,28.8,77.3,13.1,1.25,137.7,8.0,High
FLD-004629,2025-01-14,2025,1,Tuesday,0,0,0,Mauway,Maytunas Creek,22.6,875.7,0.631,0.646,39135,12,36.8,63.8,156.7,32.3,57.3,26.6,1.0,169.4,8.2,Medium
FLD-004630,2023-01-20,2023,1,Friday,0,0,0,Hulo,Pasig River,6.8,107.8,0.489,0.873,39676,18,6.0,55.5,192.5,31.9,64.2,10.8,1.44,87.7,5.4,Low
FLD-004631,2025-08-08,2025,8,Friday,0,1,0,Barangka Itaas,Pasig River,9.9,198.6,0.546,0.806,36528,13,5.1,77.4,147.1,32.3,66.9,9.4,1.34,16.2,7.2,Low
FLD-004632,2023-12-23,2023,12,Saturday,1,0,0,Wack-Wack Greenhills East,Drainage,27.9,1220.4,0.818,0.615,18992,2,0.8,9.8,90.1,33.2,71.7,14.9,1.07,128.7,3.1,Low
FLD-004633,2024-08-24,2024,8,Saturday,1,1,1,Hagdan Bato Libis,Drainage,16.1,521.5,0.664,0.773,27531,21,7.5,139.3,189.9,28.0,76.7,15.1,0.4,2.9,4.5,Low
FLD-004634,2026-04-07,2026,4,Tuesday,0,0,1,Pag-Asa,Drainage,19.3,604.5,0.61,0.782,27807,18,35.2,201.6,226.3,31.4,64.5,25.8,0.84,95.6,8.7,High
FLD-004635,2023-11-22,2023,11,Wednesday,0,1,0,Pag-Asa,Drainage,21.0,656.9,0.604,0.712,21851,12,65.2,90.7,137.9,29.4,84.9,3.5,1.38,155.0,6.4,High
FLD-004636,2025-08-04,2025,8,Monday,0,1,0,New Zañiga,Buhangin Creek,7.1,148.2,0.452,0.804,33792,24,7.1,67.0,142.3,29.1,80.3,11.2,1.2,189.1,5.6,Medium
FLD-004637,2023-02-28,2023,2,Tuesday,0,0,0,Pleasant Hills,Ermitaño Creek,23.9,1017.4,0.686,0.711,27317,11,6.3,61.5,102.5,32.0,53.9,1.5,1.29,7.6,1.0,Low
FLD-004638,2022-01-16,2022,1,Sunday,1,0,0,Plainview,Estero,17.7,488.5,0.645,0.737,30142,13,5.2,22.5,89.3,32.5,62.5,14.5,0.4,5.8,4.2,Low
FLD-004639,2023-03-10,2023,3,Friday,0,0,2,Plainview,Estero,19.0,471.2,0.672,0.697,28131,15,146.3,170.6,220.1,27.5,78.8,18.9,0.81,262.2,9.4,High
FLD-004640,2023-06-29,2023,6,Thursday,0,1,0,Pag-Asa,Drainage,18.3,629.0,0.669,0.725,26336,16,3.5,105.5,132.4,27.5,73.2,5.2,1.25,3.7,8.4,Low
FLD-004641,2021-03-26,2021,3,Friday,0,0,2,Pag-Asa,Drainage,21.4,658.1,0.575,0.702,21246,10,27.2,85.4,140.2,30.1,68.2,31.1,1.12,120.0,7.6,Medium
FLD-004642,2021-02-20,2021,2,Saturday,1,0,0,Barangka Drive,Pasig River,8.6,223.4,0.498,0.799,35566,19,7.4,29.6,89.4,32.6,72.0,6.3,1.45,217.0,2.8,Medium
FLD-004643,2025-09-24,2025,9,Wednesday,0,1,1,San Jose,Drainage,23.5,675.8,0.675,0.683,25232,9,57.7,94.0,174.1,30.7,77.6,14.5,0.99,192.0,4.6,Medium
FLD-004644,2023-07-18,2023,7,Tuesday,0,1,2,Barangka Drive,Pasig River,8.1,209.7,0.48,0.853,33661,19,88.1,136.5,499.1,26.2,71.3,19.6,1.41,397.1,11.0,High
FLD-004645,2023-11-03,2023,11,Friday,0,1,0,Barangka Itaas,Pasig River,9.4,230.3,0.516,0.831,36791,15,34.0,81.4,139.8,31.2,72.5,4.4,1.21,129.0,7.5,Medium
FLD-004646,2025-07-23,2025,7,Wednesday,0,1,0,Bagong Silang,Drainage,17.7,567.6,0.561,0.686,25900,13,1.2,57.9,151.9,30.0,70.3,4.8,0.94,74.0,5.9,Medium
FLD-004647,2023-08-18,2023,8,Friday,0,1,1,Hagdan Bato Libis,Drainage,16.5,550.8,0.599,0.708,31500,14,67.4,90.3,158.3,29.6,79.3,16.2,0.47,165.0,8.6,Medium
FLD-004648,2025-07-31,2025,7,Thursday,0,1,0,Barangka Drive,Pasig River,8.4,222.6,0.505,0.793,35993,18,6.2,140.4,279.2,27.5,72.3,0,0.51,143.3,9.1,High
FLD-004649,2023-08-11,2023,8,Friday,0,1,1,Barangka Itaas,Pasig River,11.4,292.0,0.548,0.83,34856,19,18.7,63.9,135.2,29.0,72.0,15.9,0.83,164.2,9.0,Medium
FLD-004650,2021-04-01,2021,4,Thursday,0,0,0,Mauway,Maytunas Creek,23.3,843.0,0.594,0.713,36801,15,3.9,22.4,119.2,31.1,68.9,2.9,0.77,5.7,7.9,Low
FLD-004651,2021-12-01,2021,12,Wednesday,0,0,3,Barangka Itaas,Pasig River,9.0,252.8,0.556,0.829,37315,15,197.3,246.4,279.8,24.8,86.4,42.3,1.19,450.2,17.9,High
FLD-004652,2025-11-12,2025,11,Wednesday,0,1,2,Hagdan Bato Libis,Drainage,16.4,511.0,0.6,0.699,29104,13,84.0,166.7,246.0,26.1,83.3,17.2,1.48,271.0,16.7,High
FLD-004653,2023-10-26,2023,10,Thursday,0,1,0,Vergara,Drainage,24.2,785.7,0.736,0.642,25397,18,4.3,51.4,178.6,29.8,77.2,3.8,1.68,16.0,3.9,Low
FLD-004654,2026-02-04,2026,2,Wednesday,0,0,0,Harapin ang Bukas,Drainage,16.8,533.6,0.61,0.751,23892,12,14.6,25.7,109.0,35.3,70.6,8.5,0.97,8.3,5.4,Low
FLD-004655,2021-07-19,2021,7,Monday,0,1,0,Hulo,Pasig River,7.2,132.7,0.463,0.887,40594,16,16.6,108.7,165.0,30.5,74.0,13.2,1.33,199.4,6.3,High
FLD-004656,2024-04-25,2024,4,Thursday,0,0,0,Malamig,Tributary,19.8,559.3,0.643,0.69,34288,14,7.0,88.2,180.1,32.6,71.2,0,1.27,53.0,7.4,Medium
FLD-004657,2023-08-05,2023,8,Saturday,1,1,0,Namayan,Pasig River,7.0,136.9,0.523,0.825,30562,17,4.3,266.6,399.5,30.9,75.5,5.0,1.67,170.2,11.8,High
FLD-004658,2023-05-02,2023,5,Tuesday,0,1,0,Namayan,Pasig River,8.3,165.2,0.483,0.787,33756,20,35.9,51.6,127.1,30.2,84.2,13.3,1.13,72.2,4.6,Medium
FLD-004659,2025-06-05,2025,6,Thursday,0,1,2,Pleasant Hills,Ermitaño Creek,24.9,997.9,0.696,0.754,22600,13,64.7,103.5,171.3,27.7,71.1,39.9,1.39,197.1,5.5,High
FLD-004660,2023-03-17,2023,3,Friday,0,0,0,Pleasant Hills,Ermitaño Creek,26.0,971.5,0.646,0.747,24261,14,5.8,49.9,123.8,36.2,68.4,0,1.23,0.5,4.4,Low
FLD-004661,2025-03-15,2025,3,Saturday,1,0,1,Plainview,Estero,17.4,450.8,0.648,0.705,31043,10,141.1,203.9,229.1,26.9,78.2,19.4,1.24,248.7,13.2,High
FLD-004662,2021-04-06,2021,4,Tuesday,0,0,0,Malamig,Tributary,20.6,624.0,0.599,0.698,29627,11,5.0,127.6,210.4,33.0,52.0,4.4,0.71,73.3,7.3,Medium
FLD-004663,2021-05-31,2021,5,Monday,0,1,1,Malamig,Tributary,19.6,581.6,0.662,0.697,31155,16,33.1,149.6,262.5,29.6,69.3,14.8,0.88,203.1,8.1,Medium
FLD-004664,2023-11-15,2023,11,Wednesday,0,1,0,Plainview,Estero,17.9,494.7,0.642,0.775,32750,13,0.6,77.3,208.9,28.9,73.6,9.4,1.51,2.1,6.3,Low
FLD-004665,2022-10-09,2022,10,Sunday,1,1,0,Barangka Drive,Pasig River,9.8,172.5,0.489,0.754,36536,16,2.9,60.2,262.9,30.2,82.8,10.2,1.09,143.8,6.3,Low
FLD-004666,2021-06-29,2021,6,Tuesday,0,1,0,Bagong Silang,Drainage,16.8,596.5,0.631,0.679,28068,16,76.0,357.4,449.4,29.5,79.7,17.6,0.93,164.0,16.4,High
FLD-004667,2022-08-17,2022,8,Wednesday,0,1,2,Mabini-J. Rizal,Maytunas Creek,15.8,432.6,0.574,0.722,33935,16,32.2,64.0,240.8,28.1,79.1,34.7,1.63,150.4,8.0,High
FLD-004668,2021-05-11,2021,5,Tuesday,0,1,3,Wack-Wack Greenhills East,Drainage,27.8,1205.6,0.843,0.669,17497,3,61.9,101.0,325.6,29.7,83.1,42.7,1.44,7.6,7.1,Low
FLD-004669,2024-06-12,2024,6,Wednesday,0,1,0,Vergara,Drainage,24.1,822.3,0.768,0.653,22825,10,46.9,59.1,156.9,26.3,75.4,8.4,1.39,17.8,3.3,Low
FLD-004670,2025-08-21,2025,8,Thursday,0,1,0,San Jose,Drainage,22.2,714.6,0.708,0.728,27311,12,44.3,88.7,291.9,30.8,90.8,16.8,1.22,7.3,4.8,Low
FLD-004671,2023-10-10,2023,10,Tuesday,0,1,0,Barangka Ibaba,Pasig River,6.5,99.2,0.418,0.887,41646,22,6.4,59.8,293.9,29.3,73.8,7.8,1.46,98.1,3.2,Medium
FLD-004672,2024-06-13,2024,6,Thursday,0,1,0,Daang Bakal,Maytunas Creek,11.6,356.0,0.558,0.758,31943,21,97.7,109.7,151.8,25.5,77.2,5.8,1.24,163.6,9.6,Medium
FLD-004673,2022-11-26,2022,11,Saturday,1,1,0,New Zañiga,Buhangin Creek,7.0,128.4,0.581,0.771,36067,23,84.4,126.5,214.0,30.4,81.5,9.0,0.95,208.2,6.9,High
FLD-004674,2021-05-17,2021,5,Monday,0,1,0,Addition Hills,Maytunas Creek,24.8,1002.5,0.62,0.683,44608,9,36.0,96.0,123.5,28.4,84.8,11.9,1.59,0.4,4.7,Low
FLD-004675,2023-08-03,2023,8,Thursday,0,1,0,Plainview,Estero,17.0,498.7,0.649,0.762,28689,20,3.3,47.8,176.2,28.6,77.8,11.0,1.48,3.6,2.2,Low
FLD-004676,2026-05-26,2026,5,Tuesday,0,1,1,Wack-Wack Greenhills East,Drainage,27.7,1223.1,0.859,0.597,18659,6,48.8,120.6,211.2,28.3,57.8,9.7,1.29,116.9,9.9,Medium
FLD-004677,2025-12-05,2025,12,Friday,0,0,1,Poblacion,Buhangin Creek,6.0,128.0,0.392,0.817,42602,26,59.0,92.5,183.4,31.4,73.5,17.0,1.07,192.4,7.8,High
FLD-004678,2021-03-04,2021,3,Thursday,0,0,1,Harapin ang Bukas,Drainage,16.3,552.8,0.593,0.73,18893,12,21.2,153.8,453.5,31.0,70.8,10.4,1.49,162.1,10.2,High
FLD-004679,2023-12-12,2023,12,Tuesday,0,0,0,Barangka Itaas,Pasig River,9.8,281.2,0.556,0.818,36135,11,6.9,120.7,235.7,31.2,59.4,2.0,0.82,16.0,3.8,Low
FLD-004680,2026-04-19,2026,4,Sunday,1,0,1,Barangka Itaas,Pasig River,9.9,207.9,0.519,0.839,35023,19,70.0,127.0,286.5,30.5,64.7,7.0,1.24,239.2,7.9,High
FLD-004681,2023-09-23,2023,9,Saturday,1,1,0,Buayang Bato,Buayang Bato Creek,14.3,332.5,0.576,0.791,36278,12,11.3,57.2,119.6,28.8,67.0,7.8,1.14,134.7,4.3,Medium
FLD-004682,2023-06-01,2023,6,Thursday,0,1,0,New Zañiga,Buhangin Creek,6.9,125.5,0.512,0.791,29579,19,2.8,80.8,247.6,29.5,66.3,9.1,1.25,54.6,8.4,High
FLD-004683,2021-12-13,2021,12,Monday,0,0,0,Namayan,Pasig River,9.1,139.7,0.519,0.766,29202,17,3.2,29.3,58.3,33.3,71.3,5.9,1.4,7.5,0.5,Low
FLD-004684,2022-12-31,2022,12,Saturday,1,0,2,Highway Hills,Maytunas Creek,28.9,900.2,0.693,0.782,45377,7,93.5,121.8,127.1,28.6,80.7,20.8,0.96,240.2,10.5,High
FLD-004685,2023-10-03,2023,10,Tuesday,0,1,0,Addition Hills,Maytunas Creek,24.7,998.8,0.661,0.75,44961,9,21.7,77.6,269.7,32.1,71.7,4.0,1.04,26.4,7.0,Low
FLD-004686,2025-03-08,2025,3,Saturday,1,0,1,San Jose,Drainage,21.8,690.8,0.68,0.6,25828,14,26.6,81.0,195.5,31.2,71.1,13.6,0.81,164.5,6.1,Low
FLD-004687,2023-02-08,2023,2,Wednesday,0,0,2,Malamig,Tributary,19.2,607.3,0.635,0.726,26957,10,151.9,183.8,362.2,27.3,82.3,29.1,0.55,347.5,13.3,High
FLD-004688,2026-04-18,2026,4,Saturday,1,0,0,Barangka Ibaba,Pasig River,7.6,108.5,0.45,0.875,40712,24,9.1,61.1,155.6,31.9,65.8,11.5,0.74,7.8,5.1,Low
FLD-004689,2023-07-14,2023,7,Friday,0,1,2,New Zañiga,Buhangin Creek,7.8,142.9,0.49,0.778,36552,20,233.2,395.4,534.2,25.3,100,30.9,1.09,507.8,20.3,High
FLD-004690,2022-02-26,2022,2,Saturday,1,0,0,Addition Hills,Maytunas Creek,24.5,1030.3,0.679,0.79,48097,11,27.3,64.6,101.5,32.5,77.2,3.5,1.14,0.1,3.7,Low
FLD-004691,2023-02-02,2023,2,Thursday,0,0,0,New Zañiga,Buhangin Creek,6.9,137.1,0.563,0.784,36398,13,51.4,82.1,122.0,29.8,82.0,7.5,1.19,180.6,7.7,Medium
FLD-004692,2025-09-10,2025,9,Wednesday,0,1,2,Daang Bakal,Maytunas Creek,11.7,368.6,0.603,0.757,31168,16,57.3,151.9,278.6,28.1,84.0,12.4,1.47,156.4,8.2,High
FLD-004693,2022-03-10,2022,3,Thursday,0,0,0,Namayan,Pasig River,8.1,179.8,0.551,0.826,33360,17,26.0,43.1,179.4,28.4,73.4,7.5,1.15,0,3.7,High
FLD-004694,2021-10-14,2021,10,Thursday,0,1,0,Poblacion,Buhangin Creek,6.1,90.5,0.486,0.864,37454,23,3.8,37.5,344.2,28.6,75.8,11.2,1.18,196.1,5.9,High
FLD-004695,2025-08-15,2025,8,Friday,0,1,0,Namayan,Pasig River,7.6,118.6,0.531,0.73,35070,19,1.8,43.8,59.1,30.4,69.2,4.0,0.94,125.9,7.6,Medium
FLD-004696,2024-08-29,2024,8,Thursday,0,1,0,San Jose,Drainage,20.9,748.5,0.646,0.675,28514,8,14.4,34.4,67.0,31.3,79.7,5.7,0.83,0,2.7,Medium
FLD-004697,2025-01-24,2025,1,Friday,0,0,0,Pag-Asa,Drainage,20.2,634.2,0.707,0.682,24696,14,42.6,123.8,171.8,31.6,80.8,18.2,0.97,92.8,7.9,Medium
FLD-004698,2023-08-19,2023,8,Saturday,1,1,1,Harapin ang Bukas,Drainage,15.9,531.2,0.512,0.779,25241,14,86.4,165.5,230.3,29.1,84.4,16.3,1.44,252.5,10.0,High
FLD-004699,2026-02-20,2026,2,Friday,0,0,3,Vergara,Drainage,23.8,797.8,0.692,0.685,30216,12,155.0,173.3,232.3,30.6,83.6,52.4,1.0,326.5,14.5,High
FLD-004700,2023-04-05,2023,4,Wednesday,0,0,0,Addition Hills,Maytunas Creek,26.2,980.2,0.636,0.746,50003,12,31.6,89.2,165.0,31.3,67.2,7.7,0.9,27.4,8.8,Medium
FLD-004701,2023-11-02,2023,11,Thursday,0,1,0,Barangka Ilaya,Pasig River,8.6,153.0,0.445,0.815,37229,19,8.0,27.8,417.0,28.8,85.7,4.8,0.51,103.4,3.4,Medium
FLD-004702,2022-09-04,2022,9,Sunday,1,1,1,Old Zañiga,Buhangin Creek,6.8,119.5,0.467,0.808,35846,23,86.6,93.0,152.2,28.3,83.1,15.9,1.05,233.0,9.8,Medium
FLD-004703,2022-04-08,2022,4,Friday,0,0,0,Hagdan Bato Libis,Drainage,16.4,476.7,0.56,0.721,33722,10,5.1,23.9,154.1,33.2,62.3,13.1,0.79,3.3,0.5,Low
FLD-004704,2022-04-02,2022,4,Saturday,1,0,0,Old Zañiga,Buhangin Creek,7.0,125.4,0.521,0.828,35926,20,3.8,14.0,196.3,32.5,58.2,30.2,0.32,121.6,2.9,Medium
FLD-004705,2022-03-01,2022,3,Tuesday,0,0,0,Mabini-J. Rizal,Maytunas Creek,14.6,470.2,0.633,0.782,33534,14,9.4,71.9,85.7,31.8,72.0,10.8,1.38,154.6,6.9,Medium
FLD-004706,2026-04-30,2026,4,Thursday,0,0,0,Barangka Ilaya,Pasig River,7.3,131.6,0.485,0.825,37039,20,4.2,14.2,57.9,33.1,70.9,30.8,0.97,157.8,6.8,Low
FLD-004707,2024-12-11,2024,12,Wednesday,0,0,3,Addition Hills,Maytunas Creek,25.0,1017.1,0.622,0.772,49643,6,231.5,257.2,329.6,25.3,95.1,28.3,1.25,422.5,19.3,High
FLD-004708,2022-03-10,2022,3,Thursday,0,0,0,Wack-Wack Greenhills East,Drainage,27.2,1170.3,0.842,0.625,17930,7,23.9,56.4,103.4,30.6,67.8,7.9,0.85,5.1,4.3,Low
FLD-004709,2026-05-01,2026,5,Friday,0,1,0,Hagdan Bato Libis,Drainage,15.1,541.3,0.61,0.752,35293,15,5.5,44.1,81.0,29.4,76.4,5.0,1.34,76.3,3.3,Medium
FLD-004710,2026-06-07,2026,6,Sunday,1,1,0,New Zañiga,Buhangin Creek,6.4,147.2,0.532,0.842,36173,21,6.8,48.0,148.7,31.9,79.1,4.8,1.54,101.0,3.2,Medium
FLD-004711,2023-05-14,2023,5,Sunday,1,1,0,Barangka Drive,Pasig River,9.9,205.9,0.552,0.788,31239,22,45.1,74.9,131.0,29.8,80.3,7.6,0.99,141.9,9.4,Medium
FLD-004712,2022-12-19,2022,12,Monday,0,0,0,Harapin ang Bukas,Drainage,15.9,565.6,0.586,0.815,27537,13,2.3,75.2,143.8,31.2,60.3,15.6,0.46,3.2,3.8,Low
FLD-004713,2024-01-11,2024,1,Thursday,0,0,0,Poblacion,Buhangin Creek,5.3,38.5,0.536,0.782,40729,22,3.0,30.7,215.1,30.8,58.3,13.4,0.89,47.6,6.2,Medium
FLD-004714,2025-09-06,2025,9,Saturday,1,1,0,Burol,Drainage,21.5,698.3,0.698,0.678,25028,13,45.2,112.5,206.1,25.5,78.7,18.2,0.94,3.5,9.9,Low
FLD-004715,2026-05-01,2026,5,Friday,0,1,1,Vergara,Drainage,24.7,769.1,0.716,0.661,25033,12,58.9,77.9,181.4,27.3,80.1,10.6,1.37,145.5,7.8,High
FLD-004716,2025-11-23,2025,11,Sunday,1,1,3,Barangka Ilaya,Pasig River,8.4,113.0,0.465,0.831,33790,20,86.9,139.7,174.6,31.3,79.4,26.9,1.48,202.7,12.4,High
FLD-004717,2022-03-05,2022,3,Saturday,1,0,1,Burol,Drainage,19.8,733.1,0.652,0.628,24393,9,128.2,166.1,200.9,27.5,81.8,16.2,1.06,225.7,8.5,High
FLD-004718,2022-12-19,2022,12,Monday,0,0,0,Addition Hills,Maytunas Creek,23.3,1024.5,0.699,0.698,44766,10,46.4,129.2,140.4,30.0,63.3,5.6,1.01,4.7,1.6,Low
FLD-004719,2024-09-23,2024,9,Monday,0,1,0,Burol,Drainage,21.0,702.0,0.676,0.646,25032,11,2.7,149.5,373.8,29.6,74.1,3.1,1.58,151.0,8.9,Medium
FLD-004720,2025-10-13,2025,10,Monday,0,1,1,Barangka Itaas,Pasig River,9.4,262.3,0.521,0.836,33914,19,19.5,46.2,136.6,30.0,71.0,15.6,1.16,12.6,6.3,Low
FLD-004721,2024-10-06,2024,10,Sunday,1,1,0,Malamig,Tributary,19.1,584.2,0.716,0.708,28346,14,20.3,125.7,245.6,30.2,87.9,15.7,1.14,7.8,7.2,Low
FLD-004722,2025-10-17,2025,10,Friday,0,1,1,Barangka Itaas,Pasig River,9.9,198.5,0.506,0.809,34741,20,77.1,136.3,199.6,27.7,82.4,25.6,1.08,329.1,11.5,High
FLD-004723,2025-03-04,2025,3,Tuesday,0,0,0,Old Zañiga,Buhangin Creek,6.7,113.3,0.575,0.834,33104,18,8.7,114.9,168.5,29.5,73.8,6.4,1.24,82.3,3.6,High
FLD-004724,2021-08-11,2021,8,Wednesday,0,1,0,Pag-Asa,Drainage,19.3,649.6,0.678,0.717,28144,11,2.3,130.0,333.0,30.0,66.5,7.1,1.1,5.2,6.0,Low
FLD-004725,2025-12-12,2025,12,Friday,0,0,0,Mauway,Maytunas Creek,22.9,873.5,0.677,0.725,38293,13,31.4,81.1,317.3,31.0,69.8,9.1,0.99,0.0,2.5,Low
FLD-004726,2021-06-18,2021,6,Friday,0,1,0,Barangka Itaas,Pasig River,11.0,275.1,0.491,0.835,35077,18,0.4,53.0,120.8,32.9,60.2,3.6,1.42,140.3,5.6,Low
FLD-004727,2023-05-04,2023,5,Thursday,0,1,0,Barangka Itaas,Pasig River,9.5,284.8,0.532,0.795,36685,18,0.6,28.0,118.0,29.4,76.2,1.7,1.07,148.1,5.9,Medium
FLD-004728,2022-06-11,2022,6,Saturday,1,1,1,Wack-Wack Greenhills East,Drainage,28.2,1183.3,0.855,0.619,19374,6,42.6,94.9,109.5,28.9,73.2,6.6,1.25,102.0,9.0,Low
FLD-004729,2022-11-29,2022,11,Tuesday,0,1,0,Plainview,Estero,17.8,495.7,0.609,0.707,30118,18,11.8,48.5,94.3,26.5,75.7,0,1.12,85.1,3.7,Medium
FLD-004730,2023-12-10,2023,12,Sunday,1,0,0,Wack-Wack Greenhills East,Drainage,28.7,1230.4,0.842,0.691,17807,2,4.8,71.8,160.7,32.3,71.1,23.6,0.35,43.6,4.1,Low
FLD-004731,2022-03-06,2022,3,Sunday,1,0,1,Poblacion,Buhangin Creek,7.9,127.6,0.42,0.843,39869,17,15.3,48.3,127.0,31.8,75.7,23.4,0.88,124.8,4.2,Medium
FLD-004732,2021-02-10,2021,2,Wednesday,0,0,0,Hulo,Pasig River,4.9,120.0,0.429,0.889,37195,19,35.1,44.2,154.3,32.8,61.7,7.8,0.97,110.3,6.4,Medium
FLD-004733,2022-06-10,2022,6,Friday,0,1,1,San Jose,Drainage,21.3,725.0,0.72,0.681,31047,8,120.1,155.0,244.1,26.3,85.6,15.1,1.2,178.5,7.4,High
FLD-004734,2022-06-28,2022,6,Tuesday,0,1,1,Barangka Itaas,Pasig River,9.5,270.1,0.509,0.807,38082,15,59.2,92.7,144.4,29.1,75.4,21.9,1.43,219.7,9.8,High
FLD-004735,2024-03-28,2024,3,Thursday,0,0,0,Pleasant Hills,Ermitaño Creek,24.3,972.0,0.686,0.684,24571,13,43.2,59.2,249.1,31.4,71.1,2.2,0.98,145.1,7.8,Low
FLD-004736,2022-09-17,2022,9,Saturday,1,1,1,Highway Hills,Maytunas Creek,30.1,891.4,0.752,0.823,40731,11,89.0,152.5,597.5,29.7,84.9,26.5,1.32,175.3,8.3,High
FLD-004737,2025-09-13,2025,9,Saturday,1,1,1,Wack-Wack Greenhills East,Drainage,29.1,1197.4,0.858,0.644,21722,1,104.5,293.6,443.7,24.3,92.8,11.3,1.1,163.1,15.1,High
FLD-004738,2022-12-03,2022,12,Saturday,1,0,0,Hagdan Bato Libis,Drainage,16.3,486.1,0.657,0.705,32840,16,3.2,74.1,226.0,32.8,69.1,19.0,1.09,1.6,6.1,Low
FLD-004739,2025-07-05,2025,7,Saturday,1,1,2,Bagong Silang,Drainage,18.8,626.7,0.658,0.683,23928,7,161.0,265.1,430.1,26.5,82.5,21.3,1.22,313.1,18.5,High
FLD-004740,2021-06-06,2021,6,Sunday,1,1,0,Barangka Ilaya,Pasig River,7.9,156.9,0.468,0.844,37160,24,4.6,65.2,124.6,32.0,82.0,21.0,1.5,175.0,5.7,Medium
FLD-004741,2024-04-08,2024,4,Monday,0,0,0,Highway Hills,Maytunas Creek,28.8,908.8,0.79,0.768,41824,7,1.1,33.6,74.3,31.1,60.0,21.8,1.19,31.8,3.1,Medium
FLD-004742,2022-05-19,2022,5,Thursday,0,1,1,Barangka Drive,Pasig River,8.5,225.7,0.427,0.829,35910,21,58.4,76.8,173.4,25.7,75.3,18.8,1.46,183.5,10.7,High
FLD-004743,2021-09-23,2021,9,Thursday,0,1,0,New Zañiga,Buhangin Creek,6.8,149.5,0.572,0.761,39077,17,18.7,48.0,82.4,29.6,67.9,2.4,1.55,157.6,5.3,High
FLD-004744,2023-01-04,2023,1,Wednesday,0,0,1,Pag-Asa,Drainage,18.2,594.9,0.629,0.674,25422,10,34.7,112.0,133.2,29.2,68.9,17.8,1.22,151.6,9.6,Medium
FLD-004745,2021-07-05,2021,7,Monday,0,1,0,Mauway,Maytunas Creek,21.9,865.7,0.649,0.705,36774,7,6.2,65.8,90.5,31.5,74.8,11.0,1.07,12.0,4.4,Low
FLD-004746,2025-10-21,2025,10,Tuesday,0,1,2,Hagdan Bato Libis,Drainage,16.8,499.7,0.667,0.728,28448,17,100.9,139.7,220.1,28.9,83.5,25.8,0.95,257.0,12.5,High
FLD-004747,2021-08-25,2021,8,Wednesday,0,1,0,New Zañiga,Buhangin Creek,7.9,126.7,0.433,0.822,33519,18,11.2,24.1,76.4,28.3,82.7,10.2,0.98,17.7,1.3,Low
FLD-004748,2022-01-09,2022,1,Sunday,1,0,0,Hagdan Bato Libis,Drainage,17.1,495.5,0.583,0.736,32482,14,7.0,39.7,58.2,31.1,66.4,15.1,0.49,59.8,4.6,Medium
FLD-004749,2022-03-14,2022,3,Monday,0,0,1,Vergara,Drainage,25.4,789.3,0.747,0.659,25607,7,41.9,104.0,163.0,32.4,70.3,18.5,0.85,4.2,8.6,Low
FLD-004750,2023-12-08,2023,12,Friday,0,0,0,Barangka Ibaba,Pasig River,6.8,78.0,0.534,0.885,39597,21,47.1,77.3,187.1,28.8,69.1,17.6,1.68,124.9,6.1,Medium
FLD-004751,2025-09-28,2025,9,Sunday,1,1,0,Barangka Drive,Pasig River,8.4,168.8,0.471,0.79,33602,20,31.9,55.3,184.3,30.4,79.3,2.3,1.29,135.3,6.7,Low
FLD-004752,2022-03-04,2022,3,Friday,0,0,1,Buayang Bato,Buayang Bato Creek,14.1,275.4,0.514,0.773,39116,24,127.2,139.1,154.2,28.6,80.0,33.4,0.66,249.1,10.8,High
FLD-004753,2026-01-29,2026,1,Thursday,0,0,1,Harapin ang Bukas,Drainage,16.7,554.1,0.603,0.721,25811,15,10.1,38.3,57.1,32.2,68.5,10.8,0.73,86.4,3.1,Medium
FLD-004754,2024-11-26,2024,11,Tuesday,0,1,0,Hulo,Pasig River,5.7,68.8,0.39,0.882,36365,24,30.4,76.2,174.3,28.8,68.5,23.4,0.88,51.8,7.0,High
FLD-004755,2025-04-27,2025,4,Sunday,1,0,0,Namayan,Pasig River,7.6,149.5,0.516,0.759,28634,23,0.1,15.3,140.7,31.3,59.6,1.4,1.4,84.0,1.5,Medium
FLD-004756,2023-03-25,2023,3,Saturday,1,0,0,Pleasant Hills,Ermitaño Creek,25.4,1008.2,0.747,0.688,23577,7,14.3,29.5,144.7,31.4,59.6,2.4,0.89,0.3,0.7,Low
FLD-004757,2022-09-23,2022,9,Friday,0,1,2,Poblacion,Buhangin Creek,6.4,63.6,0.48,0.817,40466,24,65.7,195.8,627.0,27.5,69.7,15.4,1.17,229.4,14.0,High
FLD-004758,2022-11-06,2022,11,Sunday,1,1,3,San Jose,Drainage,21.9,690.1,0.756,0.666,28277,9,110.9,118.6,562.2,29.1,82.5,36.7,1.56,356.3,12.2,High
FLD-004759,2022-05-13,2022,5,Friday,0,1,0,Burol,Drainage,21.0,686.0,0.702,0.607,23981,6,18.6,111.5,221.7,31.3,83.8,4.7,1.27,19.0,7.4,Low
FLD-004760,2021-04-25,2021,4,Sunday,1,0,0,Barangka Ilaya,Pasig River,8.0,141.2,0.49,0.84,33543,17,45.9,77.1,131.3,27.8,68.8,3.2,0.97,182.3,5.8,High
FLD-004761,2022-05-29,2022,5,Sunday,1,1,0,New Zañiga,Buhangin Creek,6.4,190.1,0.514,0.808,34928,18,13.6,95.1,240.2,30.4,71.2,8.8,0.68,86.6,4.5,Low
FLD-004762,2024-11-13,2024,11,Wednesday,0,1,0,Plainview,Estero,17.8,520.5,0.695,0.774,31020,7,0.2,25.1,69.8,29.2,75.7,33.4,1.28,50.7,1.0,Medium
FLD-004763,2025-12-14,2025,12,Sunday,1,0,0,Daang Bakal,Maytunas Creek,12.7,325.5,0.558,0.699,35310,18,16.3,61.4,173.7,31.8,62.1,5.1,0.9,50.1,7.6,Medium
FLD-004764,2022-08-28,2022,8,Sunday,1,1,2,Namayan,Pasig River,9.2,145.1,0.487,0.845,32614,18,64.5,356.6,439.9,28.2,85.7,32.1,1.29,297.7,19.3,High
FLD-004765,2022-12-01,2022,12,Thursday,0,0,0,Highway Hills,Maytunas Creek,30.2,942.0,0.715,0.79,44137,11,7.6,16.4,134.4,32.0,66.5,4.4,0.61,2.0,3.1,Low
FLD-004766,2022-02-22,2022,2,Tuesday,0,0,0,Burol,Drainage,20.8,720.0,0.6,0.676,21699,17,0.3,8.7,81.6,29.4,62.7,4.6,1.21,10.3,2.3,Low
FLD-004767,2024-08-19,2024,8,Monday,0,1,0,Highway Hills,Maytunas Creek,30.6,921.6,0.813,0.797,44093,6,25.6,146.8,255.3,28.7,85.0,6.7,1.01,67.1,7.4,Low
FLD-004768,2023-12-06,2023,12,Wednesday,0,0,0,Burol,Drainage,22.1,697.3,0.659,0.586,22460,11,7.7,41.6,58.4,32.0,79.7,8.4,1.0,1.4,5.3,Low
FLD-004769,2025-09-30,2025,9,Tuesday,0,1,1,Burol,Drainage,20.9,675.4,0.656,0.631,19235,6,61.8,91.6,294.1,32.4,72.4,17.4,0.87,151.1,7.2,High
FLD-004770,2021-05-19,2021,5,Wednesday,0,1,2,Hagdan Bato Itaas,Drainage,22.6,774.0,0.703,0.677,33226,8,114.7,283.5,414.7,24.8,82.6,19.6,1.15,226.9,12.6,High
FLD-004771,2025-10-28,2025,10,Tuesday,0,1,0,Plainview,Estero,17.4,493.4,0.63,0.691,28417,14,15.2,58.7,159.2,29.8,80.5,3.7,1.47,156.1,4.9,Low
FLD-004772,2024-08-14,2024,8,Wednesday,0,1,1,Buayang Bato,Buayang Bato Creek,13.9,317.3,0.556,0.71,33407,17,119.5,196.0,294.4,24.6,86.7,17.8,0.93,270.4,14.5,High
FLD-004773,2024-06-07,2024,6,Friday,0,1,1,Vergara,Drainage,25.6,846.2,0.695,0.666,25880,15,19.9,113.6,180.7,26.9,79.0,13.0,0.77,74.4,7.8,Medium
FLD-004774,2024-07-03,2024,7,Wednesday,0,1,0,Pleasant Hills,Ermitaño Creek,24.9,950.6,0.701,0.685,21721,7,1.8,36.7,93.1,26.9,66.0,27.5,1.26,0.0,1.7,Low
FLD-004775,2022-04-26,2022,4,Tuesday,0,0,0,Pleasant Hills,Ermitaño Creek,24.9,1016.1,0.682,0.671,28085,10,6.0,25.7,72.0,33.7,69.9,0.2,0.91,45.3,1.3,Low
FLD-004776,2021-01-28,2021,1,Thursday,0,0,1,New Zañiga,Buhangin Creek,6.6,137.4,0.516,0.799,34900,19,15.7,35.2,75.3,31.9,62.6,18.7,1.06,20.5,6.1,Low
FLD-004777,2022-05-08,2022,5,Sunday,1,1,0,Addition Hills,Maytunas Creek,24.4,1001.5,0.676,0.741,43520,7,46.3,234.5,387.1,30.8,76.4,10.0,1.2,72.9,13.3,High
FLD-004778,2023-12-12,2023,12,Tuesday,0,0,0,Addition Hills,Maytunas Creek,23.1,984.8,0.656,0.74,46765,10,22.2,54.4,159.8,29.2,71.4,2.1,1.29,0,7.5,Medium
FLD-004779,2024-04-27,2024,4,Saturday,1,0,1,Barangka Drive,Pasig River,9.2,196.9,0.5,0.815,34329,17,36.0,39.6,51.6,31.8,71.3,15.3,0.64,131.2,5.1,Medium
FLD-004780,2021-04-13,2021,4,Tuesday,0,0,0,Barangka Ibaba,Pasig River,8.1,85.4,0.425,0.853,42023,17,39.4,60.9,95.5,30.4,73.4,17.7,1.75,214.7,10.6,High
FLD-004781,2024-02-23,2024,2,Friday,0,0,0,Vergara,Drainage,24.9,846.0,0.731,0.646,25921,10,0.3,13.3,123.2,32.6,67.8,0.2,0.76,58.9,1.4,Low
FLD-004782,2021-04-21,2021,4,Wednesday,0,0,0,Hagdan Bato Itaas,Drainage,20.8,782.8,0.682,0.695,27485,13,3.8,28.9,77.4,32.2,75.7,3.8,0.9,4.9,3.9,Low
FLD-004783,2026-02-03,2026,2,Tuesday,0,0,3,Bagong Silang,Drainage,19.6,592.9,0.565,0.741,25958,12,112.2,130.9,191.9,27.8,75.5,40.7,1.29,320.5,13.7,High
FLD-004784,2023-05-15,2023,5,Monday,0,1,0,Poblacion,Buhangin Creek,6.5,110.8,0.507,0.826,42198,21,129.5,271.4,400.0,27.9,94.2,10.7,1.07,171.1,15.6,High
FLD-004785,2025-05-20,2025,5,Tuesday,0,1,0,Pleasant Hills,Ermitaño Creek,24.0,1014.5,0.718,0.667,25208,6,11.1,112.8,164.0,28.7,65.7,5.0,0.83,11.1,7.0,Low
FLD-004786,2021-12-30,2021,12,Thursday,0,0,0,Barangka Ilaya,Pasig River,8.7,158.8,0.53,0.82,35801,20,59.1,110.3,127.7,31.1,62.1,7.3,1.22,123.5,7.1,Medium
FLD-004787,2024-03-15,2024,3,Friday,0,0,0,Buayang Bato,Buayang Bato Creek,14.3,301.5,0.561,0.812,31742,23,18.7,37.1,105.7,33.5,68.7,1.3,1.22,145.6,5.8,Medium
FLD-004788,2021-06-23,2021,6,Wednesday,0,1,1,Barangka Ibaba,Pasig River,5.9,73.8,0.442,0.908,39572,22,39.6,122.2,200.4,26.5,90.0,20.8,1.2,197.7,10.8,High
FLD-004789,2024-11-03,2024,11,Sunday,1,1,0,Plainview,Estero,16.9,507.7,0.578,0.666,33058,16,10.2,29.5,399.9,29.4,69.4,7.3,0.85,10.5,3.7,Low
FLD-004790,2024-01-03,2024,1,Wednesday,0,0,1,Pleasant Hills,Ermitaño Creek,24.5,1027.7,0.673,0.647,26466,10,19.8,74.7,87.3,31.1,56.0,11.8,1.29,50.7,6.8,Low
FLD-004791,2021-11-21,2021,11,Sunday,1,1,0,Plainview,Estero,18.9,570.2,0.627,0.689,29256,17,4.3,135.2,260.7,30.6,78.6,18.2,1.08,120.9,10.7,Low
FLD-004792,2021-06-14,2021,6,Monday,0,1,0,Hulo,Pasig River,5.3,87.7,0.435,0.875,37656,17,43.2,78.3,239.1,30.7,78.0,6.2,1.2,218.0,7.8,High
FLD-004793,2023-03-16,2023,3,Thursday,0,0,0,Barangka Itaas,Pasig River,9.7,301.5,0.586,0.809,37045,15,9.9,35.6,71.3,31.0,58.2,15.2,0.59,10.9,1.3,Low
FLD-004794,2024-08-05,2024,8,Monday,0,1,1,San Jose,Drainage,22.8,691.9,0.697,0.654,28679,8,151.9,310.4,397.8,26.4,85.3,25.2,1.3,273.7,14.2,High
FLD-004795,2022-08-29,2022,8,Monday,0,1,1,Bagong Silang,Drainage,18.2,597.3,0.582,0.716,25032,17,38.7,80.7,179.6,30.1,80.2,19.3,1.58,172.1,9.5,High
FLD-004796,2021-09-27,2021,9,Monday,0,1,0,Malamig,Tributary,19.5,589.5,0.64,0.692,28867,13,23.9,55.8,213.6,31.4,82.2,1.3,1.72,5.7,5.8,Low
FLD-004797,2024-08-02,2024,8,Friday,0,1,0,Addition Hills,Maytunas Creek,25.6,943.6,0.678,0.777,46804,8,154.3,189.9,264.6,25.7,91.8,2.1,1.1,220.9,6.3,High
FLD-004798,2021-08-22,2021,8,Sunday,1,1,1,Harapin ang Bukas,Drainage,16.5,555.3,0.635,0.784,26270,10,97.2,157.2,188.8,28.8,84.6,13.6,0.84,199.5,14.6,High
FLD-004799,2023-02-01,2023,2,Wednesday,0,0,2,Barangka Itaas,Pasig River,9.3,258.9,0.519,0.769,36763,16,68.1,102.9,208.0,32.6,73.0,23.4,0.95,226.8,11.6,High
FLD-004800,2023-02-10,2023,2,Friday,0,0,0,Hagdan Bato Libis,Drainage,14.7,486.4,0.665,0.791,27789,14,29.6,112.8,272.3,32.6,65.0,11.1,1.37,63.0,3.9,Medium
FLD-004801,2025-07-17,2025,7,Thursday,0,1,0,Hagdan Bato Libis,Drainage,14.7,511.5,0.603,0.735,34295,16,54.4,106.0,261.5,28.2,79.2,14.7,1.69,142.7,6.2,Medium
FLD-004802,2023-02-13,2023,2,Monday,0,0,0,Plainview,Estero,17.8,506.9,0.616,0.705,32057,17,7.4,53.7,212.2,31.0,67.5,7.2,0.58,21.4,6.0,Low
FLD-004803,2025-02-17,2025,2,Monday,0,0,0,Barangka Drive,Pasig River,9.5,227.5,0.48,0.845,34567,19,31.1,33.6,204.0,29.9,67.4,13.9,1.19,84.7,6.7,Medium
FLD-004804,2025-06-23,2025,6,Monday,0,1,0,Harapin ang Bukas,Drainage,18.5,532.8,0.584,0.83,21635,15,54.2,72.5,271.3,31.7,77.4,5.9,0.89,198.7,7.7,High
FLD-004805,2022-03-24,2022,3,Thursday,0,0,0,Burol,Drainage,20.4,674.7,0.656,0.653,21252,13,0.3,34.3,229.5,32.0,70.0,6.7,0.93,90.1,7.9,Medium
FLD-004806,2026-05-14,2026,5,Thursday,0,1,2,Buayang Bato,Buayang Bato Creek,15.3,250.4,0.516,0.776,31217,14,126.6,178.0,232.1,25.8,87.6,22.6,1.75,368.6,14.0,High
FLD-004807,2022-03-11,2022,3,Friday,0,0,0,Hulo,Pasig River,4.0,123.0,0.444,0.876,42246,24,39.4,107.1,200.6,31.8,71.0,2.3,1.0,122.8,7.1,High
FLD-004808,2023-09-06,2023,9,Wednesday,0,1,2,Barangka Itaas,Pasig River,11.4,269.3,0.497,0.85,31742,18,78.4,213.0,613.9,29.5,85.2,23.1,1.15,235.4,15.0,High
FLD-004809,2025-06-09,2025,6,Monday,0,1,0,Barangka Ibaba,Pasig River,6.6,104.4,0.465,0.846,43683,22,5.1,37.4,284.0,27.3,64.5,12.2,1.09,103.3,3.3,Medium
FLD-004810,2022-03-19,2022,3,Saturday,1,0,0,Addition Hills,Maytunas Creek,25.8,1015.8,0.727,0.728,42721,8,21.5,44.4,126.1,29.6,71.5,2.8,0.9,108.9,6.1,Low
FLD-004811,2021-05-04,2021,5,Tuesday,0,1,1,Hagdan Bato Itaas,Drainage,21.8,769.7,0.734,0.716,24290,12,25.7,177.9,248.8,29.3,81.4,13.6,1.05,9.4,8.7,Low
FLD-004812,2023-12-19,2023,12,Tuesday,0,0,0,Hagdan Bato Itaas,Drainage,22.3,742.2,0.684,0.671,30927,12,4.6,8.6,91.9,30.7,65.0,2.7,1.0,0.8,3.7,Low
FLD-004813,2021-05-24,2021,5,Monday,0,1,0,Plainview,Estero,17.5,496.7,0.606,0.695,29988,14,13.5,34.6,142.0,30.9,72.4,11.3,1.24,0.5,3.5,Low
FLD-004814,2023-01-13,2023,1,Friday,0,0,0,Buayang Bato,Buayang Bato Creek,13.7,281.7,0.574,0.717,36200,17,3.9,16.9,127.5,32.2,72.0,7.4,1.43,82.1,4.1,Medium
FLD-004815,2021-06-10,2021,6,Thursday,0,1,2,Vergara,Drainage,22.8,856.6,0.73,0.635,26632,12,93.5,121.1,177.5,29.3,83.2,16.3,1.24,238.0,8.1,Medium
FLD-004816,2025-08-12,2025,8,Tuesday,0,1,0,Malamig,Tributary,20.9,595.0,0.65,0.689,24613,13,4.8,142.5,287.2,27.5,70.0,5.2,1.2,7.6,7.7,Low
FLD-004817,2024-07-03,2024,7,Wednesday,0,1,0,Barangka Ibaba,Pasig River,6.4,43.0,0.397,0.886,37403,26,24.3,76.4,120.0,29.5,70.8,1.5,1.19,154.6,7.1,High
FLD-004818,2022-08-27,2022,8,Saturday,1,1,1,Highway Hills,Maytunas Creek,29.2,898.1,0.715,0.778,43029,9,31.5,109.1,265.9,28.6,80.8,5.9,0.76,89.2,7.0,Low
FLD-004819,2021-01-30,2021,1,Saturday,1,0,0,Harapin ang Bukas,Drainage,17.4,515.4,0.624,0.767,21631,14,4.0,20.7,88.6,28.8,68.5,14.2,1.04,7.7,4.2,Low
FLD-004820,2021-10-07,2021,10,Thursday,0,1,0,Plainview,Estero,18.1,504.5,0.657,0.737,29447,13,1.0,23.8,122.2,29.2,74.0,8.1,1.28,129.5,3.2,Medium
FLD-004821,2024-11-04,2024,11,Monday,0,1,1,Burol,Drainage,21.4,686.8,0.582,0.669,22073,17,29.1,107.9,148.4,29.5,61.0,27.9,1.66,131.6,7.2,High
FLD-004822,2025-02-16,2025,2,Sunday,1,0,0,Namayan,Pasig River,8.5,188.3,0.526,0.852,36655,14,1.8,59.8,105.9,34.8,72.6,5.4,1.62,1.7,2.3,Low
FLD-004823,2025-11-11,2025,11,Tuesday,0,1,2,Buayang Bato,Buayang Bato Creek,13.1,288.1,0.558,0.781,30432,17,146.4,308.0,480.9,27.5,93.3,30.0,1.72,344.6,18.4,High
FLD-004824,2025-12-29,2025,12,Monday,0,0,0,Vergara,Drainage,22.9,845.1,0.688,0.642,24755,5,2.5,29.3,137.2,31.6,73.2,5.3,0.76,90.7,1.2,Medium
FLD-004825,2025-12-28,2025,12,Sunday,1,0,1,Barangka Itaas,Pasig River,11.3,263.8,0.524,0.819,34541,20,93.6,129.8,151.0,31.0,70.2,23.9,1.3,248.2,10.7,High
FLD-004826,2026-06-26,2026,6,Friday,0,1,0,Barangka Ilaya,Pasig River,8.9,116.0,0.452,0.884,38652,20,20.9,66.8,502.5,32.3,74.1,6.2,0.95,153.8,4.5,Medium
FLD-004827,2022-10-05,2022,10,Wednesday,0,1,0,Pag-Asa,Drainage,21.0,649.0,0.635,0.682,25392,15,10.3,19.0,93.9,30.6,62.7,15.6,0.65,17.4,0.9,Medium
FLD-004828,2024-02-21,2024,2,Wednesday,0,0,0,Barangka Drive,Pasig River,8.6,212.2,0.483,0.855,30040,21,2.7,54.6,119.9,32.3,55.5,32.7,0.96,102.1,8.7,Medium
FLD-004829,2024-11-09,2024,11,Saturday,1,1,0,Hulo,Pasig River,6.4,114.6,0.393,0.815,42262,22,63.9,99.6,153.6,29.6,82.4,17.9,0.8,153.9,4.5,Medium
FLD-004830,2024-12-11,2024,12,Wednesday,0,0,0,Barangka Drive,Pasig River,9.7,225.7,0.506,0.817,32637,18,3.6,67.2,103.1,34.2,62.4,8.9,1.07,146.6,8.1,Medium
FLD-004831,2025-07-13,2025,7,Sunday,1,1,1,Burol,Drainage,20.4,742.2,0.661,0.711,21328,9,34.4,78.2,168.8,29.0,71.9,17.5,1.77,86.9,5.0,Low
FLD-004832,2025-09-24,2025,9,Wednesday,0,1,1,Vergara,Drainage,23.7,828.2,0.689,0.682,23973,9,51.4,160.4,355.3,28.1,82.3,20.2,1.18,111.5,9.0,High
FLD-004833,2021-03-24,2021,3,Wednesday,0,0,0,Addition Hills,Maytunas Creek,25.2,1022.5,0.701,0.714,45711,7,20.5,42.2,57.3,28.7,71.1,2.4,0.88,2.0,4.9,Low
FLD-004834,2024-09-25,2024,9,Wednesday,0,1,1,Burol,Drainage,20.4,688.9,0.668,0.661,19922,4,17.6,61.0,353.3,28.2,82.8,12.7,1.36,47.8,2.2,High
FLD-004835,2026-06-07,2026,6,Sunday,1,1,0,Barangka Itaas,Pasig River,10.4,229.7,0.521,0.775,37546,18,111.7,117.4,143.0,28.8,88.6,7.6,1.2,346.7,12.1,High
FLD-004836,2026-04-13,2026,4,Monday,0,0,0,Old Zañiga,Buhangin Creek,8.1,129.4,0.469,0.8,37048,22,3.7,34.3,213.5,33.4,63.2,8.3,1.3,100.2,4.4,Medium
FLD-004837,2023-08-03,2023,8,Thursday,0,1,3,New Zañiga,Buhangin Creek,6.9,153.8,0.541,0.77,39001,17,165.0,200.0,274.9,28.2,94.1,26.5,1.27,435.8,19.2,High
FLD-004838,2025-06-30,2025,6,Monday,0,1,2,Poblacion,Buhangin Creek,5.8,112.0,0.426,0.831,39834,20,111.9,129.5,261.9,26.0,85.9,38.1,0.88,311.4,10.2,High
FLD-004839,2022-06-25,2022,6,Saturday,1,1,2,Hagdan Bato Itaas,Drainage,22.1,782.0,0.691,0.688,27836,12,54.5,154.1,234.6,26.8,66.6,44.7,0.8,147.2,7.7,High
FLD-004840,2023-05-11,2023,5,Thursday,0,1,0,Mauway,Maytunas Creek,23.2,877.5,0.683,0.697,36091,9,36.6,105.4,193.4,28.2,67.9,10.0,0.81,57.3,6.3,Medium
FLD-004841,2022-03-10,2022,3,Thursday,0,0,0,Daang Bakal,Maytunas Creek,11.2,339.2,0.547,0.794,33558,19,3.5,24.2,101.3,31.4,69.3,18.2,1.24,105.7,5.3,Low
FLD-004842,2024-03-29,2024,3,Friday,0,0,0,Addition Hills,Maytunas Creek,24.2,1006.2,0.752,0.752,43911,3,84.3,171.0,326.4,27.5,77.4,0.8,0.94,9.7,8.3,Low
FLD-004843,2022-11-06,2022,11,Sunday,1,1,0,Mabini-J. Rizal,Maytunas Creek,14.5,425.9,0.596,0.703,30486,12,4.3,99.2,224.7,27.2,73.3,14.4,1.26,81.2,6.7,Medium
FLD-004844,2026-06-05,2026,6,Friday,0,1,0,New Zañiga,Buhangin Creek,7.1,149.7,0.52,0.839,38002,21,25.1,112.0,513.9,31.5,73.6,3.6,1.36,125.0,6.3,High
FLD-004845,2021-10-09,2021,10,Saturday,1,1,2,Barangka Itaas,Pasig River,9.6,234.7,0.529,0.798,36289,18,95.6,174.8,210.5,26.6,89.4,21.0,1.17,340.8,12.9,High
FLD-004846,2022-11-19,2022,11,Saturday,1,1,0,Barangka Itaas,Pasig River,9.1,243.0,0.564,0.877,33440,19,39.8,111.9,251.8,28.8,69.7,3.0,1.44,230.6,6.9,High
FLD-004847,2025-02-09,2025,2,Sunday,1,0,1,San Jose,Drainage,22.4,720.6,0.685,0.695,26928,10,69.8,98.2,120.8,29.0,71.0,22.1,0.74,156.1,7.4,Medium
FLD-004848,2022-06-04,2022,6,Saturday,1,1,0,San Jose,Drainage,22.1,699.1,0.675,0.699,24074,9,105.9,134.3,288.7,27.9,82.4,24.3,0.62,187.7,11.2,Medium
FLD-004849,2022-08-12,2022,8,Friday,0,1,1,Buayang Bato,Buayang Bato Creek,13.2,343.2,0.522,0.742,35817,20,38.3,119.5,228.0,28.3,75.3,29.8,1.48,112.7,8.2,Medium
FLD-004850,2022-01-12,2022,1,Wednesday,0,0,0,Barangka Ilaya,Pasig River,7.9,122.9,0.534,0.812,36767,19,15.0,75.8,176.2,30.5,65.3,14.4,0.53,9.9,4.0,Low
FLD-004851,2022-02-23,2022,2,Wednesday,0,0,0,Poblacion,Buhangin Creek,6.2,79.1,0.509,0.801,43290,19,2.3,18.6,60.6,34.3,56.6,5.8,1.46,148.2,3.1,Medium
FLD-004852,2021-10-09,2021,10,Saturday,1,1,0,Malamig,Tributary,18.9,624.8,0.682,0.679,34649,17,105.9,214.4,326.8,29.2,89.9,13.2,1.24,126.9,10.9,High
FLD-004853,2022-01-26,2022,1,Wednesday,0,0,2,San Jose,Drainage,21.6,672.3,0.753,0.644,23039,11,120.2,154.8,218.6,28.2,78.4,18.1,1.26,185.6,12.1,High
FLD-004854,2022-04-14,2022,4,Thursday,0,0,0,Hagdan Bato Itaas,Drainage,20.4,743.6,0.686,0.681,28038,8,1.4,37.9,175.3,31.4,62.0,10.8,0.86,11.6,2.4,Low
FLD-004855,2024-02-14,2024,2,Wednesday,0,0,0,Pleasant Hills,Ermitaño Creek,24.3,1000.8,0.684,0.75,29437,11,36.6,53.5,110.5,32.2,59.0,7.5,0.61,3.2,6.7,Low
FLD-004856,2025-05-16,2025,5,Friday,0,1,1,Pag-Asa,Drainage,19.4,625.5,0.637,0.666,22826,13,68.1,135.0,359.4,28.8,74.2,26.7,0.59,175.7,9.0,High
FLD-004857,2024-12-22,2024,12,Sunday,1,0,0,Wack-Wack Greenhills East,Drainage,29.1,1217.0,0.8,0.669,21355,6,29.5,51.5,116.9,32.0,76.9,8.6,1.41,12.1,5.6,Low
FLD-004858,2024-07-13,2024,7,Saturday,1,1,0,Mabini-J. Rizal,Maytunas Creek,14.4,443.8,0.614,0.785,30838,16,17.3,153.4,208.2,28.7,66.0,5.1,1.15,66.0,7.1,Medium
FLD-004859,2024-05-05,2024,5,Sunday,1,1,0,Mauway,Maytunas Creek,22.4,825.6,0.675,0.72,38136,8,0.3,65.8,129.0,29.4,74.4,10.9,1.08,4.7,2.8,Low
FLD-004860,2025-07-29,2025,7,Tuesday,0,1,0,Barangka Drive,Pasig River,9.2,241.4,0.508,0.826,31720,18,5.2,55.7,255.7,29.2,66.9,9.3,1.06,163.7,6.1,Medium
FLD-004861,2024-02-08,2024,2,Thursday,0,0,1,Barangka Drive,Pasig River,9.0,218.5,0.512,0.842,33736,18,2.0,25.4,105.7,32.8,68.7,26.8,1.5,138.5,3.6,Medium
FLD-004862,2023-07-05,2023,7,Wednesday,0,1,1,Daang Bakal,Maytunas Creek,12.2,339.6,0.565,0.819,33662,20,55.9,92.0,234.8,28.9,82.3,13.6,1.05,163.1,7.3,High
FLD-004863,2025-11-18,2025,11,Tuesday,0,1,1,Highway Hills,Maytunas Creek,30.4,896.7,0.711,0.795,44489,9,44.8,196.1,245.0,28.9,79.5,6.7,1.44,123.4,10.6,Medium
FLD-004864,2022-11-19,2022,11,Saturday,1,1,0,Old Zañiga,Buhangin Creek,6.0,153.4,0.514,0.832,34366,21,1.0,92.0,236.5,31.3,72.8,0.5,0.91,49.9,8.1,Low
FLD-004865,2024-08-08,2024,8,Thursday,0,1,0,Hagdan Bato Itaas,Drainage,23.1,730.8,0.733,0.671,27207,14,49.7,84.1,168.3,29.1,77.2,3.0,1.41,139.9,7.3,Medium
FLD-004866,2024-11-21,2024,11,Thursday,0,1,0,Mauway,Maytunas Creek,23.2,850.3,0.692,0.72,37929,9,10.4,54.7,91.7,27.6,60.9,5.1,0.97,3.0,4.3,Low
FLD-004867,2024-02-13,2024,2,Tuesday,0,0,1,Hagdan Bato Libis,Drainage,15.4,472.3,0.617,0.725,28583,15,57.8,109.8,310.5,29.7,69.6,25.1,1.04,181.3,10.0,Medium
FLD-004868,2024-10-24,2024,10,Thursday,0,1,3,Barangka Drive,Pasig River,9.4,170.8,0.47,0.778,33141,15,122.2,175.7,197.4,28.7,95.2,28.3,1.62,361.7,15.5,High
FLD-004869,2021-08-08,2021,8,Sunday,1,1,1,Harapin ang Bukas,Drainage,15.1,544.6,0.57,0.786,24348,15,146.1,185.8,416.4,27.4,98.3,8.4,0.78,294.7,11.6,High
FLD-004870,2023-09-01,2023,9,Friday,0,1,0,Barangka Ilaya,Pasig River,7.1,120.2,0.467,0.795,32547,19,27.7,84.9,157.3,26.6,80.0,10.0,1.24,88.9,8.4,High
FLD-004871,2023-07-10,2023,7,Monday,0,1,0,Malamig,Tributary,20.8,646.0,0.618,0.734,31068,15,7.7,33.5,430.8,30.1,74.5,24.5,1.19,143.4,5.4,Medium
FLD-004872,2021-06-22,2021,6,Tuesday,0,1,0,Buayang Bato,Buayang Bato Creek,14.8,339.5,0.58,0.751,34281,14,85.1,205.3,302.8,27.9,81.0,4.5,1.52,104.0,11.9,High
FLD-004873,2021-09-09,2021,9,Thursday,0,1,0,Bagong Silang,Drainage,18.5,543.7,0.625,0.725,23561,17,3.2,51.6,188.4,28.5,74.7,4.4,2.01,9.6,4.1,Low
FLD-004874,2022-05-02,2022,5,Monday,0,1,0,Highway Hills,Maytunas Creek,30.3,855.7,0.715,0.805,44361,9,0.1,17.8,38.4,28.9,72.0,6.5,1.28,59.6,1.4,Low
FLD-004875,2026-03-25,2026,3,Wednesday,0,0,1,Hulo,Pasig River,6.7,89.8,0.431,0.876,40258,16,20.4,68.6,160.8,32.1,65.8,10.0,0.57,88.2,7.2,High
FLD-004876,2023-11-13,2023,11,Monday,0,1,0,Bagong Silang,Drainage,18.5,615.6,0.584,0.685,26370,13,5.9,140.6,253.4,30.2,75.1,12.7,1.43,105.9,5.8,Medium
FLD-004877,2024-03-09,2024,3,Saturday,1,0,0,Old Zañiga,Buhangin Creek,6.9,162.3,0.499,0.789,34386,23,73.1,169.0,290.3,31.8,63.5,8.1,0.67,211.9,14.0,High
FLD-004878,2026-06-17,2026,6,Wednesday,0,1,0,New Zañiga,Buhangin Creek,7.9,162.6,0.548,0.762,34549,20,2.5,90.6,318.3,28.8,78.3,14.4,1.19,158.2,7.5,High
FLD-004879,2023-02-19,2023,2,Sunday,1,0,2,Bagong Silang,Drainage,18.1,633.4,0.591,0.684,25453,15,72.0,101.7,179.5,30.5,81.2,16.7,1.17,177.6,9.1,High
FLD-004880,2025-10-17,2025,10,Friday,0,1,0,Addition Hills,Maytunas Creek,25.4,978.0,0.757,0.757,45347,10,3.2,34.7,112.7,32.2,72.6,9.9,1.28,7.2,3.3,Low
FLD-004881,2023-04-13,2023,4,Thursday,0,0,0,Barangka Itaas,Pasig River,9.1,261.0,0.52,0.857,33283,22,11.3,20.2,39.0,31.0,64.7,0.7,0.87,43.3,4.1,Low
FLD-004882,2025-08-17,2025,8,Sunday,1,1,1,Mabini-J. Rizal,Maytunas Creek,15.0,484.9,0.571,0.746,30659,16,10.4,236.8,398.9,29.3,66.2,11.1,1.3,12.6,9.8,Low
FLD-004883,2023-04-08,2023,4,Saturday,1,0,0,Barangka Itaas,Pasig River,9.0,232.7,0.527,0.864,35981,18,0.1,146.8,393.9,28.5,71.7,4.9,1.09,62.0,6.8,High
FLD-004884,2024-04-29,2024,4,Monday,0,0,0,Daang Bakal,Maytunas Creek,12.3,367.0,0.52,0.818,28331,14,98.3,150.8,227.1,30.0,71.6,11.7,0.82,140.0,10.6,Medium
FLD-004885,2021-07-23,2021,7,Friday,0,1,1,New Zañiga,Buhangin Creek,8.2,141.6,0.558,0.794,36484,14,119.3,258.3,353.9,24.6,87.8,12.0,1.03,277.6,13.6,High
FLD-004886,2023-11-09,2023,11,Thursday,0,1,0,Barangka Drive,Pasig River,10.0,234.9,0.583,0.825,35213,17,2.2,177.5,283.4,30.9,70.8,18.3,1.29,112.5,8.5,Medium
FLD-004887,2021-11-09,2021,11,Tuesday,0,1,0,New Zañiga,Buhangin Creek,7.1,145.2,0.463,0.777,40545,20,6.0,177.3,297.8,31.3,65.8,2.7,1.33,171.1,12.0,Medium
FLD-004888,2021-06-13,2021,6,Sunday,1,1,1,Highway Hills,Maytunas Creek,30.8,917.4,0.705,0.73,43269,9,41.4,83.3,111.3,30.2,82.9,14.8,1.05,118.2,6.3,Low
FLD-004889,2022-07-26,2022,7,Tuesday,0,1,0,Barangka Ilaya,Pasig River,9.0,148.7,0.458,0.863,40848,21,2.8,136.2,150.7,29.9,76.5,6.5,1.37,106.6,6.2,Medium
FLD-004890,2021-10-29,2021,10,Friday,0,1,2,Burol,Drainage,21.7,707.1,0.688,0.678,22079,10,95.8,112.6,253.4,27.2,83.9,38.1,1.12,201.9,10.1,High
FLD-004891,2023-07-12,2023,7,Wednesday,0,1,1,Bagong Silang,Drainage,19.1,593.8,0.628,0.714,25960,14,132.8,174.0,283.7,26.0,73.9,10.7,0.98,277.8,8.2,High
FLD-004892,2022-06-13,2022,6,Monday,0,1,3,Barangka Ibaba,Pasig River,6.1,78.4,0.471,0.883,43310,25,78.0,142.5,191.1,27.5,80.7,33.6,0.89,264.5,14.0,High
FLD-004893,2021-04-04,2021,4,Sunday,1,0,3,Barangka Ibaba,Pasig River,6.6,80.0,0.453,0.878,42911,21,103.9,157.8,210.8,29.7,72.9,34.3,0.76,283.2,12.9,High
FLD-004894,2025-08-28,2025,8,Thursday,0,1,0,Harapin ang Bukas,Drainage,16.2,571.2,0.581,0.76,19716,16,56.9,120.3,183.7,27.3,85.5,7.7,1.39,115.9,4.6,Medium
FLD-004895,2022-11-26,2022,11,Saturday,1,1,2,Malamig,Tributary,19.6,572.9,0.599,0.636,25171,14,207.7,266.0,301.6,24.4,100,35.7,0.76,391.9,18.7,High
FLD-004896,2022-12-20,2022,12,Tuesday,0,0,1,Old Zañiga,Buhangin Creek,6.4,192.6,0.487,0.816,33303,21,63.1,133.4,227.6,30.7,73.0,14.8,0.93,196.3,6.7,High
FLD-004897,2026-02-02,2026,2,Monday,0,0,0,Hagdan Bato Libis,Drainage,17.5,495.5,0.615,0.734,33409,19,17.5,78.7,236.2,29.3,79.3,9.5,1.02,86.5,4.1,High
FLD-004898,2025-10-08,2025,10,Wednesday,0,1,2,Namayan,Pasig River,7.9,156.4,0.531,0.813,33531,18,22.5,81.2,309.0,32.7,69.6,24.6,0.51,151.6,11.1,Medium
FLD-004899,2025-01-06,2025,1,Monday,0,0,0,Hagdan Bato Libis,Drainage,15.3,493.0,0.679,0.715,27604,12,32.4,62.6,135.8,33.8,67.3,6.5,0.82,69.7,3.3,Low
FLD-004900,2025-02-24,2025,2,Monday,0,0,1,Malamig,Tributary,19.2,561.2,0.661,0.626,29067,9,37.6,73.5,89.4,31.0,63.7,22.4,1.37,3.0,5.3,Low
FLD-004901,2021-11-06,2021,11,Saturday,1,1,0,Pag-Asa,Drainage,20.8,659.7,0.614,0.746,25697,11,28.7,170.9,201.4,28.4,80.4,5.5,1.52,93.3,9.8,High
FLD-004902,2022-10-27,2022,10,Thursday,0,1,0,Pag-Asa,Drainage,20.1,638.1,0.618,0.718,25103,17,44.9,130.1,203.0,28.7,83.1,7.8,0.42,125.0,6.7,High
FLD-004903,2021-06-24,2021,6,Thursday,0,1,0,Buayang Bato,Buayang Bato Creek,14.1,343.3,0.59,0.753,32833,13,4.4,54.6,127.9,31.1,72.5,8.9,1.33,157.1,6.1,Low
FLD-004904,2022-10-16,2022,10,Sunday,1,1,0,Harapin ang Bukas,Drainage,16.3,531.8,0.581,0.77,24441,11,50.5,93.1,148.3,26.9,75.2,15.6,0.6,128.6,9.9,High
FLD-004905,2023-07-05,2023,7,Wednesday,0,1,0,New Zañiga,Buhangin Creek,7.1,160.1,0.517,0.802,40430,20,15.1,25.0,188.5,28.7,67.2,7.4,1.37,115.7,3.7,High
FLD-004906,2021-10-11,2021,10,Monday,0,1,0,San Jose,Drainage,22.7,671.8,0.649,0.685,22929,12,14.5,126.3,254.1,28.2,72.2,12.9,1.03,17.7,7.7,Low
FLD-004907,2022-10-03,2022,10,Monday,0,1,1,San Jose,Drainage,22.6,692.3,0.681,0.671,27164,13,96.1,197.2,338.9,28.3,77.1,15.7,1.44,173.4,10.9,High
FLD-004908,2023-06-26,2023,6,Monday,0,1,0,Barangka Drive,Pasig River,8.0,240.8,0.484,0.836,35109,21,1.4,57.6,91.0,29.7,72.9,4.8,1.12,59.2,1.2,Low
FLD-004909,2023-04-24,2023,4,Monday,0,0,0,Mabini-J. Rizal,Maytunas Creek,14.4,487.0,0.577,0.732,29102,14,18.3,42.8,108.2,30.9,67.2,4.1,1.05,28.1,3.5,Medium
FLD-004910,2025-10-03,2025,10,Friday,0,1,0,Pleasant Hills,Ermitaño Creek,24.2,997.6,0.686,0.708,24038,16,44.6,104.3,196.2,30.1,79.6,22.8,1.63,116.9,8.6,Medium
FLD-004911,2024-09-12,2024,9,Thursday,0,1,1,Mabini-J. Rizal,Maytunas Creek,16.0,458.9,0.597,0.757,28555,13,48.5,116.6,223.7,28.8,81.4,13.8,1.04,164.1,6.7,Medium
FLD-004912,2021-11-09,2021,11,Tuesday,0,1,2,Namayan,Pasig River,6.8,180.6,0.526,0.776,34739,20,136.2,199.4,237.4,29.3,96.4,40.9,1.26,339.4,14.1,High
FLD-004913,2023-07-20,2023,7,Thursday,0,1,1,Mabini-J. Rizal,Maytunas Creek,14.1,445.2,0.622,0.692,31596,14,32.5,149.3,412.6,31.1,88.1,15.4,1.47,163.0,9.6,High
FLD-004914,2022-11-12,2022,11,Saturday,1,1,1,Pag-Asa,Drainage,19.5,645.8,0.599,0.722,24554,12,91.0,231.1,403.1,30.3,83.2,10.0,1.14,247.1,11.1,High
FLD-004915,2021-05-25,2021,5,Tuesday,0,1,1,Daang Bakal,Maytunas Creek,11.8,427.3,0.551,0.724,31515,16,191.8,212.9,373.3,25.2,87.8,11.4,0.99,369.5,14.4,High
FLD-004916,2021-11-24,2021,11,Wednesday,0,1,0,Vergara,Drainage,25.1,803.2,0.734,0.638,24310,14,86.6,186.9,517.3,29.2,94.1,15.4,1.52,197.9,12.5,High
FLD-004917,2021-01-14,2021,1,Thursday,0,0,0,Bagong Silang,Drainage,17.8,672.2,0.639,0.672,27102,14,3.0,6.5,60.3,29.8,53.3,6.7,0.31,11.8,3.3,Low
FLD-004918,2025-04-13,2025,4,Sunday,1,0,0,San Jose,Drainage,21.8,690.9,0.753,0.659,24356,10,71.3,160.9,217.9,30.4,83.9,11.3,0.56,65.2,7.6,Medium
FLD-004919,2024-06-14,2024,6,Friday,0,1,0,Poblacion,Buhangin Creek,4.9,109.5,0.402,0.83,37660,22,70.4,173.0,271.9,29.0,95.4,13.2,0.95,227.8,11.6,High
FLD-004920,2022-03-28,2022,3,Monday,0,0,1,Barangka Ilaya,Pasig River,9.5,182.8,0.491,0.92,33772,16,14.4,77.2,106.5,31.9,60.9,13.3,0.89,164.9,8.1,Medium
FLD-004921,2026-05-17,2026,5,Sunday,1,1,0,Wack-Wack Greenhills East,Drainage,28.6,1200.2,0.843,0.663,21340,5,73.8,97.5,271.4,29.4,79.3,11.2,1.48,40.4,7.9,Low
FLD-004922,2021-10-06,2021,10,Wednesday,0,1,0,Burol,Drainage,21.0,653.0,0.658,0.659,21274,15,78.5,114.1,263.1,28.8,88.4,3.9,1.31,203.0,7.1,Medium
FLD-004923,2021-02-13,2021,2,Saturday,1,0,0,Namayan,Pasig River,8.5,217.8,0.541,0.784,31374,17,1.0,107.3,175.4,32.9,61.6,2.9,1.08,18.1,9.6,Low
FLD-004924,2023-03-03,2023,3,Friday,0,0,0,Bagong Silang,Drainage,17.9,596.7,0.669,0.717,26411,16,2.8,26.5,66.8,29.6,71.0,5.0,1.36,5.7,3.8,Low
FLD-004925,2023-05-14,2023,5,Sunday,1,1,1,Vergara,Drainage,24.7,834.8,0.736,0.623,24356,10,253.2,361.3,529.8,26.0,93.0,14.8,1.08,339.3,15.9,High
FLD-004926,2021-04-01,2021,4,Thursday,0,0,0,Hulo,Pasig River,6.2,127.0,0.458,0.874,38318,19,18.7,48.3,235.0,34.8,66.4,32.5,0.84,114.8,5.8,High
FLD-004927,2024-06-30,2024,6,Sunday,1,1,0,Addition Hills,Maytunas Creek,24.7,990.7,0.726,0.71,43892,13,17.9,58.1,107.1,30.6,63.1,4.3,1.42,53.5,4.4,Low
FLD-004928,2021-03-21,2021,3,Sunday,1,0,0,Namayan,Pasig River,8.4,118.6,0.498,0.8,30594,21,49.0,82.5,115.4,27.0,70.1,7.9,1.03,210.8,6.2,High
FLD-004929,2021-12-03,2021,12,Friday,0,0,1,Vergara,Drainage,25.0,813.3,0.721,0.636,26557,8,67.4,139.0,215.6,29.6,74.1,41.4,0.84,108.2,9.0,Medium
FLD-004930,2024-08-25,2024,8,Sunday,1,1,1,Buayang Bato,Buayang Bato Creek,14.8,275.8,0.577,0.728,32870,13,11.6,105.4,123.9,30.8,75.3,22.7,1.7,140.8,9.2,Medium
FLD-004931,2025-01-25,2025,1,Saturday,1,0,0,Hulo,Pasig River,4.9,86.4,0.476,0.848,38857,21,9.7,23.2,76.7,32.8,71.9,6.3,0.34,1.5,4.4,Low
FLD-004932,2021-06-04,2021,6,Friday,0,1,0,Wack-Wack Greenhills East,Drainage,30.2,1154.8,0.814,0.656,16399,7,207.5,248.5,413.4,23.6,95.4,18.9,1.06,177.6,9.1,High
FLD-004933,2023-05-25,2023,5,Thursday,0,1,0,Barangka Ibaba,Pasig River,5.8,115.6,0.496,0.937,42289,20,5.4,29.9,71.9,28.2,72.6,18.1,1.04,126.3,8.6,Medium
FLD-004934,2023-03-19,2023,3,Sunday,1,0,0,Wack-Wack Greenhills East,Drainage,27.5,1161.1,0.856,0.649,19184,5,42.6,50.6,183.5,32.2,62.9,16.8,0.92,60.3,2.2,Low
FLD-004935,2024-08-01,2024,8,Thursday,0,1,1,Barangka Itaas,Pasig River,9.1,213.0,0.515,0.776,34780,22,103.7,129.8,229.1,26.9,86.9,27.6,1.29,239.3,11.5,High
FLD-004936,2024-08-10,2024,8,Saturday,1,1,0,Malamig,Tributary,21.5,627.5,0.668,0.661,30104,12,7.9,33.4,57.8,29.1,67.8,2.1,1.26,39.0,4.9,Medium
FLD-004937,2023-09-20,2023,9,Wednesday,0,1,0,Mabini-J. Rizal,Maytunas Creek,13.7,452.7,0.604,0.729,31979,16,4.8,65.7,168.2,29.1,68.6,0,0.68,111.3,3.7,Low
FLD-004938,2023-10-27,2023,10,Friday,0,1,0,Hagdan Bato Libis,Drainage,16.6,482.7,0.636,0.758,29866,16,0.9,55.3,120.4,28.3,75.4,18.1,1.41,180.2,5.9,Medium
FLD-004939,2024-05-16,2024,5,Thursday,0,1,0,Mauway,Maytunas Creek,22.9,879.1,0.693,0.672,35889,17,8.1,140.1,344.3,28.2,75.9,12.3,1.06,5.6,7.6,Low
FLD-004940,2026-05-06,2026,5,Wednesday,0,1,1,Namayan,Pasig River,7.5,166.5,0.454,0.857,34470,18,76.4,96.5,129.6,29.2,85.3,16.5,0.7,136.2,6.6,Medium
FLD-004941,2026-02-20,2026,2,Friday,0,0,3,Namayan,Pasig River,9.0,118.9,0.521,0.804,31501,20,146.8,154.1,190.3,27.1,79.1,66.6,1.06,389.8,10.9,High
FLD-004942,2023-08-30,2023,8,Wednesday,0,1,0,Harapin ang Bukas,Drainage,16.8,560.5,0.54,0.749,21733,17,32.1,106.0,193.2,30.6,70.0,21.4,0.78,81.1,9.1,Medium
FLD-004943,2023-01-11,2023,1,Wednesday,0,0,0,Daang Bakal,Maytunas Creek,11.9,346.1,0.56,0.77,32357,14,5.2,32.2,202.8,31.4,65.3,30.1,1.55,123.5,6.6,Medium
FLD-004944,2021-01-28,2021,1,Thursday,0,0,0,Barangka Itaas,Pasig River,10.4,246.8,0.517,0.78,32631,16,42.8,63.8,152.9,27.8,63.6,7.8,1.23,175.9,6.0,Medium
FLD-004945,2022-12-30,2022,12,Friday,0,0,0,Namayan,Pasig River,8.9,144.9,0.503,0.802,29138,20,3.6,109.1,157.0,30.7,62.0,32.7,1.4,198.2,12.0,Medium
FLD-004946,2025-10-07,2025,10,Tuesday,0,1,0,Burol,Drainage,19.8,730.7,0.637,0.658,23480,12,23.0,79.4,365.1,29.1,78.2,14.1,1.59,117.5,6.4,Medium
FLD-004947,2024-10-17,2024,10,Thursday,0,1,0,Namayan,Pasig River,8.3,154.5,0.532,0.808,34850,21,1.6,49.6,116.5,31.1,61.3,18.3,1.63,4.6,4.7,Low
FLD-004948,2025-07-11,2025,7,Friday,0,1,2,Highway Hills,Maytunas Creek,29.6,869.8,0.745,0.766,43226,6,92.5,185.7,241.8,28.0,90.1,22.8,1.04,145.6,12.1,High
FLD-004949,2021-11-22,2021,11,Monday,0,1,0,Barangka Itaas,Pasig River,10.0,255.4,0.553,0.832,35010,19,1.0,45.7,93.1,29.4,60.5,19.1,1.08,111.8,3.8,Medium
FLD-004950,2022-04-03,2022,4,Sunday,1,0,0,Bagong Silang,Drainage,17.2,581.4,0.582,0.741,29931,8,29.5,72.6,83.4,29.7,68.5,15.1,0.93,135.2,5.8,Medium
FLD-004951,2021-06-21,2021,6,Monday,0,1,1,Burol,Drainage,22.0,716.6,0.633,0.654,21425,7,73.2,127.1,248.8,27.0,81.2,27.7,0.92,141.5,10.9,High
FLD-004952,2025-07-18,2025,7,Friday,0,1,0,Pag-Asa,Drainage,20.4,642.9,0.676,0.714,21092,14,132.2,390.9,656.4,26.9,86.3,7.8,1.34,240.1,18.3,High
FLD-004953,2022-05-13,2022,5,Friday,0,1,0,Namayan,Pasig River,7.7,100.2,0.523,0.799,31500,21,17.1,122.7,283.3,28.0,67.5,9.3,0.7,84.4,8.9,High
FLD-004954,2026-03-28,2026,3,Saturday,1,0,0,Malamig,Tributary,20.7,576.6,0.667,0.67,28450,15,5.8,11.8,96.2,31.7,69.4,1.7,1.21,6.5,5.0,Low
FLD-004955,2023-04-08,2023,4,Saturday,1,0,0,Wack-Wack Greenhills East,Drainage,27.2,1195.5,0.778,0.64,18109,11,34.7,77.6,107.1,35.0,75.3,16.0,0.8,40.4,3.3,Medium
FLD-004956,2024-03-10,2024,3,Sunday,1,0,0,Namayan,Pasig River,7.8,128.0,0.509,0.811,34363,25,11.9,23.0,116.5,30.6,63.2,37.7,0.76,7.3,4.1,Low
FLD-004957,2026-02-13,2026,2,Friday,0,0,2,Mauway,Maytunas Creek,22.1,864.4,0.72,0.711,37220,12,101.5,135.8,163.1,30.3,78.8,20.5,1.38,172.6,9.7,Medium
FLD-004958,2026-01-29,2026,1,Thursday,0,0,1,Buayang Bato,Buayang Bato Creek,13.1,279.8,0.594,0.759,37443,16,42.3,54.9,145.8,30.4,74.2,28.3,0.83,96.9,6.5,Medium
FLD-004959,2022-10-08,2022,10,Saturday,1,1,0,Hagdan Bato Libis,Drainage,16.2,466.4,0.597,0.736,26471,13,4.0,84.8,189.2,29.9,69.6,7.3,0.96,65.5,7.5,Medium
FLD-004960,2026-03-19,2026,3,Thursday,0,0,0,Hagdan Bato Libis,Drainage,15.8,543.0,0.641,0.726,29039,13,41.6,102.7,167.8,31.9,69.3,3.3,0.62,128.8,8.6,Low
FLD-004961,2024-12-22,2024,12,Sunday,1,0,0,Namayan,Pasig River,8.4,123.0,0.564,0.767,33206,19,17.7,99.2,270.5,32.9,60.3,2.8,1.02,138.6,11.1,Medium
FLD-004962,2022-07-21,2022,7,Thursday,0,1,0,Plainview,Estero,16.9,495.3,0.607,0.727,30795,16,3.4,30.6,89.6,28.7,65.3,25.5,1.16,6.9,2.8,Low
FLD-004963,2022-11-29,2022,11,Tuesday,0,1,0,Burol,Drainage,20.5,698.6,0.68,0.675,20087,8,3.6,41.1,61.0,28.0,75.1,8.9,1.21,187.5,7.6,Medium
FLD-004964,2022-06-18,2022,6,Saturday,1,1,0,Vergara,Drainage,24.3,829.0,0.699,0.66,24998,14,74.6,161.2,370.9,26.1,74.7,13.7,1.43,172.7,6.2,High
FLD-004965,2023-08-05,2023,8,Saturday,1,1,0,Barangka Ibaba,Pasig River,6.6,70.6,0.438,0.814,43780,22,4.8,19.1,171.8,28.4,80.5,4.4,0.92,122.5,3.1,Medium
FLD-004966,2021-04-26,2021,4,Monday,0,0,0,Buayang Bato,Buayang Bato Creek,13.8,284.0,0.532,0.756,30724,25,123.6,182.9,211.2,30.2,76.3,32.5,0.56,237.8,10.1,High
FLD-004967,2024-02-14,2024,2,Wednesday,0,0,2,Burol,Drainage,21.7,694.1,0.632,0.637,21334,12,108.1,206.7,418.3,27.4,84.4,27.5,1.1,260.7,12.9,High
FLD-004968,2026-04-13,2026,4,Monday,0,0,0,Mabini-J. Rizal,Maytunas Creek,16.3,484.5,0.618,0.772,29061,10,17.3,49.8,226.3,30.3,74.8,7.3,0.92,64.3,5.4,Medium
FLD-004969,2023-03-21,2023,3,Tuesday,0,0,0,Mabini-J. Rizal,Maytunas Creek,15.0,435.2,0.648,0.736,28505,14,8.4,37.6,138.5,30.6,66.2,12.9,0.37,145.6,5.0,Medium
FLD-004970,2024-01-27,2024,1,Saturday,1,0,0,Vergara,Drainage,24.7,810.3,0.656,0.639,26605,14,6.5,70.1,90.6,31.5,69.0,3.8,0.98,36.6,3.5,Medium
FLD-004971,2024-03-11,2024,3,Monday,0,0,0,Barangka Drive,Pasig River,9.3,188.0,0.523,0.831,33468,19,4.3,54.2,169.6,32.9,64.3,8.9,0.98,4.4,4.5,Low
FLD-004972,2022-04-07,2022,4,Thursday,0,0,1,Poblacion,Buhangin Creek,4.7,107.4,0.444,0.813,39653,18,90.5,205.2,323.4,29.6,49.7,22.0,1.2,332.1,15.1,High
FLD-004973,2023-05-24,2023,5,Wednesday,0,1,1,Hagdan Bato Itaas,Drainage,21.0,741.8,0.689,0.686,27962,18,160.6,198.3,293.7,29.0,99.1,25.7,0.84,291.2,15.7,High
FLD-004974,2021-02-12,2021,2,Friday,0,0,0,Barangka Drive,Pasig River,9.0,218.5,0.485,0.817,32254,15,8.2,12.4,27.4,32.3,54.1,17.3,0.79,21.6,3.9,Low
FLD-004975,2024-04-12,2024,4,Friday,0,0,0,Bagong Silang,Drainage,17.2,603.0,0.594,0.725,25227,18,2.7,19.5,135.9,30.7,68.1,16.1,0.69,82.7,7.5,Low
FLD-004976,2026-01-22,2026,1,Thursday,0,0,0,Pleasant Hills,Ermitaño Creek,24.0,990.9,0.745,0.706,23573,7,16.9,48.2,148.9,33.1,65.7,22.8,0.87,6.5,0.5,Low
FLD-004977,2025-09-30,2025,9,Tuesday,0,1,0,Vergara,Drainage,23.4,815.4,0.726,0.625,23911,10,11.3,75.1,206.8,27.3,76.7,13.4,1.14,86.6,2.1,Low
FLD-004978,2025-11-13,2025,11,Thursday,0,1,2,Highway Hills,Maytunas Creek,29.7,872.7,0.75,0.794,45499,9,145.0,167.4,400.9,26.0,86.6,32.8,1.13,187.7,11.7,High
FLD-004979,2022-12-23,2022,12,Friday,0,0,1,Pag-Asa,Drainage,20.0,610.5,0.578,0.73,25202,10,13.4,30.1,129.5,30.0,64.6,6.7,1.57,147.1,4.8,Low
FLD-004980,2022-12-19,2022,12,Monday,0,0,1,Mabini-J. Rizal,Maytunas Creek,15.3,462.6,0.541,0.722,28909,16,34.3,52.2,122.3,30.9,64.9,15.5,0.98,140.4,8.1,High
FLD-004981,2026-03-27,2026,3,Friday,0,0,0,Barangka Ibaba,Pasig River,7.2,82.9,0.418,0.936,43782,22,21.1,57.2,92.4,32.0,65.7,11.6,1.38,23.7,6.9,High
FLD-004982,2021-01-09,2021,1,Saturday,1,0,0,Namayan,Pasig River,8.2,153.0,0.496,0.759,33387,19,26.4,64.1,128.1,33.6,67.2,2.7,1.16,118.1,5.3,Medium
FLD-004983,2024-01-04,2024,1,Thursday,0,0,0,Highway Hills,Maytunas Creek,29.9,920.9,0.72,0.767,45924,8,9.0,119.1,174.8,29.2,64.7,19.8,0.43,0.0,4.5,Low
FLD-004984,2023-06-05,2023,6,Monday,0,1,1,Barangka Ibaba,Pasig River,8.0,88.7,0.447,0.862,40504,24,40.6,84.2,303.1,30.6,84.0,8.1,0.98,259.3,7.5,High
FLD-004985,2022-02-14,2022,2,Monday,0,0,0,Hagdan Bato Libis,Drainage,17.5,457.7,0.558,0.735,32410,14,9.5,66.4,114.9,31.5,67.0,13.1,1.19,1.1,5.4,Low
FLD-004986,2023-06-11,2023,6,Sunday,1,1,0,Hulo,Pasig River,4.5,87.9,0.505,0.835,39666,22,0.2,95.3,163.8,28.9,71.1,0.9,1.39,91.8,6.1,Medium
FLD-004987,2025-07-13,2025,7,Sunday,1,1,3,Hagdan Bato Libis,Drainage,15.6,514.7,0.584,0.717,31804,16,135.1,226.5,362.3,27.0,99.3,42.2,0.79,388.7,17.6,High
FLD-004988,2025-07-28,2025,7,Monday,0,1,0,Buayang Bato,Buayang Bato Creek,14.5,281.9,0.576,0.762,30376,19,49.7,93.0,150.2,28.4,77.5,19.4,0.91,176.7,5.6,Medium
FLD-004989,2022-03-25,2022,3,Friday,0,0,0,Barangka Ibaba,Pasig River,7.9,132.7,0.421,0.863,37407,23,8.4,67.1,194.7,32.0,62.7,7.1,0.81,67.3,6.6,Medium
FLD-004990,2022-09-29,2022,9,Thursday,0,1,0,Hagdan Bato Itaas,Drainage,21.7,748.9,0.68,0.715,25914,6,7.8,125.8,244.2,30.0,85.2,14.9,1.3,6.1,7.0,Low
FLD-004991,2022-06-12,2022,6,Sunday,1,1,2,San Jose,Drainage,22.5,674.6,0.724,0.654,24823,12,114.9,215.0,279.5,27.8,91.2,30.3,1.0,224.3,12.9,High
FLD-004992,2021-04-26,2021,4,Monday,0,0,0,Namayan,Pasig River,6.8,176.3,0.482,0.83,30153,19,5.7,12.0,35.2,32.4,60.9,23.0,0.93,131.6,5.0,High
FLD-004993,2025-09-15,2025,9,Monday,0,1,0,Mauway,Maytunas Creek,22.4,845.2,0.667,0.697,36090,8,14.5,43.6,142.5,31.5,76.9,7.0,1.07,46.4,3.2,Low
FLD-004994,2026-01-17,2026,1,Saturday,1,0,0,Namayan,Pasig River,7.4,112.6,0.527,0.774,32160,21,14.3,41.8,107.2,32.8,75.5,12.0,1.08,139.6,5.4,Medium
FLD-004995,2024-10-09,2024,10,Wednesday,0,1,0,Poblacion,Buhangin Creek,6.1,111.2,0.453,0.86,41589,23,40.6,125.2,268.4,28.3,75.0,27.9,0.47,162.8,6.0,Medium
FLD-004996,2026-02-06,2026,2,Friday,0,0,1,Barangka Ilaya,Pasig River,9.0,125.7,0.493,0.832,34372,22,143.2,303.1,402.5,28.6,81.3,19.4,1.26,341.2,20.4,High
FLD-004997,2023-12-01,2023,12,Friday,0,0,0,New Zañiga,Buhangin Creek,5.6,151.2,0.571,0.754,36768,17,21.6,41.8,109.2,29.6,73.3,6.2,0.76,154.0,4.0,Low
FLD-004998,2021-10-11,2021,10,Monday,0,1,2,Buayang Bato,Buayang Bato Creek,14.4,275.9,0.512,0.724,33940,18,129.4,140.8,190.1,25.8,84.9,19.2,1.49,231.4,10.6,High
FLD-004999,2024-02-13,2024,2,Tuesday,0,0,0,Daang Bakal,Maytunas Creek,12.0,332.2,0.524,0.771,34538,18,1.5,12.8,91.2,31.8,65.8,11.4,0.88,53.7,1.5,Medium
FLD-005000,2021-12-02,2021,12,Thursday,0,0,0,Hagdan Bato Itaas,Drainage,21.9,728.1,0.722,0.687,28181,6,11.3,28.5,104.5,31.6,69.7,7.9,1.11,7.2,5.9,Low
FLD-005001,2024-11-03,2024,11,Sunday,1,1,0,Bagong Silang,Drainage,19.0,588.4,0.649,0.694,23842,10,12.5,63.1,267.1,30.5,69.8,3.5,1.03,4.8,4.8,Low
FLD-005002,2024-11-16,2024,11,Saturday,1,1,1,Buayang Bato,Buayang Bato Creek,15.2,272.1,0.623,0.806,31447,12,61.5,99.6,264.7,27.4,69.5,22.3,1.07,188.8,8.3,High
FLD-005003,2023-07-22,2023,7,Saturday,1,1,2,Wack-Wack Greenhills East,Drainage,28.9,1213.8,0.837,0.654,22707,7,49.1,130.8,381.5,26.5,84.4,19.6,0.98,111.0,7.7,High
FLD-005004,2021-08-25,2021,8,Wednesday,0,1,0,Bagong Silang,Drainage,18.5,616.6,0.66,0.718,21858,10,6.7,192.5,232.9,32.6,72.1,6.9,1.47,92.7,7.4,Low
FLD-005005,2024-12-17,2024,12,Tuesday,0,0,0,Buayang Bato,Buayang Bato Creek,14.5,288.2,0.591,0.792,31703,19,26.7,90.8,125.6,31.8,71.6,12.7,0.94,140.0,6.5,Medium
FLD-005006,2022-12-31,2022,12,Saturday,1,0,2,Mabini-J. Rizal,Maytunas Creek,15.4,406.4,0.595,0.76,27660,17,58.1,71.3,130.9,30.0,77.4,24.4,1.08,198.2,6.9,High
FLD-005007,2025-07-24,2025,7,Thursday,0,1,0,New Zañiga,Buhangin Creek,7.1,161.9,0.542,0.841,38015,20,2.9,23.1,143.2,31.6,76.7,4.9,1.05,118.3,3.0,Medium
FLD-005008,2023-07-13,2023,7,Thursday,0,1,0,Pleasant Hills,Ermitaño Creek,24.6,1009.9,0.715,0.65,25358,12,11.8,237.6,363.7,30.0,62.9,14.6,1.09,56.4,9.5,Medium
FLD-005009,2024-03-07,2024,3,Thursday,0,0,0,Hagdan Bato Itaas,Drainage,22.7,776.5,0.723,0.709,28512,12,12.6,59.3,89.7,30.7,63.8,6.9,1.24,8.2,2.7,Low
FLD-005010,2022-02-25,2022,2,Friday,0,0,0,Malamig,Tributary,19.3,601.5,0.641,0.699,29883,13,25.7,32.1,82.2,30.9,71.3,2.6,0.92,78.0,4.2,Medium
FLD-005011,2025-03-10,2025,3,Monday,0,0,1,Malamig,Tributary,20.0,651.6,0.636,0.731,24322,13,207.7,233.8,257.3,26.1,79.8,18.9,1.39,453.9,15.7,High
FLD-005012,2021-02-14,2021,2,Sunday,1,0,0,Burol,Drainage,23.0,724.9,0.707,0.68,23966,11,7.1,26.5,139.0,33.6,73.0,6.9,1.08,4.0,0.5,Low
FLD-005013,2026-06-05,2026,6,Friday,0,1,0,Harapin ang Bukas,Drainage,17.3,550.5,0.522,0.763,25223,22,0.0,66.2,144.3,30.8,66.5,3.6,1.24,5.8,2.6,Low
FLD-005014,2022-03-01,2022,3,Tuesday,0,0,0,Harapin ang Bukas,Drainage,17.6,530.7,0.637,0.784,22029,9,43.1,90.8,299.3,32.5,74.3,18.5,1.13,4.9,5.6,Low
FLD-005015,2022-01-05,2022,1,Wednesday,0,0,0,Hulo,Pasig River,5.5,50.3,0.413,0.874,37899,22,31.0,134.1,169.3,31.6,76.9,9.0,1.02,123.4,8.8,Medium
FLD-005016,2025-10-12,2025,10,Sunday,1,1,0,Daang Bakal,Maytunas Creek,11.9,348.4,0.605,0.789,32139,13,1.3,132.8,284.3,29.8,71.6,17.7,1.17,56.3,9.2,High
FLD-005017,2026-05-09,2026,5,Saturday,1,1,1,San Jose,Drainage,21.7,672.3,0.65,0.636,23597,11,124.4,204.0,266.8,27.1,83.3,17.9,1.0,235.8,11.1,High
FLD-005018,2025-09-18,2025,9,Thursday,0,1,0,Mabini-J. Rizal,Maytunas Creek,15.6,436.6,0.617,0.744,31263,17,53.3,90.4,204.3,28.0,89.6,3.6,1.84,98.4,3.4,Medium
FLD-005019,2024-10-08,2024,10,Tuesday,0,1,0,Hagdan Bato Libis,Drainage,16.7,444.8,0.644,0.697,31058,10,3.2,30.7,118.3,29.5,76.0,3.5,1.31,124.8,3.6,Medium
FLD-005020,2024-05-12,2024,5,Sunday,1,1,0,Buayang Bato,Buayang Bato Creek,12.9,312.8,0.59,0.765,35888,12,1.1,113.3,185.2,28.2,72.8,25.8,1.25,6.0,8.9,Low
FLD-005021,2024-12-29,2024,12,Sunday,1,0,1,Barangka Ilaya,Pasig River,7.3,152.2,0.408,0.851,39057,23,120.7,238.2,453.8,28.2,84.5,18.4,1.14,361.1,14.9,High
FLD-005022,2021-01-21,2021,1,Thursday,0,0,2,Daang Bakal,Maytunas Creek,12.6,301.9,0.64,0.752,30428,13,82.0,165.6,223.0,29.9,77.8,24.7,0.6,298.6,13.6,High
FLD-005023,2021-06-17,2021,6,Thursday,0,1,0,Barangka Ilaya,Pasig River,8.5,158.2,0.496,0.899,37768,18,3.0,217.9,293.2,30.5,81.0,33.4,0.94,100.0,10.9,Medium
FLD-005024,2024-02-02,2024,2,Friday,0,0,0,Wack-Wack Greenhills East,Drainage,27.7,1189.5,0.834,0.628,13368,5,5.2,77.0,107.4,34.0,61.5,18.5,1.11,12.9,7.0,Low
FLD-005025,2025-11-25,2025,11,Tuesday,0,1,0,Pleasant Hills,Ermitaño Creek,25.1,999.8,0.693,0.68,28690,7,2.7,11.5,195.3,32.3,71.0,0.5,0.81,4.3,6.8,Low
FLD-005026,2025-09-16,2025,9,Tuesday,0,1,0,Hagdan Bato Libis,Drainage,16.0,529.8,0.631,0.729,35259,16,7.3,138.0,341.7,30.9,78.7,5.8,1.54,122.9,6.5,High
FLD-005027,2024-01-01,2024,1,Monday,0,0,1,Barangka Ilaya,Pasig River,7.5,138.8,0.414,0.848,32633,28,39.1,83.6,123.5,27.6,68.6,12.2,1.65,221.0,5.0,High
FLD-005028,2022-06-20,2022,6,Monday,0,1,0,Buayang Bato,Buayang Bato Creek,14.0,297.7,0.571,0.755,32677,13,1.2,52.0,77.7,31.2,71.9,5.3,0.55,59.7,3.8,Medium
FLD-005029,2021-10-28,2021,10,Thursday,0,1,1,Vergara,Drainage,24.3,818.3,0.704,0.618,23344,16,85.7,180.9,245.3,28.9,87.7,22.9,1.19,260.4,10.1,High
FLD-005030,2026-05-11,2026,5,Monday,0,1,0,Malamig,Tributary,19.9,661.7,0.702,0.668,31550,13,5.5,57.2,162.1,30.9,81.4,5.4,1.47,58.3,3.3,Medium
FLD-005031,2022-08-30,2022,8,Tuesday,0,1,2,Buayang Bato,Buayang Bato Creek,14.1,269.8,0.56,0.729,34037,20,68.9,123.6,563.3,24.6,76.6,12.9,0.65,201.5,10.0,High
FLD-005032,2024-07-29,2024,7,Monday,0,1,0,Vergara,Drainage,23.0,778.8,0.723,0.63,22569,9,0.4,52.8,303.8,32.2,64.7,17.0,1.27,5.5,4.1,Low
FLD-005033,2022-10-09,2022,10,Sunday,1,1,0,Mabini-J. Rizal,Maytunas Creek,15.5,426.6,0.54,0.776,31236,14,49.0,141.4,189.8,29.9,69.6,13.2,1.04,94.5,11.1,Medium
FLD-005034,2025-06-06,2025,6,Friday,0,1,1,Highway Hills,Maytunas Creek,28.9,893.1,0.757,0.764,44329,7,70.3,155.2,275.4,27.7,75.5,7.9,1.02,214.7,8.9,High
FLD-005035,2022-03-03,2022,3,Thursday,0,0,0,Daang Bakal,Maytunas Creek,11.5,378.2,0.59,0.711,30241,20,28.2,62.2,140.7,32.9,60.5,7.6,0.68,0.8,5.0,Low
FLD-005036,2023-04-29,2023,4,Saturday,1,0,0,Pleasant Hills,Ermitaño Creek,24.8,1012.6,0.738,0.68,29680,7,114.0,128.9,193.3,29.8,69.2,3.4,0.97,198.7,7.8,High
FLD-005037,2024-03-02,2024,3,Saturday,1,0,0,Daang Bakal,Maytunas Creek,11.9,329.4,0.583,0.785,30584,15,141.6,162.3,181.2,26.9,72.5,0.4,1.46,292.7,10.3,High
FLD-005038,2024-03-19,2024,3,Tuesday,0,0,0,Hagdan Bato Itaas,Drainage,23.8,747.6,0.667,0.686,30699,13,12.8,71.6,183.5,29.8,74.6,8.8,0.57,75.9,7.6,Low
FLD-005039,2023-08-10,2023,8,Thursday,0,1,0,Daang Bakal,Maytunas Creek,12.4,323.3,0.566,0.719,33984,11,0.3,79.6,123.8,28.4,76.4,2.0,0.99,132.0,7.5,Medium
FLD-005040,2025-10-14,2025,10,Tuesday,0,1,2,Wack-Wack Greenhills East,Drainage,27.5,1227.9,0.829,0.641,20829,7,85.6,184.0,263.2,26.7,86.3,34.0,1.11,141.4,9.0,High
FLD-005041,2023-08-18,2023,8,Friday,0,1,1,Wack-Wack Greenhills East,Drainage,28.0,1210.0,0.846,0.608,18801,7,71.3,175.4,288.7,26.7,79.6,12.2,1.61,106.3,11.5,Medium
FLD-005042,2022-08-01,2022,8,Monday,0,1,1,Addition Hills,Maytunas Creek,24.3,951.9,0.765,0.757,44141,7,121.5,170.5,216.3,27.6,83.8,16.4,1.05,211.5,9.2,High
FLD-005043,2024-12-27,2024,12,Friday,0,0,1,Barangka Drive,Pasig River,8.2,195.6,0.567,0.83,31193,20,123.3,146.5,245.8,27.3,90.2,20.7,0.98,280.2,12.5,High
FLD-005044,2021-05-13,2021,5,Thursday,0,1,0,Hagdan Bato Itaas,Drainage,22.2,770.3,0.743,0.708,26935,9,7.1,69.3,168.8,31.3,76.9,14.0,1.31,2.4,2.8,Low
FLD-005045,2025-03-11,2025,3,Tuesday,0,0,1,Harapin ang Bukas,Drainage,17.3,532.6,0.562,0.697,22817,19,63.0,150.1,202.1,28.2,70.7,13.4,1.15,157.4,15.1,Medium
FLD-005046,2021-06-28,2021,6,Monday,0,1,0,Barangka Itaas,Pasig River,9.8,246.3,0.496,0.799,37839,17,3.4,13.3,232.3,29.7,63.2,11.4,1.59,76.7,2.9,Medium
FLD-005047,2021-07-03,2021,7,Saturday,1,1,1,Highway Hills,Maytunas Creek,30.4,897.2,0.781,0.775,44389,6,17.1,118.9,176.2,28.0,79.3,7.3,1.24,80.9,8.4,Medium
FLD-005048,2023-10-07,2023,10,Saturday,1,1,0,Vergara,Drainage,24.7,792.8,0.73,0.659,20062,9,5.4,175.6,264.5,29.7,74.4,10.1,1.44,82.6,9.3,Medium
FLD-005049,2024-03-08,2024,3,Friday,0,0,0,New Zañiga,Buhangin Creek,7.6,111.5,0.5,0.833,34695,16,15.9,23.1,71.9,31.5,63.1,12.6,0.96,63.5,5.5,High
FLD-005050,2026-04-17,2026,4,Friday,0,0,0,Bagong Silang,Drainage,18.7,601.7,0.653,0.707,25703,14,1.1,155.3,212.5,29.9,66.5,13.7,1.28,40.4,7.6,Medium
FLD-005051,2024-08-26,2024,8,Monday,0,1,2,Pleasant Hills,Ermitaño Creek,25.7,1007.6,0.69,0.688,28916,10,173.3,253.3,508.0,24.6,100,16.9,1.13,296.4,12.2,High
FLD-005052,2021-02-20,2021,2,Saturday,1,0,0,Namayan,Pasig River,7.6,156.5,0.526,0.838,33408,18,22.4,31.9,90.8,32.5,68.8,10.5,1.22,247.2,8.7,Medium
FLD-005053,2026-05-05,2026,5,Tuesday,0,1,1,Old Zañiga,Buhangin Creek,8.1,155.8,0.476,0.775,33921,22,22.1,73.4,119.3,28.7,71.3,15.9,1.22,142.4,4.8,High
FLD-005054,2021-05-17,2021,5,Monday,0,1,0,Mabini-J. Rizal,Maytunas Creek,14.9,430.9,0.617,0.695,31596,12,3.6,101.2,188.5,28.9,66.8,3.2,0.99,180.1,7.1,Medium
FLD-005055,2025-12-08,2025,12,Monday,0,0,0,Buayang Bato,Buayang Bato Creek,13.0,304.8,0.538,0.726,32615,18,2.6,30.3,191.3,30.8,70.7,20.7,0.73,8.6,6.2,Low
FLD-005056,2022-02-10,2022,2,Thursday,0,0,0,Barangka Ilaya,Pasig River,7.0,148.0,0.521,0.815,39191,21,13.3,30.5,99.4,30.7,66.3,10.8,1.02,142.4,2.5,Medium
FLD-005057,2025-02-23,2025,2,Sunday,1,0,0,Mabini-J. Rizal,Maytunas Creek,15.8,472.4,0.591,0.765,30198,14,26.4,59.8,90.0,33.4,68.6,2.5,1.25,153.0,6.1,Medium
FLD-005058,2022-04-29,2022,4,Friday,0,0,0,Daang Bakal,Maytunas Creek,11.8,352.9,0.564,0.782,33343,20,1.5,42.0,87.2,31.3,64.6,9.5,0.63,0.2,2.6,Low
FLD-005059,2025-12-02,2025,12,Tuesday,0,0,0,Barangka Drive,Pasig River,9.3,189.1,0.482,0.794,32647,17,6.4,16.6,76.9,34.5,60.3,10.3,1.03,50.3,7.3,Medium
FLD-005060,2023-01-21,2023,1,Saturday,1,0,0,Vergara,Drainage,24.0,798.8,0.678,0.646,23130,11,27.4,87.6,226.8,30.3,71.0,0.2,0.67,69.4,8.0,Medium
FLD-005061,2023-04-08,2023,4,Saturday,1,0,0,Mabini-J. Rizal,Maytunas Creek,15.2,466.5,0.629,0.743,29820,17,3.2,91.4,139.5,34.4,72.1,8.8,0.67,117.9,6.1,Medium
FLD-005062,2021-07-02,2021,7,Friday,0,1,1,Buayang Bato,Buayang Bato Creek,14.8,300.6,0.513,0.764,31117,20,29.7,61.2,231.0,28.0,70.6,6.8,1.33,167.8,8.1,Medium
FLD-005063,2026-02-08,2026,2,Sunday,1,0,1,Namayan,Pasig River,7.6,78.9,0.527,0.731,31806,22,65.4,182.2,224.3,30.2,88.2,16.8,1.35,195.2,13.4,High
FLD-005064,2022-11-05,2022,11,Saturday,1,1,0,Mabini-J. Rizal,Maytunas Creek,15.5,485.5,0.608,0.708,30242,10,5.0,98.0,183.8,30.8,89.4,4.9,1.13,79.2,6.0,Medium
FLD-005065,2023-01-05,2023,1,Thursday,0,0,0,Bagong Silang,Drainage,17.6,613.7,0.633,0.704,24597,10,6.0,57.0,132.6,32.0,68.6,1.8,1.39,107.8,7.4,Medium
FLD-005066,2024-03-24,2024,3,Sunday,1,0,0,San Jose,Drainage,21.9,757.4,0.68,0.683,26913,11,26.8,88.7,175.1,32.6,71.6,24.8,0.77,32.3,5.3,Low
FLD-005067,2024-04-14,2024,4,Sunday,1,0,0,Pag-Asa,Drainage,20.1,661.0,0.675,0.75,20481,12,6.8,13.7,79.4,29.7,64.3,5.7,0.85,95.3,1.8,Low
FLD-005068,2026-01-21,2026,1,Wednesday,0,0,1,Bagong Silang,Drainage,17.6,602.0,0.57,0.738,25354,14,88.0,188.7,276.3,30.8,71.7,27.0,0.47,142.4,7.0,High
FLD-005069,2026-04-22,2026,4,Wednesday,0,0,0,Highway Hills,Maytunas Creek,29.4,908.0,0.679,0.772,40067,12,0.8,15.7,43.9,33.6,56.1,3.4,1.28,3.3,3.4,Low
FLD-005070,2023-05-11,2023,5,Thursday,0,1,0,Barangka Itaas,Pasig River,9.2,254.5,0.608,0.759,34754,20,1.1,77.4,162.1,29.5,77.3,9.9,1.3,131.0,5.8,Medium
FLD-005071,2025-10-12,2025,10,Sunday,1,1,2,Plainview,Estero,17.8,550.7,0.667,0.73,28924,12,24.4,64.0,201.1,31.6,82.8,17.6,1.37,198.8,7.0,High
FLD-005072,2023-09-01,2023,9,Friday,0,1,1,Mauway,Maytunas Creek,22.6,846.0,0.633,0.705,34813,11,226.0,318.0,458.7,23.0,92.6,14.9,0.91,376.8,17.8,High
FLD-005073,2023-04-04,2023,4,Tuesday,0,0,1,Hagdan Bato Libis,Drainage,15.9,464.2,0.573,0.674,32257,18,67.6,148.0,227.9,30.8,70.4,21.4,0.46,252.2,10.4,High
FLD-005074,2022-08-02,2022,8,Tuesday,0,1,2,Burol,Drainage,20.3,693.6,0.658,0.701,20711,12,114.4,142.5,299.4,26.8,82.4,14.1,1.12,322.8,10.6,High
FLD-005075,2023-07-20,2023,7,Thursday,0,1,0,Poblacion,Buhangin Creek,6.5,94.2,0.437,0.825,44437,23,16.1,25.5,77.9,30.6,71.6,2.4,1.44,87.3,8.3,Medium
FLD-005076,2025-12-20,2025,12,Saturday,1,0,0,Pleasant Hills,Ermitaño Creek,24.4,994.0,0.706,0.735,24521,12,17.2,85.9,297.3,28.8,53.9,9.8,1.45,94.9,9.0,Low
FLD-005077,2023-03-24,2023,3,Friday,0,0,2,Harapin ang Bukas,Drainage,17.3,541.5,0.577,0.784,23443,16,81.7,101.2,247.7,28.6,74.5,21.0,1.11,201.5,6.8,Medium
FLD-005078,2023-05-11,2023,5,Thursday,0,1,1,Poblacion,Buhangin Creek,5.3,93.1,0.493,0.813,43378,20,90.6,129.2,452.2,30.1,78.3,10.5,1.37,186.9,11.4,High
FLD-005079,2025-06-09,2025,6,Monday,0,1,0,Harapin ang Bukas,Drainage,18.0,549.8,0.614,0.79,23733,12,64.6,125.6,165.3,29.8,78.9,8.4,0.98,148.1,6.1,High
FLD-005080,2022-09-13,2022,9,Tuesday,0,1,0,Hagdan Bato Itaas,Drainage,21.4,784.6,0.75,0.708,28339,6,113.2,184.4,200.1,27.1,85.1,17.9,1.37,193.7,9.8,High
FLD-005081,2022-12-15,2022,12,Thursday,0,0,0,Mabini-J. Rizal,Maytunas Creek,15.4,402.0,0.61,0.693,30968,10,9.6,36.7,165.1,32.0,68.2,16.3,1.13,160.5,6.6,Low
FLD-005082,2022-07-04,2022,7,Monday,0,1,0,Daang Bakal,Maytunas Creek,12.3,366.8,0.603,0.793,30085,18,239.3,331.2,443.3,27.3,100,19.6,1.24,292.8,16.8,High
FLD-005083,2026-04-03,2026,4,Friday,0,0,0,San Jose,Drainage,23.6,662.7,0.714,0.696,26721,15,4.9,20.7,182.2,31.2,66.2,7.5,1.18,12.3,3.7,Low
FLD-005084,2022-10-24,2022,10,Monday,0,1,0,Malamig,Tributary,19.0,570.7,0.686,0.75,27189,17,0.8,220.4,390.7,31.6,74.0,10.6,1.89,81.7,8.8,High
FLD-005085,2024-11-27,2024,11,Wednesday,0,1,3,Barangka Ilaya,Pasig River,8.5,114.1,0.377,0.815,40079,24,116.3,190.4,267.7,24.3,84.6,47.2,1.45,389.5,14.1,High
FLD-005086,2022-10-19,2022,10,Wednesday,0,1,0,Daang Bakal,Maytunas Creek,13.7,302.5,0.599,0.783,33120,21,72.1,97.2,139.3,26.9,80.2,12.3,0.6,193.7,3.5,High
FLD-005087,2023-04-22,2023,4,Saturday,1,0,2,Old Zañiga,Buhangin Creek,6.6,139.8,0.562,0.778,37444,17,42.8,55.8,114.1,30.1,66.1,29.8,0.87,236.4,8.3,High
FLD-005088,2026-05-12,2026,5,Tuesday,0,1,1,Addition Hills,Maytunas Creek,25.2,954.5,0.654,0.71,46108,5,66.9,182.7,271.7,29.3,74.2,17.5,1.05,149.2,6.9,Medium
FLD-005089,2025-12-20,2025,12,Saturday,1,0,1,Old Zañiga,Buhangin Creek,6.4,155.0,0.489,0.789,34931,17,5.0,45.9,141.2,32.4,55.7,18.1,0.97,181.8,6.2,High
FLD-005090,2021-07-21,2021,7,Wednesday,0,1,0,Bagong Silang,Drainage,16.4,646.6,0.715,0.699,27869,13,1.6,36.2,181.7,29.4,71.1,6.6,1.21,93.0,7.0,Medium
FLD-005091,2025-05-15,2025,5,Thursday,0,1,0,Hagdan Bato Libis,Drainage,16.4,500.4,0.548,0.794,28964,13,13.9,27.2,217.0,28.0,73.2,6.3,0.9,12.5,0.5,Low
FLD-005092,2024-06-24,2024,6,Monday,0,1,3,Mauway,Maytunas Creek,22.2,829.1,0.616,0.677,40851,6,206.5,353.6,408.1,27.2,97.9,25.6,1.3,396.3,21.9,High
FLD-005093,2023-03-30,2023,3,Thursday,0,0,0,Burol,Drainage,21.6,654.7,0.65,0.727,22192,14,9.5,59.8,145.3,31.5,70.2,7.0,0.9,87.5,1.8,Medium
FLD-005094,2023-10-08,2023,10,Sunday,1,1,1,Bagong Silang,Drainage,18.2,577.9,0.606,0.677,27619,15,33.9,94.9,206.7,29.4,74.0,14.6,0.82,149.4,9.0,High
FLD-005095,2021-06-24,2021,6,Thursday,0,1,0,Hagdan Bato Libis,Drainage,17.6,497.7,0.577,0.728,28204,10,21.2,182.2,252.1,30.2,74.6,35.4,1.25,131.3,8.7,Medium
FLD-005096,2023-09-20,2023,9,Wednesday,0,1,0,Malamig,Tributary,20.8,623.2,0.678,0.675,30789,11,28.1,75.1,202.6,31.6,75.5,8.0,1.03,124.5,5.1,Low
FLD-005097,2024-08-18,2024,8,Sunday,1,1,0,Pag-Asa,Drainage,19.3,627.4,0.681,0.739,20295,12,1.2,53.6,160.3,29.1,69.4,12.1,1.12,91.4,6.2,Low
FLD-005098,2021-08-20,2021,8,Friday,0,1,1,Pleasant Hills,Ermitaño Creek,24.2,996.7,0.732,0.665,29405,12,36.5,54.7,245.8,28.8,77.2,17.7,1.4,142.7,4.9,Low
FLD-005099,2025-01-30,2025,1,Thursday,0,0,1,San Jose,Drainage,22.0,696.5,0.623,0.649,30186,15,3.9,124.3,138.9,30.3,60.3,13.4,1.6,136.0,7.0,High
FLD-005100,2021-03-18,2021,3,Thursday,0,0,0,Mauway,Maytunas Creek,22.7,786.4,0.682,0.718,35090,6,0.9,27.7,88.6,33.1,62.2,7.0,0.78,1.4,0.7,Low
FLD-005101,2023-12-22,2023,12,Friday,0,0,2,Hagdan Bato Itaas,Drainage,22.1,695.1,0.716,0.703,26528,17,43.4,76.7,192.1,30.9,67.3,26.4,1.16,171.3,8.6,Low
FLD-005102,2021-07-12,2021,7,Monday,0,1,0,Plainview,Estero,19.2,502.5,0.58,0.749,28144,13,27.7,92.1,269.7,31.7,71.8,8.2,1.63,148.4,3.9,Medium
FLD-005103,2026-04-06,2026,4,Monday,0,0,0,Pag-Asa,Drainage,19.0,664.2,0.72,0.787,22484,11,38.9,67.2,152.4,30.3,61.7,7.3,1.15,137.4,4.6,Low
FLD-005104,2024-01-03,2024,1,Wednesday,0,0,0,Bagong Silang,Drainage,17.5,628.0,0.643,0.766,26098,15,64.0,91.7,131.0,31.2,78.0,17.7,0.9,149.8,6.4,Medium
FLD-005105,2024-11-07,2024,11,Thursday,0,1,0,Bagong Silang,Drainage,18.4,590.7,0.586,0.748,28376,12,14.0,94.4,135.4,30.4,65.6,2.8,0.98,12.9,5.7,Medium
FLD-005106,2021-08-20,2021,8,Friday,0,1,0,Hagdan Bato Libis,Drainage,15.9,472.0,0.624,0.688,28300,21,26.2,230.2,450.6,29.8,70.3,7.7,1.64,98.8,11.0,High
FLD-005107,2023-01-21,2023,1,Saturday,1,0,0,Poblacion,Buhangin Creek,5.8,67.8,0.499,0.822,42473,18,31.4,75.2,298.4,31.2,72.7,6.4,0.79,113.5,5.7,Medium
FLD-005108,2024-03-28,2024,3,Thursday,0,0,0,Hagdan Bato Itaas,Drainage,21.4,750.7,0.692,0.675,25623,15,2.4,47.3,91.5,28.8,57.4,7.7,1.27,1.8,4.2,Low
FLD-005109,2021-04-19,2021,4,Monday,0,0,0,Highway Hills,Maytunas Creek,30.5,888.5,0.742,0.79,41660,6,72.5,201.7,448.8,29.3,77.4,1.4,0.84,69.3,10.7,Medium
FLD-005110,2021-12-01,2021,12,Wednesday,0,0,0,Buayang Bato,Buayang Bato Creek,15.3,282.4,0.62,0.777,35059,12,8.9,13.0,70.9,29.6,70.1,4.0,0.62,66.7,4.8,Low
FLD-005111,2024-02-03,2024,2,Saturday,1,0,0,Barangka Drive,Pasig River,9.0,204.6,0.496,0.827,37174,17,9.1,63.6,194.6,31.1,68.9,15.9,1.0,5.3,9.2,Low
FLD-005112,2025-12-22,2025,12,Monday,0,0,1,Malamig,Tributary,19.3,568.2,0.653,0.659,28506,16,181.3,210.1,229.5,29.0,81.7,9.5,1.44,353.0,15.1,High
FLD-005113,2022-11-06,2022,11,Sunday,1,1,0,Old Zañiga,Buhangin Creek,6.2,158.2,0.565,0.765,36915,20,32.4,41.9,168.0,28.3,88.8,13.9,1.14,168.0,4.6,Medium
FLD-005114,2023-03-19,2023,3,Sunday,1,0,0,Highway Hills,Maytunas Creek,31.0,903.3,0.735,0.778,45835,8,0.8,66.6,126.6,32.2,68.3,12.9,1.13,45.8,4.8,Low
FLD-005115,2022-04-11,2022,4,Monday,0,0,0,Burol,Drainage,20.2,673.5,0.616,0.728,18655,13,1.0,55.1,125.5,32.2,78.0,21.3,0.67,4.0,3.7,Low
FLD-005116,2026-02-24,2026,2,Tuesday,0,0,0,Highway Hills,Maytunas Creek,29.9,881.6,0.683,0.809,46213,9,23.9,78.7,111.2,30.7,62.3,15.7,0.73,0,3.9,Medium
FLD-005117,2022-11-07,2022,11,Monday,0,1,1,Barangka Ilaya,Pasig River,9.0,128.3,0.507,0.83,35256,16,119.2,123.7,175.2,26.6,74.9,23.3,1.26,287.3,8.1,High
FLD-005118,2022-11-22,2022,11,Tuesday,0,1,0,Barangka Ilaya,Pasig River,9.2,143.1,0.496,0.829,36531,18,17.2,54.2,91.6,28.5,75.5,21.4,0.78,116.1,6.8,Low
FLD-005119,2022-04-10,2022,4,Sunday,1,0,0,Poblacion,Buhangin Creek,7.5,157.5,0.448,0.807,43680,17,5.0,57.0,108.9,32.9,64.1,9.8,0.82,101.6,7.3,High
FLD-005120,2021-02-23,2021,2,Tuesday,0,0,0,Buayang Bato,Buayang Bato Creek,13.9,300.9,0.605,0.791,38300,16,46.7,177.3,246.5,29.5,77.0,5.6,0.99,119.5,7.6,Medium
FLD-005121,2022-10-02,2022,10,Sunday,1,1,0,Highway Hills,Maytunas Creek,30.6,906.7,0.756,0.756,48020,10,27.9,84.9,318.4,29.8,71.4,11.4,1.32,49.9,3.0,Medium
FLD-005122,2024-01-13,2024,1,Saturday,1,0,0,Burol,Drainage,21.4,683.3,0.6,0.662,21532,15,26.1,189.7,215.3,30.4,66.7,6.3,1.4,109.4,11.8,High
FLD-005123,2025-12-25,2025,12,Thursday,0,0,1,Pleasant Hills,Ermitaño Creek,24.1,1020.6,0.662,0.632,23773,9,32.0,117.4,198.0,28.9,77.4,16.0,0.69,7.0,4.1,Low
FLD-005124,2021-12-12,2021,12,Sunday,1,0,0,Poblacion,Buhangin Creek,5.6,124.4,0.374,0.832,43927,19,38.0,117.5,144.5,31.4,65.4,16.9,0.73,158.6,8.9,High
FLD-005125,2021-05-30,2021,5,Sunday,1,1,0,Harapin ang Bukas,Drainage,19.0,545.7,0.632,0.725,22331,15,17.3,92.7,261.7,31.4,74.1,9.3,1.32,77.7,5.6,Medium
FLD-005126,2022-01-07,2022,1,Friday,0,0,0,Bagong Silang,Drainage,17.6,615.4,0.592,0.731,24929,16,0.2,52.2,237.4,29.8,58.3,20.2,0.81,13.2,3.7,Low
FLD-005127,2022-01-16,2022,1,Sunday,1,0,1,Malamig,Tributary,19.3,608.6,0.658,0.717,29715,12,11.9,58.9,145.3,30.9,72.5,24.1,0.78,146.7,8.2,Low
FLD-005128,2024-04-29,2024,4,Monday,0,0,0,Old Zañiga,Buhangin Creek,7.2,129.1,0.439,0.765,38547,20,22.9,174.2,261.0,32.1,65.1,2.5,1.38,142.3,10.6,High
FLD-005129,2021-08-07,2021,8,Saturday,1,1,0,Vergara,Drainage,23.3,812.8,0.739,0.669,26611,8,19.9,33.4,190.5,27.9,81.9,8.6,1.66,4.1,1.1,Low
FLD-005130,2023-08-18,2023,8,Friday,0,1,0,Mauway,Maytunas Creek,22.8,867.3,0.663,0.669,35300,9,1.4,97.4,317.3,30.0,70.8,9.0,1.0,11.4,8.6,Low
FLD-005131,2026-05-25,2026,5,Monday,0,1,0,Harapin ang Bukas,Drainage,16.9,578.2,0.596,0.757,24758,16,8.8,96.1,169.3,30.3,71.9,7.6,1.39,95.4,5.2,Medium
FLD-005132,2024-10-16,2024,10,Wednesday,0,1,0,Mabini-J. Rizal,Maytunas Creek,16.0,447.2,0.593,0.732,33601,15,39.2,205.8,385.0,29.6,82.4,6.1,1.41,152.2,12.1,High
FLD-005133,2025-08-15,2025,8,Friday,0,1,0,Hulo,Pasig River,5.2,120.5,0.427,0.86,39196,20,6.6,21.5,51.1,30.2,73.8,9.1,0.94,59.0,6.2,Low
FLD-005134,2021-11-25,2021,11,Thursday,0,1,0,Barangka Drive,Pasig River,8.8,198.0,0.496,0.766,35123,20,9.6,183.6,254.0,32.2,70.4,7.0,1.6,127.6,11.8,Medium
FLD-005135,2022-08-07,2022,8,Sunday,1,1,0,Hulo,Pasig River,5.0,81.9,0.425,0.795,43489,20,7.3,150.7,183.7,28.7,78.9,5.7,0.98,180.1,9.4,Medium
FLD-005136,2022-07-30,2022,7,Saturday,1,1,0,Plainview,Estero,18.1,486.4,0.622,0.75,28713,15,23.1,103.2,179.3,28.5,75.2,9.1,1.04,50.3,9.8,High
FLD-005137,2025-04-07,2025,4,Monday,0,0,0,Daang Bakal,Maytunas Creek,11.4,391.6,0.635,0.749,30996,16,54.6,82.4,96.7,31.5,70.6,15.0,1.0,130.8,6.3,High
FLD-005138,2022-10-08,2022,10,Saturday,1,1,2,Old Zañiga,Buhangin Creek,7.9,134.7,0.482,0.813,30761,19,133.0,246.0,302.6,25.3,90.8,24.1,0.97,354.9,14.0,High
FLD-005139,2024-01-21,2024,1,Sunday,1,0,0,Harapin ang Bukas,Drainage,16.2,539.3,0.614,0.765,24459,12,2.3,86.2,117.2,30.8,65.4,14.5,1.83,77.6,5.7,Medium
FLD-005140,2024-02-03,2024,2,Saturday,1,0,0,Plainview,Estero,17.9,521.2,0.608,0.704,30499,16,3.3,33.8,132.7,31.4,63.7,13.8,0.93,5.0,4.9,Low
FLD-005141,2023-05-20,2023,5,Saturday,1,1,1,Harapin ang Bukas,Drainage,17.2,595.6,0.605,0.723,23205,15,30.8,67.7,244.5,28.6,73.1,19.5,1.31,60.5,5.2,High
FLD-005142,2025-12-08,2025,12,Monday,0,0,1,Barangka Drive,Pasig River,8.7,234.0,0.556,0.839,34803,19,115.4,234.2,261.1,29.0,66.9,11.3,0.99,279.8,13.6,High
FLD-005143,2026-01-24,2026,1,Saturday,1,0,0,Malamig,Tributary,20.3,567.2,0.649,0.682,28780,14,12.1,72.0,173.5,31.0,65.5,7.8,1.14,85.1,5.7,Medium
FLD-005144,2024-12-13,2024,12,Friday,0,0,1,Barangka Ibaba,Pasig River,7.0,94.0,0.464,0.873,41010,17,26.8,91.2,122.1,30.5,73.9,19.5,1.22,200.1,9.3,High
FLD-005145,2021-11-12,2021,11,Friday,0,1,0,Barangka Ilaya,Pasig River,8.1,140.3,0.408,0.849,34263,19,48.6,79.6,276.8,28.4,74.0,7.5,0.9,178.3,9.8,High
FLD-005146,2022-11-09,2022,11,Wednesday,0,1,0,Hulo,Pasig River,5.8,141.5,0.417,0.82,40706,15,66.7,108.8,141.5,28.8,82.8,11.5,1.12,248.4,9.4,Medium
FLD-005147,2024-01-18,2024,1,Thursday,0,0,0,San Jose,Drainage,22.7,688.2,0.687,0.636,25438,12,31.2,52.7,138.1,30.4,69.3,7.9,0.86,15.9,1.3,Low
FLD-005148,2025-01-20,2025,1,Monday,0,0,0,Barangka Drive,Pasig River,8.8,202.4,0.491,0.799,32423,16,41.7,56.0,107.4,32.0,58.6,11.3,1.12,185.3,8.2,High
FLD-005149,2021-07-11,2021,7,Sunday,1,1,0,Hulo,Pasig River,6.3,107.6,0.345,0.842,44507,16,67.2,103.9,203.7,27.2,80.1,12.8,1.12,194.1,7.3,High
FLD-005150,2024-07-04,2024,7,Thursday,0,1,0,Harapin ang Bukas,Drainage,17.4,535.4,0.61,0.727,30039,13,51.2,70.7,441.1,24.7,80.2,25.8,1.31,165.6,6.5,High
FLD-005151,2024-08-10,2024,8,Saturday,1,1,0,Barangka Ibaba,Pasig River,5.8,57.5,0.491,0.895,37814,23,24.7,146.6,270.6,29.5,74.9,9.1,1.32,171.9,9.3,High
FLD-005152,2024-01-04,2024,1,Thursday,0,0,0,Pleasant Hills,Ermitaño Creek,25.0,971.9,0.727,0.68,25488,8,8.8,129.7,263.9,32.1,71.6,12.6,1.25,48.4,5.2,Medium
FLD-005153,2023-06-13,2023,6,Tuesday,0,1,1,Harapin ang Bukas,Drainage,16.4,597.8,0.595,0.729,23606,13,190.8,289.9,511.6,24.7,91.3,11.9,1.7,408.4,16.1,High
FLD-005154,2025-07-16,2025,7,Wednesday,0,1,0,Barangka Ilaya,Pasig River,7.9,108.9,0.385,0.885,40481,22,20.6,56.9,255.7,30.6,74.4,5.0,2.01,202.2,8.1,High
FLD-005155,2024-03-15,2024,3,Friday,0,0,1,Vergara,Drainage,23.6,772.0,0.634,0.615,24629,19,67.9,124.2,229.3,28.1,65.8,25.4,0.84,157.2,8.6,Medium
FLD-005156,2026-02-23,2026,2,Monday,0,0,2,Barangka Ibaba,Pasig River,7.6,100.7,0.479,0.917,42516,22,163.6,207.3,316.7,30.1,84.3,34.5,0.76,365.3,14.5,High
FLD-005157,2021-09-25,2021,9,Saturday,1,1,0,Burol,Drainage,21.8,664.4,0.622,0.673,24870,8,28.9,65.3,188.6,27.9,77.6,2.3,1.38,120.1,7.0,Low
FLD-005158,2025-12-31,2025,12,Wednesday,0,0,0,Barangka Itaas,Pasig River,10.0,260.4,0.542,0.821,38162,17,66.4,158.8,175.5,31.7,82.9,8.5,1.07,135.5,9.6,High
FLD-005159,2022-11-21,2022,11,Monday,0,1,0,Old Zañiga,Buhangin Creek,7.3,165.5,0.476,0.804,33550,18,55.6,69.8,130.1,31.0,79.2,8.5,0.97,170.9,6.6,High
FLD-005160,2023-02-08,2023,2,Wednesday,0,0,1,Mabini-J. Rizal,Maytunas Creek,14.3,468.5,0.572,0.722,30583,10,30.1,70.4,125.1,31.3,67.0,25.3,0.72,124.4,7.1,Medium
FLD-005161,2025-07-24,2025,7,Thursday,0,1,2,Barangka Ilaya,Pasig River,8.1,147.0,0.521,0.856,39361,13,201.5,281.6,475.7,26.4,95.4,19.6,1.49,406.2,17.6,High
FLD-005162,2026-01-14,2026,1,Wednesday,0,0,0,Hulo,Pasig River,6.3,106.8,0.454,0.887,36790,21,6.7,65.2,101.3,31.8,66.4,15.0,1.31,104.7,4.9,Low
FLD-005163,2023-09-01,2023,9,Friday,0,1,0,Buayang Bato,Buayang Bato Creek,13.1,350.9,0.518,0.76,35086,16,56.4,102.3,199.4,27.8,70.0,5.2,1.28,115.7,8.9,Medium
FLD-005164,2022-02-07,2022,2,Monday,0,0,0,Mabini-J. Rizal,Maytunas Creek,15.0,458.3,0.616,0.723,26094,16,5.3,86.6,132.7,32.0,69.9,0.1,1.19,116.5,5.4,Low
FLD-005165,2022-11-29,2022,11,Tuesday,0,1,1,San Jose,Drainage,21.7,688.7,0.717,0.695,28058,18,33.8,151.2,257.3,28.3,72.2,11.0,0.98,59.7,10.2,Medium
FLD-005166,2026-03-17,2026,3,Tuesday,0,0,0,New Zañiga,Buhangin Creek,6.9,134.3,0.531,0.778,37037,14,7.6,47.1,123.1,32.0,59.1,20.9,0.34,2.0,4.5,Low
FLD-005167,2021-07-29,2021,7,Thursday,0,1,0,Mauway,Maytunas Creek,22.8,852.2,0.662,0.771,35698,8,8.9,65.6,101.9,31.1,76.2,10.8,1.22,0.4,4.3,Low
FLD-005168,2023-05-19,2023,5,Friday,0,1,0,Barangka Ibaba,Pasig River,7.2,43.0,0.382,0.939,40775,20,0.4,77.6,169.1,28.1,76.7,16.6,0.87,166.5,8.2,Medium
FLD-005169,2021-05-11,2021,5,Tuesday,0,1,0,Plainview,Estero,18.4,472.6,0.616,0.728,30661,13,4.3,66.8,316.6,30.9,74.4,3.4,1.1,0.0,8.0,Low
FLD-005170,2023-11-24,2023,11,Friday,0,1,0,Buayang Bato,Buayang Bato Creek,14.7,297.2,0.563,0.792,37295,20,48.0,118.1,192.8,29.5,72.7,2.5,1.23,159.4,7.4,Medium
FLD-005171,2024-01-15,2024,1,Monday,0,0,0,Mauway,Maytunas Creek,22.4,860.3,0.692,0.72,37744,11,147.3,174.4,267.3,26.7,75.8,3.8,0.93,266.7,7.0,High
FLD-005172,2021-12-20,2021,12,Monday,0,0,0,New Zañiga,Buhangin Creek,7.4,146.1,0.506,0.802,36031,17,11.1,65.1,128.1,31.5,72.7,3.8,0.69,57.4,8.1,Medium
FLD-005173,2026-03-16,2026,3,Monday,0,0,1,Harapin ang Bukas,Drainage,17.9,547.0,0.639,0.778,22694,13,57.9,136.5,185.8,31.2,76.1,11.8,1.37,140.2,8.0,Medium
FLD-005174,2022-05-17,2022,5,Tuesday,0,1,0,Barangka Itaas,Pasig River,8.5,283.8,0.524,0.839,37435,17,0.9,49.4,196.5,31.2,77.3,3.0,1.27,59.8,5.8,Medium
FLD-005175,2023-09-20,2023,9,Wednesday,0,1,2,Harapin ang Bukas,Drainage,17.4,604.4,0.645,0.76,25066,17,157.1,331.0,461.1,26.2,97.1,27.8,1.46,378.6,17.3,High
FLD-005176,2024-12-23,2024,12,Monday,0,0,3,Barangka Itaas,Pasig River,10.4,210.8,0.589,0.828,36329,14,132.9,197.5,229.2,29.9,82.1,38.3,0.61,362.4,16.6,High
FLD-005177,2022-03-04,2022,3,Friday,0,0,0,Daang Bakal,Maytunas Creek,11.7,278.4,0.605,0.788,31209,18,4.9,26.4,101.3,31.6,59.5,11.3,0.89,74.6,3.3,Medium
FLD-005178,2023-04-23,2023,4,Sunday,1,0,0,Old Zañiga,Buhangin Creek,8.1,131.5,0.484,0.839,34218,20,1.8,103.6,214.0,31.5,64.0,16.7,1.34,113.2,7.9,Medium
FLD-005179,2021-12-29,2021,12,Wednesday,0,0,0,Hagdan Bato Itaas,Drainage,23.0,742.7,0.708,0.686,33269,13,25.9,49.0,78.2,32.3,78.6,4.9,0.95,103.6,4.2,Medium
FLD-005180,2023-04-12,2023,4,Wednesday,0,0,0,Barangka Ibaba,Pasig River,7.4,87.0,0.432,0.882,41253,18,5.4,13.2,107.5,33.1,71.6,15.6,1.0,87.5,6.1,Medium
FLD-005181,2024-09-28,2024,9,Saturday,1,1,0,Old Zañiga,Buhangin Creek,8.2,197.9,0.45,0.796,34949,22,9.7,77.7,187.9,33.0,85.3,9.3,1.55,50.3,10.2,High
FLD-005182,2025-01-10,2025,1,Friday,0,0,0,Poblacion,Buhangin Creek,6.8,88.6,0.484,0.812,39528,18,112.8,120.9,137.0,28.5,72.9,3.3,1.09,202.3,6.1,High
FLD-005183,2021-06-17,2021,6,Thursday,0,1,0,Namayan,Pasig River,7.6,140.7,0.531,0.854,30776,18,2.1,80.8,461.5,30.2,65.9,8.0,1.09,165.8,7.5,Medium
FLD-005184,2025-12-25,2025,12,Thursday,0,0,0,Mauway,Maytunas Creek,23.2,836.1,0.686,0.712,33981,7,8.7,169.1,233.0,32.4,66.8,0.1,1.16,1.6,6.7,Medium
FLD-005185,2022-01-02,2022,1,Sunday,1,0,1,Malamig,Tributary,20.0,658.4,0.651,0.671,27655,12,6.3,55.3,211.1,31.8,57.0,27.5,0.67,13.1,6.3,Low
FLD-005186,2024-07-03,2024,7,Wednesday,0,1,0,Namayan,Pasig River,7.9,150.0,0.531,0.765,34027,19,2.0,18.8,97.2,30.7,68.3,4.9,0.7,79.9,1.2,Medium
FLD-005187,2022-05-29,2022,5,Sunday,1,1,0,Highway Hills,Maytunas Creek,29.9,887.6,0.747,0.777,45111,8,2.3,211.1,304.6,26.5,72.4,8.9,1.8,31.8,5.5,Medium
FLD-005188,2026-02-22,2026,2,Sunday,1,0,2,Hagdan Bato Libis,Drainage,16.6,493.3,0.536,0.753,29599,15,79.9,246.2,299.3,29.0,71.4,18.8,1.24,311.6,16.5,High
FLD-005189,2024-03-14,2024,3,Thursday,0,0,0,Hulo,Pasig River,6.1,111.1,0.474,0.847,41850,20,8.3,17.8,42.5,32.6,59.6,23.0,0.67,78.7,7.3,Medium
FLD-005190,2022-09-30,2022,9,Friday,0,1,0,Pag-Asa,Drainage,21.2,646.2,0.641,0.702,21691,12,26.0,76.8,402.1,28.7,76.9,14.5,1.27,91.2,8.2,Medium
FLD-005191,2025-11-22,2025,11,Saturday,1,1,1,Old Zañiga,Buhangin Creek,5.9,138.6,0.546,0.868,36263,21,58.7,267.0,404.1,30.8,85.7,12.9,1.32,201.4,13.3,High
FLD-005192,2023-10-26,2023,10,Thursday,0,1,2,Buayang Bato,Buayang Bato Creek,13.2,297.3,0.558,0.77,33240,14,65.4,97.9,153.2,31.5,81.6,20.8,1.14,266.8,11.5,High
FLD-005193,2023-04-04,2023,4,Tuesday,0,0,0,Highway Hills,Maytunas Creek,29.2,886.6,0.74,0.783,45715,2,65.2,88.2,171.6,28.2,74.0,27.2,0.78,44.3,4.7,Medium
FLD-005194,2021-10-15,2021,10,Friday,0,1,0,Pleasant Hills,Ermitaño Creek,24.6,1004.5,0.711,0.693,23697,10,18.5,69.2,185.7,28.4,81.4,6.5,0.5,0.9,4.4,Low
FLD-005195,2022-03-11,2022,3,Friday,0,0,0,Poblacion,Buhangin Creek,5.8,82.9,0.469,0.817,41256,19,25.2,35.0,133.1,31.9,70.8,12.1,1.51,76.5,4.8,Medium
FLD-005196,2022-04-24,2022,4,Sunday,1,0,0,Barangka Ibaba,Pasig River,6.8,135.0,0.463,0.872,42661,24,16.0,89.6,161.0,30.9,58.9,10.3,0.81,95.5,9.6,High
FLD-005197,2021-09-02,2021,9,Thursday,0,1,3,Old Zañiga,Buhangin Creek,7.8,158.7,0.513,0.842,36911,16,175.4,208.3,311.5,23.8,100,25.0,0.82,442.4,17.7,High
FLD-005198,2021-12-19,2021,12,Sunday,1,0,0,Burol,Drainage,19.9,682.8,0.628,0.641,26230,11,6.2,127.4,224.4,29.7,70.5,21.4,0.9,24.4,6.8,Medium
FLD-005199,2023-04-28,2023,4,Friday,0,0,0,Plainview,Estero,17.7,522.3,0.637,0.687,25905,15,24.4,58.8,89.7,30.8,58.8,4.7,0.68,97.1,6.8,Low
FLD-005200,2022-02-12,2022,2,Saturday,1,0,0,Barangka Ibaba,Pasig River,7.5,114.8,0.469,0.866,40980,22,16.1,50.9,143.9,30.2,64.8,4.7,1.18,174.6,7.3,Medium
FLD-005201,2024-07-16,2024,7,Tuesday,0,1,0,Barangka Ibaba,Pasig River,7.0,92.1,0.428,0.857,37795,21,12.1,173.5,264.8,29.2,75.7,9.8,0.69,9.9,10.6,Low
FLD-005202,2021-07-12,2021,7,Monday,0,1,0,Namayan,Pasig River,8.2,164.7,0.506,0.832,34327,22,4.3,33.1,151.3,29.7,80.7,13.3,0.75,121.4,2.3,Medium
FLD-005203,2024-01-14,2024,1,Sunday,1,0,1,Burol,Drainage,20.7,695.0,0.608,0.639,21553,10,46.0,75.9,127.9,31.8,68.3,25.8,0.82,155.3,4.7,Medium
FLD-005204,2025-11-24,2025,11,Monday,0,1,2,Plainview,Estero,18.3,556.9,0.553,0.734,28791,15,27.4,79.1,209.1,29.1,68.7,31.4,1.19,142.6,10.9,Medium
FLD-005205,2024-05-10,2024,5,Friday,0,1,0,Poblacion,Buhangin Creek,6.6,94.9,0.444,0.876,40052,22,17.0,63.6,331.0,28.6,81.7,11.3,1.26,123.4,10.0,Medium
FLD-005206,2021-01-03,2021,1,Sunday,1,0,0,Addition Hills,Maytunas Creek,25.3,1005.4,0.712,0.699,44074,13,33.9,72.9,195.2,32.5,61.9,1.9,1.37,68.5,3.8,Low
FLD-005207,2024-06-06,2024,6,Thursday,0,1,1,Daang Bakal,Maytunas Creek,12.3,335.8,0.671,0.75,31765,14,46.0,108.4,265.4,29.9,81.1,12.8,1.83,172.8,5.6,Medium
FLD-005208,2022-10-25,2022,10,Tuesday,0,1,0,Pag-Asa,Drainage,20.6,670.9,0.625,0.67,21311,13,16.4,175.1,241.1,29.5,67.3,18.6,1.48,122.6,9.2,Medium
FLD-005209,2025-01-27,2025,1,Monday,0,0,0,Hagdan Bato Itaas,Drainage,22.0,732.4,0.759,0.701,30285,13,4.9,38.2,73.5,28.7,66.8,13.0,1.32,165.5,4.8,Low
FLD-005210,2023-07-22,2023,7,Saturday,1,1,1,Malamig,Tributary,18.0,619.8,0.703,0.684,26844,10,17.6,28.6,99.4,27.8,77.7,21.4,1.53,82.7,5.0,Low
FLD-005211,2025-04-26,2025,4,Saturday,1,0,0,Barangka Itaas,Pasig River,10.0,248.1,0.526,0.792,30633,19,25.4,48.9,85.6,31.7,66.3,10.3,1.4,103.9,6.3,Medium
FLD-005212,2021-03-01,2021,3,Monday,0,0,0,Vergara,Drainage,23.4,769.1,0.698,0.653,24788,9,3.9,17.0,71.3,30.5,50.5,17.4,1.16,0.0,1.0,Low
FLD-005213,2022-11-23,2022,11,Wednesday,0,1,1,Buayang Bato,Buayang Bato Creek,13.6,304.0,0.59,0.762,33545,19,25.7,82.5,130.9,31.0,69.9,12.5,1.33,141.9,7.5,Medium
FLD-005214,2025-09-19,2025,9,Friday,0,1,0,Daang Bakal,Maytunas Creek,12.4,349.8,0.574,0.776,29753,15,2.6,25.5,226.2,29.8,69.9,6.8,1.22,138.9,2.7,Medium
FLD-005215,2021-07-18,2021,7,Sunday,1,1,0,Highway Hills,Maytunas Creek,29.0,884.4,0.732,0.762,45768,5,86.6,196.5,341.6,28.7,84.2,5.8,0.78,71.8,7.5,Medium
FLD-005216,2022-08-23,2022,8,Tuesday,0,1,1,Namayan,Pasig River,8.6,92.1,0.519,0.808,31802,20,71.5,113.1,315.8,26.7,75.7,21.2,1.44,219.5,11.1,High
FLD-005217,2026-03-19,2026,3,Thursday,0,0,0,Burol,Drainage,21.4,671.8,0.699,0.679,22026,16,72.6,76.3,117.6,30.1,76.7,8.8,1.43,219.7,7.1,Medium
FLD-005218,2024-05-09,2024,5,Thursday,0,1,0,Malamig,Tributary,19.6,607.4,0.628,0.716,28435,16,30.6,83.9,217.5,30.3,78.7,10.1,1.48,73.4,5.3,Medium
FLD-005219,2021-10-02,2021,10,Saturday,1,1,0,Malamig,Tributary,19.1,606.9,0.646,0.705,28706,10,31.1,124.1,230.4,30.8,77.8,39.2,1.11,111.8,8.1,Medium
FLD-005220,2023-08-09,2023,8,Wednesday,0,1,0,Old Zañiga,Buhangin Creek,7.5,142.7,0.508,0.838,34016,25,5.0,113.4,310.4,27.6,88.8,11.9,0.51,6.8,7.2,Low
FLD-005221,2023-11-10,2023,11,Friday,0,1,0,Barangka Itaas,Pasig River,10.2,245.5,0.552,0.841,35935,17,25.1,157.5,362.2,29.0,71.8,11.8,1.52,106.4,8.2,High
FLD-005222,2025-07-06,2025,7,Sunday,1,1,1,Barangka Itaas,Pasig River,10.0,223.0,0.479,0.838,32299,16,38.1,277.3,349.0,28.7,72.4,21.5,1.29,170.1,12.5,High
FLD-005223,2021-10-09,2021,10,Saturday,1,1,0,Daang Bakal,Maytunas Creek,11.3,373.6,0.567,0.709,34627,16,0.9,40.2,77.8,29.8,73.3,22.1,1.02,115.5,4.4,Medium
FLD-005224,2025-05-14,2025,5,Wednesday,0,1,0,Pag-Asa,Drainage,19.9,694.6,0.61,0.733,26715,13,76.8,93.8,126.0,27.9,74.0,11.2,1.45,190.6,6.1,Medium
FLD-005225,2022-08-15,2022,8,Monday,0,1,0,Pleasant Hills,Ermitaño Creek,24.5,1022.7,0.702,0.685,27599,11,37.6,59.7,238.7,29.5,80.6,16.0,1.47,141.6,5.8,Medium
FLD-005226,2024-12-09,2024,12,Monday,0,0,0,Hagdan Bato Itaas,Drainage,22.5,717.0,0.674,0.677,27128,14,73.6,123.7,194.9,27.4,73.6,9.0,0.75,121.6,7.7,Medium
FLD-005227,2021-10-27,2021,10,Wednesday,0,1,1,Pag-Asa,Drainage,20.6,615.8,0.709,0.718,21157,11,125.6,163.6,207.0,28.1,84.3,19.5,0.82,248.3,9.6,High
FLD-005228,2025-09-29,2025,9,Monday,0,1,0,Hagdan Bato Libis,Drainage,15.6,481.5,0.604,0.77,33658,10,10.4,265.1,320.3,32.2,80.4,5.1,1.01,110.5,13.0,Medium
FLD-005229,2023-07-27,2023,7,Thursday,0,1,0,Namayan,Pasig River,7.8,112.4,0.534,0.811,32633,19,1.6,31.4,326.0,29.6,81.8,7.1,0.78,119.9,7.2,Medium
FLD-005230,2022-08-06,2022,8,Saturday,1,1,1,Hagdan Bato Libis,Drainage,17.1,532.2,0.595,0.77,27230,16,20.4,99.6,224.6,31.4,73.6,13.0,0.99,90.0,2.3,High
FLD-005231,2025-05-27,2025,5,Tuesday,0,1,0,Daang Bakal,Maytunas Creek,11.7,348.3,0.538,0.757,30579,17,113.9,278.8,376.0,26.4,80.7,5.8,0.57,246.6,17.9,High
FLD-005232,2026-04-21,2026,4,Tuesday,0,0,1,Wack-Wack Greenhills East,Drainage,28.6,1146.4,0.765,0.689,17677,3,19.0,77.8,148.6,30.4,71.8,16.5,0.89,135.5,7.0,Medium
FLD-005233,2021-10-24,2021,10,Sunday,1,1,2,Barangka Ilaya,Pasig River,8.9,118.4,0.544,0.786,39267,19,109.7,114.2,157.6,29.2,79.8,29.1,1.21,303.9,11.6,High
FLD-005234,2024-08-15,2024,8,Thursday,0,1,0,Namayan,Pasig River,7.6,171.2,0.527,0.788,32159,21,1.1,72.3,216.1,29.0,75.2,1.5,0.81,107.2,6.3,High
FLD-005235,2024-01-18,2024,1,Thursday,0,0,0,Pag-Asa,Drainage,20.8,620.9,0.637,0.694,25062,15,7.6,117.2,136.1,32.8,57.8,22.3,1.29,1.0,5.7,Low
FLD-005236,2022-09-13,2022,9,Tuesday,0,1,0,Wack-Wack Greenhills East,Drainage,26.9,1221.3,0.791,0.639,17730,7,10.7,156.2,191.3,29.0,77.5,19.9,1.18,47.6,8.6,Medium
FLD-005237,2023-09-12,2023,9,Tuesday,0,1,0,Addition Hills,Maytunas Creek,25.9,1006.9,0.663,0.723,45633,10,36.7,91.9,208.0,26.9,78.4,5.6,1.11,78.5,4.4,Medium
FLD-005238,2023-09-25,2023,9,Monday,0,1,2,Barangka Drive,Pasig River,9.0,191.7,0.458,0.8,33719,13,117.5,139.0,347.5,28.7,81.1,24.8,1.12,273.4,13.7,High
FLD-005239,2022-12-05,2022,12,Monday,0,0,0,Burol,Drainage,20.8,705.3,0.675,0.62,18947,14,49.5,96.7,307.7,29.9,75.6,0,0.63,94.2,10.3,Medium
FLD-005240,2022-05-01,2022,5,Sunday,1,1,1,Plainview,Estero,18.0,473.0,0.611,0.697,32022,17,127.6,137.1,417.9,29.6,74.2,12.0,1.27,257.4,9.4,High
FLD-005241,2024-11-27,2024,11,Wednesday,0,1,0,Burol,Drainage,21.7,678.8,0.687,0.684,19238,14,10.9,24.5,503.8,29.7,72.6,4.3,1.27,39.1,5.3,Medium
FLD-005242,2023-12-04,2023,12,Monday,0,0,0,Hagdan Bato Libis,Drainage,16.7,475.6,0.629,0.692,30758,20,3.5,47.5,96.0,29.7,67.0,6.1,0.87,120.6,4.7,High
FLD-005243,2023-02-20,2023,2,Monday,0,0,0,Wack-Wack Greenhills East,Drainage,26.9,1215.0,0.834,0.603,18496,10,3.2,64.4,218.6,30.6,65.8,9.3,1.1,1.7,5.6,Low
FLD-005244,2021-03-18,2021,3,Thursday,0,0,0,Malamig,Tributary,19.9,610.6,0.629,0.704,30840,18,7.6,27.4,72.6,31.1,69.5,4.2,0.91,4.0,0.8,Low
FLD-005245,2024-02-22,2024,2,Thursday,0,0,0,Daang Bakal,Maytunas Creek,11.1,327.0,0.56,0.783,32290,17,2.0,85.1,224.4,30.7,69.1,10.1,0.87,27.2,3.5,High
FLD-005246,2022-05-24,2022,5,Tuesday,0,1,1,Pleasant Hills,Ermitaño Creek,25.0,993.3,0.671,0.676,26413,6,37.0,183.2,268.6,26.4,73.5,25.1,0.97,1.6,5.8,Low
FLD-005247,2021-08-20,2021,8,Friday,0,1,1,Namayan,Pasig River,8.4,118.2,0.53,0.853,32890,16,10.1,215.4,355.7,28.8,75.3,23.9,1.17,72.1,12.2,Medium
FLD-005248,2025-07-02,2025,7,Wednesday,0,1,0,Hagdan Bato Libis,Drainage,17.5,502.4,0.666,0.762,27940,12,2.4,141.4,332.5,29.7,74.6,4.8,1.33,6.0,7.0,Low
FLD-005249,2021-01-16,2021,1,Saturday,1,0,0,Buayang Bato,Buayang Bato Creek,14.2,310.7,0.572,0.707,33639,20,5.2,13.8,36.7,30.4,70.7,10.9,0.53,6.5,3.7,Low
FLD-005250,2022-05-17,2022,5,Tuesday,0,1,1,Malamig,Tributary,20.8,598.1,0.6,0.727,28790,15,20.3,49.1,139.6,30.4,77.0,12.5,1.43,235.2,6.8,Medium
FLD-005251,2021-02-11,2021,2,Thursday,0,0,0,Hagdan Bato Itaas,Drainage,22.9,758.1,0.732,0.657,30446,14,2.2,30.9,169.7,32.5,57.3,2.9,0.63,73.9,3.3,Low
FLD-005252,2024-12-06,2024,12,Friday,0,0,0,San Jose,Drainage,23.8,690.4,0.636,0.714,32160,15,9.0,65.4,137.0,30.1,68.3,10.7,0.57,0.7,3.3,Low
FLD-005253,2021-03-21,2021,3,Sunday,1,0,0,Daang Bakal,Maytunas Creek,12.2,349.8,0.516,0.775,31871,15,0.2,28.8,58.8,28.8,79.6,6.2,1.28,4.4,4.1,Low
FLD-005254,2024-09-07,2024,9,Saturday,1,1,1,Mabini-J. Rizal,Maytunas Creek,15.1,446.3,0.601,0.722,30188,21,26.7,84.5,173.1,29.0,83.3,37.2,1.14,1.5,6.0,Low
FLD-005255,2025-07-07,2025,7,Monday,0,1,0,Namayan,Pasig River,7.9,102.2,0.435,0.826,34551,20,2.8,37.6,77.9,29.9,75.6,0.9,0.84,114.9,5.1,Low
FLD-005256,2025-12-27,2025,12,Saturday,1,0,0,Pag-Asa,Drainage,19.9,671.9,0.694,0.651,25964,14,25.9,90.0,252.3,28.8,63.3,13.3,1.17,61.5,6.6,Low
FLD-005257,2024-12-30,2024,12,Monday,0,0,0,Harapin ang Bukas,Drainage,16.3,566.5,0.625,0.758,19485,16,15.8,57.8,178.3,30.3,58.4,5.4,0.91,99.1,4.4,Medium
FLD-005258,2022-12-01,2022,12,Thursday,0,0,1,Mabini-J. Rizal,Maytunas Creek,14.9,447.1,0.588,0.757,29943,18,30.8,70.4,156.3,32.6,66.8,29.4,1.2,162.3,6.6,Medium
FLD-005259,2021-08-02,2021,8,Monday,0,1,0,Malamig,Tributary,20.7,592.7,0.611,0.677,29059,16,49.9,65.1,131.7,27.0,85.7,6.3,0.93,89.6,4.0,Low
FLD-005260,2024-10-17,2024,10,Thursday,0,1,0,Barangka Ilaya,Pasig River,8.1,152.7,0.467,0.812,35762,17,40.7,66.0,199.7,29.7,82.7,1.8,0.98,118.3,6.4,Medium
FLD-005261,2025-02-26,2025,2,Wednesday,0,0,0,Malamig,Tributary,19.3,609.2,0.681,0.71,29811,14,6.1,38.5,219.1,32.2,73.3,6.8,0.71,35.8,6.4,Low
FLD-005262,2024-04-30,2024,4,Tuesday,0,0,0,Barangka Itaas,Pasig River,10.9,246.9,0.544,0.85,35959,23,39.8,87.1,160.7,32.1,63.7,15.1,1.26,148.6,5.8,High
FLD-005263,2025-07-17,2025,7,Thursday,0,1,0,Hagdan Bato Itaas,Drainage,21.2,740.4,0.703,0.701,29067,10,59.7,119.1,340.2,29.0,83.0,14.1,1.26,111.5,10.3,Medium
FLD-005264,2023-04-08,2023,4,Saturday,1,0,0,Burol,Drainage,21.6,702.8,0.637,0.673,18628,14,4.5,20.7,55.5,30.4,67.6,13.5,1.13,14.6,3.4,Low
FLD-005265,2026-02-05,2026,2,Thursday,0,0,1,Plainview,Estero,18.1,501.9,0.607,0.702,29617,19,23.9,33.7,60.1,29.9,69.8,12.6,0.94,17.5,4.9,Low
FLD-005266,2022-04-30,2022,4,Saturday,1,0,0,Buayang Bato,Buayang Bato Creek,14.0,296.9,0.569,0.774,34641,18,5.8,47.7,179.1,32.1,81.4,34.4,1.28,42.2,5.2,Low
FLD-005267,2022-02-21,2022,2,Monday,0,0,1,Wack-Wack Greenhills East,Drainage,27.5,1232.9,0.884,0.647,18090,6,20.3,81.2,205.1,30.8,73.7,21.8,1.63,0.2,1.5,Low
FLD-005268,2024-11-28,2024,11,Thursday,0,1,1,Burol,Drainage,21.2,694.2,0.635,0.631,24380,17,40.7,86.8,109.3,28.4,79.2,15.7,1.14,94.6,9.5,High
FLD-005269,2026-03-24,2026,3,Tuesday,0,0,0,Barangka Itaas,Pasig River,8.8,295.2,0.527,0.863,36107,14,22.0,60.6,111.4,34.9,67.0,6.8,0.69,2.0,7.3,Low
FLD-005270,2026-05-07,2026,5,Thursday,0,1,0,Malamig,Tributary,18.5,580.2,0.642,0.657,30972,8,121.7,158.4,226.4,28.6,83.6,6.7,1.14,168.0,10.9,High
FLD-005271,2023-02-25,2023,2,Saturday,1,0,0,Barangka Ilaya,Pasig River,7.8,164.5,0.436,0.789,34764,22,13.3,30.8,161.0,34.0,65.9,6.3,0.55,5.9,4.4,Low
FLD-005272,2026-03-15,2026,3,Sunday,1,0,0,Daang Bakal,Maytunas Creek,13.2,389.9,0.522,0.755,34368,19,14.4,29.4,57.7,32.2,60.7,12.7,1.1,180.1,3.4,Medium
FLD-005273,2022-11-17,2022,11,Thursday,0,1,0,Hulo,Pasig River,4.6,75.5,0.464,0.911,37516,24,57.0,115.2,186.7,28.3,86.5,2.9,0.97,163.0,7.1,High
FLD-005274,2022-02-16,2022,2,Wednesday,0,0,0,Burol,Drainage,21.3,710.8,0.664,0.652,26767,4,0.2,54.1,262.6,29.4,59.5,17.0,0.89,8.0,5.9,Low
FLD-005275,2021-03-15,2021,3,Monday,0,0,0,Hulo,Pasig River,5.5,130.0,0.414,0.859,41062,22,59.2,94.8,109.7,29.4,60.8,10.6,0.72,158.2,8.5,High
FLD-005276,2021-06-01,2021,6,Tuesday,0,1,0,Harapin ang Bukas,Drainage,17.8,532.8,0.595,0.797,20424,15,4.6,60.8,220.0,27.4,89.0,22.6,1.72,16.0,4.6,Low
FLD-005277,2021-04-30,2021,4,Friday,0,0,1,Barangka Itaas,Pasig River,10.8,259.1,0.501,0.837,34988,22,86.6,172.4,220.8,27.3,81.0,17.7,1.01,229.3,12.0,High
FLD-005278,2021-07-13,2021,7,Tuesday,0,1,0,Wack-Wack Greenhills East,Drainage,27.1,1131.9,0.848,0.692,16343,6,10.2,22.5,104.8,28.2,71.1,9.3,0.38,0.0,5.7,Low
FLD-005279,2023-11-15,2023,11,Wednesday,0,1,2,Highway Hills,Maytunas Creek,30.0,886.5,0.743,0.726,43517,11,124.3,160.8,280.5,25.5,90.2,20.9,1.33,274.4,12.2,High
FLD-005280,2023-01-28,2023,1,Saturday,1,0,0,Hagdan Bato Itaas,Drainage,22.4,780.9,0.73,0.699,23793,10,30.3,92.0,222.4,33.0,71.0,11.9,0.51,120.3,3.0,Medium
FLD-005281,2023-01-30,2023,1,Monday,0,0,2,Barangka Itaas,Pasig River,8.5,236.3,0.531,0.881,31759,15,207.7,229.1,241.6,25.2,86.7,20.1,1.01,420.3,16.7,High
FLD-005282,2023-06-04,2023,6,Sunday,1,1,0,Wack-Wack Greenhills East,Drainage,28.0,1236.1,0.83,0.672,16661,4,57.9,64.9,188.5,29.3,78.4,13.7,1.4,107.3,3.1,Low
FLD-005283,2024-09-19,2024,9,Thursday,0,1,2,Addition Hills,Maytunas Creek,26.3,1010.0,0.722,0.725,46701,10,62.8,135.5,162.8,29.0,82.0,22.3,1.07,154.4,6.5,Medium
FLD-005284,2024-10-28,2024,10,Monday,0,1,0,Barangka Itaas,Pasig River,9.1,258.4,0.545,0.873,35969,18,48.0,58.9,237.6,28.6,72.0,13.5,1.38,171.4,1.7,Medium
FLD-005285,2022-07-03,2022,7,Sunday,1,1,0,Malamig,Tributary,20.0,590.6,0.634,0.689,29171,20,9.1,105.3,177.3,31.5,89.2,6.4,1.01,43.8,7.5,Low
FLD-005286,2025-04-10,2025,4,Thursday,0,0,0,New Zañiga,Buhangin Creek,7.2,137.1,0.59,0.78,33252,19,9.7,79.4,182.9,31.0,68.7,9.8,0.67,12.9,4.1,Low
FLD-005287,2024-05-03,2024,5,Friday,0,1,0,Wack-Wack Greenhills East,Drainage,28.0,1178.3,0.855,0.619,15490,3,4.9,143.5,180.0,29.4,74.4,2.7,1.43,1.7,6.2,Low
FLD-005288,2025-01-04,2025,1,Saturday,1,0,0,New Zañiga,Buhangin Creek,8.2,140.2,0.551,0.747,32446,15,3.5,89.7,158.6,32.6,61.1,4.8,0.71,101.1,9.7,Medium
FLD-005289,2024-01-30,2024,1,Tuesday,0,0,0,Harapin ang Bukas,Drainage,16.3,597.0,0.602,0.764,19150,13,36.8,134.9,153.8,30.6,68.6,13.1,1.07,108.4,8.1,Medium
FLD-005290,2025-05-10,2025,5,Saturday,1,1,0,Hagdan Bato Libis,Drainage,16.1,498.0,0.616,0.762,28936,14,7.0,23.3,138.6,31.1,85.9,2.8,1.36,125.1,5.2,Low
FLD-005291,2025-09-02,2025,9,Tuesday,0,1,0,Harapin ang Bukas,Drainage,16.9,577.2,0.581,0.714,20510,16,4.5,87.1,256.5,31.9,81.6,2.9,1.48,57.5,3.8,Low
FLD-005292,2021-05-30,2021,5,Sunday,1,1,0,Bagong Silang,Drainage,18.3,597.5,0.608,0.67,24815,13,33.3,65.3,471.8,32.0,77.8,14.5,1.33,165.6,5.0,Medium
FLD-005293,2025-04-08,2025,4,Tuesday,0,0,0,Namayan,Pasig River,8.3,177.2,0.513,0.824,31668,20,11.1,64.8,146.5,30.1,68.8,24.3,1.49,117.8,6.6,High
FLD-005294,2025-02-20,2025,2,Thursday,0,0,1,Daang Bakal,Maytunas Creek,11.6,402.6,0.593,0.773,32332,14,63.9,143.5,231.6,28.3,73.3,21.9,0.89,222.6,11.9,High
FLD-005295,2024-07-07,2024,7,Sunday,1,1,0,Bagong Silang,Drainage,18.3,605.0,0.596,0.723,25073,15,23.8,148.4,504.3,30.8,76.7,7.3,1.28,101.9,7.3,Medium
FLD-005296,2022-10-11,2022,10,Tuesday,0,1,1,Hagdan Bato Itaas,Drainage,20.2,756.2,0.673,0.691,28344,12,43.8,171.9,272.5,27.9,73.5,17.9,1.85,170.7,9.0,High
FLD-005297,2022-06-02,2022,6,Thursday,0,1,0,Barangka Itaas,Pasig River,10.1,242.2,0.563,0.811,35390,20,12.5,103.5,226.1,29.9,78.9,17.1,0.98,134.5,5.6,Medium
FLD-005298,2025-04-01,2025,4,Tuesday,0,0,2,Buayang Bato,Buayang Bato Creek,14.2,263.1,0.537,0.738,35275,17,33.1,104.5,206.1,29.4,57.1,19.5,1.23,159.0,10.9,High
FLD-005299,2023-09-26,2023,9,Tuesday,0,1,0,Harapin ang Bukas,Drainage,16.9,578.9,0.596,0.77,25312,15,3.8,114.9,165.4,27.5,66.5,7.6,0.96,51.1,4.0,Low
FLD-005300,2025-01-07,2025,1,Tuesday,0,0,0,Mabini-J. Rizal,Maytunas Creek,14.8,461.2,0.615,0.778,30361,15,33.8,122.9,179.8,30.5,68.8,21.3,0.96,19.7,7.0,Low
FLD-005301,2025-08-13,2025,8,Wednesday,0,1,2,Wack-Wack Greenhills East,Drainage,27.2,1224.1,0.776,0.639,17731,8,57.6,206.1,424.0,26.8,82.3,17.6,1.32,84.4,12.1,Medium
FLD-005302,2021-03-20,2021,3,Saturday,1,0,0,Barangka Itaas,Pasig River,9.6,298.2,0.558,0.782,37813,21,0.3,90.2,294.1,30.2,65.9,8.3,1.37,95.9,4.6,High
FLD-005303,2022-12-15,2022,12,Thursday,0,0,0,New Zañiga,Buhangin Creek,6.4,169.4,0.482,0.778,38544,21,6.3,12.2,119.3,30.7,66.9,0,1.19,98.2,3.9,Medium
FLD-005304,2023-10-10,2023,10,Tuesday,0,1,0,Bagong Silang,Drainage,18.2,617.0,0.588,0.708,27586,18,34.5,39.6,240.4,28.1,71.6,13.3,0.8,39.6,3.3,Medium
FLD-005305,2023-01-31,2023,1,Tuesday,0,0,1,Old Zañiga,Buhangin Creek,6.9,128.3,0.536,0.827,38517,19,48.3,92.0,96.4,29.6,64.2,17.8,0.79,157.8,9.0,Medium
FLD-005306,2021-01-27,2021,1,Wednesday,0,0,0,Harapin ang Bukas,Drainage,16.4,519.6,0.556,0.784,17604,11,0.5,24.7,120.8,29.4,63.3,0,0.74,2.7,5.4,Low
FLD-005307,2021-07-28,2021,7,Wednesday,0,1,1,Hagdan Bato Itaas,Drainage,22.6,757.3,0.699,0.704,31981,12,34.1,143.1,252.7,27.9,71.3,11.2,1.38,95.9,5.1,High
FLD-005308,2023-12-19,2023,12,Tuesday,0,0,0,Addition Hills,Maytunas Creek,25.6,993.9,0.679,0.736,46502,11,21.1,87.9,159.3,30.4,61.3,6.1,1.07,169.5,7.4,Low
FLD-005309,2025-09-08,2025,9,Monday,0,1,0,Malamig,Tributary,20.7,590.8,0.66,0.678,27934,7,54.2,111.7,507.8,26.4,86.0,8.0,1.01,170.3,2.8,Medium
FLD-005310,2023-09-22,2023,9,Friday,0,1,0,Pleasant Hills,Ermitaño Creek,24.6,999.6,0.693,0.685,25744,10,26.0,77.3,96.5,30.5,71.3,7.8,1.59,117.0,5.3,Low
FLD-005311,2023-03-08,2023,3,Wednesday,0,0,0,Barangka Itaas,Pasig River,10.0,276.6,0.527,0.818,37188,19,83.8,112.4,192.5,29.5,76.3,11.0,0.72,182.2,6.0,High
FLD-005312,2023-02-25,2023,2,Saturday,1,0,0,Pag-Asa,Drainage,21.1,686.7,0.58,0.73,25484,6,7.5,27.7,45.1,32.6,63.1,2.2,0.96,6.8,2.1,Low
FLD-005313,2023-08-06,2023,8,Sunday,1,1,1,Malamig,Tributary,20.0,599.2,0.632,0.694,27971,12,22.3,117.9,168.4,29.4,84.7,15.1,0.94,128.7,7.0,Medium
FLD-005314,2026-03-18,2026,3,Wednesday,0,0,2,Mabini-J. Rizal,Maytunas Creek,14.7,451.4,0.596,0.707,34412,13,16.8,76.2,144.1,32.6,65.8,35.7,1.32,12.0,6.1,Low
FLD-005315,2021-06-26,2021,6,Saturday,1,1,0,Highway Hills,Maytunas Creek,30.4,898.2,0.759,0.745,44713,11,62.5,160.3,217.2,26.5,83.9,5.4,1.0,157.7,11.9,Medium
FLD-005316,2025-05-15,2025,5,Thursday,0,1,0,Old Zañiga,Buhangin Creek,7.6,183.2,0.471,0.81,32821,21,18.5,57.6,128.4,28.8,77.1,12.8,0.86,117.8,6.6,Medium
FLD-005317,2025-03-03,2025,3,Monday,0,0,0,Plainview,Estero,18.7,510.3,0.562,0.722,30495,8,7.8,17.5,89.8,33.6,57.1,0,1.15,54.1,3.4,Medium
FLD-005318,2026-04-16,2026,4,Thursday,0,0,2,Harapin ang Bukas,Drainage,16.2,578.4,0.573,0.734,26014,11,50.4,97.0,117.8,31.8,77.6,28.2,0.35,6.2,7.0,Low
FLD-005319,2025-05-27,2025,5,Tuesday,0,1,0,Vergara,Drainage,24.2,768.7,0.731,0.64,19435,11,4.3,101.5,209.0,28.3,81.3,6.7,0.59,100.4,5.5,Low
FLD-005320,2024-11-21,2024,11,Thursday,0,1,0,Burol,Drainage,21.3,684.4,0.654,0.7,21401,10,28.5,49.5,292.4,30.1,79.3,5.3,1.58,3.9,2.7,Low
FLD-005321,2021-12-08,2021,12,Wednesday,0,0,3,Barangka Drive,Pasig River,8.8,192.1,0.479,0.823,37578,22,206.6,305.5,452.2,29.1,85.0,36.9,1.29,518.1,21.1,High
FLD-005322,2023-02-09,2023,2,Thursday,0,0,0,Barangka Ilaya,Pasig River,8.5,169.8,0.504,0.818,39984,15,7.1,41.7,60.0,31.7,51.3,8.6,0.88,162.6,6.4,Low
FLD-005323,2024-12-03,2024,12,Tuesday,0,0,0,Namayan,Pasig River,7.6,204.0,0.441,0.821,38884,23,11.6,34.0,138.5,30.9,66.6,5.6,0.88,81.8,4.7,Medium
FLD-005324,2021-02-12,2021,2,Friday,0,0,1,Hulo,Pasig River,5.3,93.3,0.415,0.891,40959,19,10.1,52.5,80.5,32.2,67.6,17.8,0.79,7.7,3.5,Low
FLD-005325,2023-09-07,2023,9,Thursday,0,1,0,Vergara,Drainage,23.4,781.7,0.727,0.678,27750,8,8.4,109.0,255.3,27.0,69.2,10.7,1.21,137.6,2.6,Low
FLD-005326,2022-12-11,2022,12,Sunday,1,0,0,Plainview,Estero,18.3,464.9,0.593,0.72,30132,16,1.3,96.1,124.6,31.1,63.7,9.1,0.95,57.7,4.6,Low
FLD-005327,2025-09-30,2025,9,Tuesday,0,1,0,Poblacion,Buhangin Creek,5.8,105.9,0.511,0.852,48235,19,6.7,63.9,129.1,31.0,76.4,33.6,1.12,126.0,4.4,Medium
FLD-005328,2023-12-13,2023,12,Wednesday,0,0,0,New Zañiga,Buhangin Creek,8.2,159.3,0.467,0.776,37435,20,34.1,80.8,174.3,32.5,77.5,12.7,0.85,153.2,6.6,High
FLD-005329,2024-04-30,2024,4,Tuesday,0,0,0,Poblacion,Buhangin Creek,5.2,50.9,0.458,0.891,42416,22,36.4,89.9,197.0,32.3,71.4,2.2,1.32,137.5,6.5,Medium
FLD-005330,2023-03-10,2023,3,Friday,0,0,0,Namayan,Pasig River,7.7,192.8,0.476,0.806,34136,20,11.7,46.0,106.2,33.3,58.6,14.1,0.8,50.0,1.2,Medium
FLD-005331,2022-06-23,2022,6,Thursday,0,1,2,Mabini-J. Rizal,Maytunas Creek,14.9,444.0,0.513,0.734,30603,14,140.0,165.1,227.6,29.4,87.7,28.4,1.31,350.7,13.3,High
FLD-005332,2022-01-14,2022,1,Friday,0,0,1,Bagong Silang,Drainage,17.5,592.4,0.625,0.762,27914,17,62.8,76.9,199.9,33.1,77.5,17.8,1.15,205.6,11.2,High
FLD-005333,2021-01-31,2021,1,Sunday,1,0,1,Old Zañiga,Buhangin Creek,7.1,147.5,0.527,0.812,36939,18,16.1,96.4,341.8,31.1,64.9,19.7,0.83,193.6,7.1,Medium
FLD-005334,2024-01-26,2024,1,Friday,0,0,0,Mauway,Maytunas Creek,23.1,882.5,0.665,0.701,39956,8,24.4,73.8,290.6,29.6,76.0,16.9,1.04,86.0,8.5,Medium
FLD-005335,2022-08-20,2022,8,Saturday,1,1,0,Daang Bakal,Maytunas Creek,11.8,333.5,0.525,0.733,30493,13,1.4,5.2,317.6,29.8,77.8,3.0,0.7,29.5,3.3,Medium
FLD-005336,2023-01-14,2023,1,Saturday,1,0,0,Barangka Ibaba,Pasig River,6.7,29.7,0.443,0.894,41287,16,10.4,61.8,107.5,34.1,62.8,8.3,1.51,85.1,5.1,Low
FLD-005337,2021-12-17,2021,12,Friday,0,0,0,Pleasant Hills,Ermitaño Creek,24.8,968.0,0.734,0.63,23935,8,2.6,34.9,195.6,33.6,60.7,30.0,1.08,32.2,3.7,Medium
FLD-005338,2021-04-24,2021,4,Saturday,1,0,1,Old Zañiga,Buhangin Creek,6.2,158.7,0.507,0.809,36229,22,33.0,91.1,176.3,33.3,60.7,6.1,0.92,170.5,5.9,High
FLD-005339,2026-06-18,2026,6,Thursday,0,1,0,Barangka Ilaya,Pasig River,8.5,160.2,0.544,0.85,36626,14,40.3,139.5,299.6,28.8,75.9,3.2,1.61,133.0,10.7,High
FLD-005340,2024-09-23,2024,9,Monday,0,1,1,Daang Bakal,Maytunas Creek,12.7,320.7,0.61,0.777,34251,16,17.2,44.3,135.9,30.3,75.9,16.8,1.11,82.9,8.7,Medium
FLD-005341,2024-07-29,2024,7,Monday,0,1,1,Namayan,Pasig River,8.1,156.9,0.494,0.863,34747,16,134.2,163.7,306.3,26.4,80.4,15.0,0.91,326.8,13.1,High
FLD-005342,2024-01-02,2024,1,Tuesday,0,0,0,Barangka Ibaba,Pasig River,6.3,120.5,0.46,0.908,40965,19,1.1,76.0,181.0,30.9,63.0,10.6,1.03,39.7,4.8,Low
FLD-005343,2025-10-16,2025,10,Thursday,0,1,0,Mauway,Maytunas Creek,22.4,856.8,0.657,0.723,33987,15,15.4,122.0,209.3,28.1,76.9,5.0,1.5,122.4,7.4,Medium
FLD-005344,2025-01-22,2025,1,Wednesday,0,0,0,Barangka Itaas,Pasig River,10.2,197.1,0.515,0.797,33071,19,3.8,37.8,54.4,34.5,69.7,14.5,0.55,9.0,1.7,Low
FLD-005345,2025-07-05,2025,7,Saturday,1,1,0,Buayang Bato,Buayang Bato Creek,13.7,226.6,0.612,0.714,39342,19,2.0,303.1,355.9,28.4,69.4,5.4,1.19,183.1,16.0,Medium
FLD-005346,2023-09-11,2023,9,Monday,0,1,2,Highway Hills,Maytunas Creek,30.2,874.2,0.741,0.826,43639,6,38.2,105.1,261.0,28.7,76.4,48.7,1.17,221.3,9.4,Medium
FLD-005347,2023-10-24,2023,10,Tuesday,0,1,0,Hagdan Bato Libis,Drainage,16.3,467.3,0.582,0.734,29049,18,4.7,230.9,296.3,28.9,65.9,3.6,1.45,11.4,10.6,Low
FLD-005348,2022-05-15,2022,5,Sunday,1,1,0,San Jose,Drainage,21.8,685.9,0.658,0.71,29036,11,13.2,45.8,107.0,31.2,77.8,7.2,1.48,69.3,6.1,Low
FLD-005349,2025-03-25,2025,3,Tuesday,0,0,0,Wack-Wack Greenhills East,Drainage,27.7,1219.5,0.794,0.659,18116,9,6.6,86.1,101.0,32.6,62.4,7.1,1.05,60.7,7.3,Low
FLD-005350,2024-12-01,2024,12,Sunday,1,0,0,Daang Bakal,Maytunas Creek,11.7,360.8,0.492,0.827,31573,17,13.0,97.3,260.9,30.9,65.3,48.4,1.04,0.0,6.2,Low
FLD-005351,2025-12-28,2025,12,Sunday,1,0,2,Bagong Silang,Drainage,18.7,589.0,0.599,0.676,28602,12,40.6,101.3,154.6,32.0,72.6,38.6,1.15,192.0,12.1,Medium
FLD-005352,2026-04-17,2026,4,Friday,0,0,0,San Jose,Drainage,22.8,743.8,0.658,0.765,28846,13,50.9,106.2,130.2,28.9,79.6,0,1.15,121.2,5.9,Medium
FLD-005353,2021-06-03,2021,6,Thursday,0,1,1,Barangka Ibaba,Pasig River,7.2,54.3,0.438,0.919,39990,22,40.1,74.7,282.0,26.4,75.4,34.3,1.21,109.5,8.6,High
FLD-005354,2022-04-13,2022,4,Wednesday,0,0,1,Barangka Itaas,Pasig River,10.9,248.7,0.529,0.779,34529,16,57.8,129.1,155.7,30.1,77.6,23.9,1.24,166.2,6.3,High
FLD-005355,2022-09-09,2022,9,Friday,0,1,0,New Zañiga,Buhangin Creek,7.4,140.4,0.557,0.784,34070,18,12.2,135.8,229.8,31.2,72.4,21.1,1.71,143.0,11.1,Medium
FLD-005356,2021-12-11,2021,12,Saturday,1,0,0,Wack-Wack Greenhills East,Drainage,28.6,1206.5,0.81,0.702,16828,5,11.6,43.4,82.1,29.9,77.2,2.8,0.98,10.7,6.0,Low
FLD-005357,2023-03-02,2023,3,Thursday,0,0,1,Barangka Itaas,Pasig River,10.2,252.5,0.571,0.807,39575,19,168.8,187.8,311.8,25.4,88.3,12.0,0.88,362.7,9.9,High
FLD-005358,2025-07-20,2025,7,Sunday,1,1,1,Old Zañiga,Buhangin Creek,7.6,176.8,0.527,0.76,32997,21,6.4,29.3,205.6,31.1,82.6,23.4,1.31,158.2,7.6,High
FLD-005359,2022-11-14,2022,11,Monday,0,1,1,Barangka Drive,Pasig River,9.6,216.5,0.522,0.856,37565,18,79.0,91.8,215.7,29.9,87.5,9.6,1.51,169.6,5.0,High
FLD-005360,2021-07-30,2021,7,Friday,0,1,0,Barangka Ibaba,Pasig River,7.9,74.7,0.475,0.839,39012,20,12.0,122.7,388.4,32.1,69.1,0,1.83,120.5,5.9,High
FLD-005361,2026-05-10,2026,5,Sunday,1,1,0,Hagdan Bato Itaas,Drainage,22.8,759.5,0.681,0.68,30029,9,15.0,153.3,293.0,29.5,74.1,11.6,1.01,28.4,7.5,Medium
FLD-005362,2023-11-19,2023,11,Sunday,1,1,0,Daang Bakal,Maytunas Creek,11.8,354.3,0.487,0.788,31352,18,10.3,56.6,88.0,27.7,79.5,0.5,1.31,198.1,6.5,High
FLD-005363,2025-05-16,2025,5,Friday,0,1,0,Harapin ang Bukas,Drainage,15.6,549.2,0.633,0.719,24638,14,29.1,73.1,128.4,29.5,69.0,8.5,1.31,17.3,8.8,High
FLD-005364,2022-11-23,2022,11,Wednesday,0,1,0,Pag-Asa,Drainage,19.3,637.5,0.625,0.699,20877,13,21.7,96.2,134.2,29.9,76.8,2.2,1.41,130.1,6.2,Low
FLD-005365,2025-03-14,2025,3,Friday,0,0,0,Namayan,Pasig River,8.5,132.8,0.553,0.809,33103,18,3.5,28.6,168.7,31.5,59.1,1.5,0.9,3.1,3.1,Low
FLD-005366,2023-10-23,2023,10,Monday,0,1,1,Addition Hills,Maytunas Creek,25.5,1031.9,0.693,0.776,44495,10,7.5,28.9,138.2,32.3,69.0,16.3,0.8,101.6,4.4,Low
FLD-005367,2024-08-29,2024,8,Thursday,0,1,2,Barangka Drive,Pasig River,9.2,208.9,0.56,0.781,35747,19,197.6,223.4,465.1,25.1,97.0,18.0,0.79,345.6,16.1,High
FLD-005368,2025-04-14,2025,4,Monday,0,0,0,Mauway,Maytunas Creek,23.1,864.8,0.688,0.778,38600,11,4.2,17.3,173.2,30.1,57.3,17.0,0.46,0,2.4,Low
FLD-005369,2022-07-16,2022,7,Saturday,1,1,0,Mabini-J. Rizal,Maytunas Creek,13.9,488.1,0.6,0.771,28400,14,11.9,153.6,436.9,27.7,63.4,18.1,0.81,106.3,9.9,High
FLD-005370,2024-04-09,2024,4,Tuesday,0,0,0,Barangka Ilaya,Pasig River,7.1,158.4,0.486,0.809,37037,20,3.1,28.4,136.5,32.1,66.8,4.8,0.6,6.5,3.4,Low
FLD-005371,2023-09-05,2023,9,Tuesday,0,1,0,Hulo,Pasig River,7.0,116.9,0.38,0.834,37220,22,30.2,161.8,361.3,27.6,67.9,5.5,1.49,130.8,7.8,High
FLD-005372,2022-09-17,2022,9,Saturday,1,1,0,Malamig,Tributary,19.8,575.1,0.613,0.697,26981,13,33.9,97.7,175.4,28.8,82.1,0,1.08,97.0,5.7,Medium
FLD-005373,2026-04-06,2026,4,Monday,0,0,0,Hagdan Bato Itaas,Drainage,22.2,732.8,0.718,0.673,25525,3,27.8,107.0,183.9,34.0,72.7,2.5,0.25,61.9,9.3,Medium
FLD-005374,2021-07-05,2021,7,Monday,0,1,1,Highway Hills,Maytunas Creek,30.6,884.9,0.756,0.75,42977,5,43.8,108.3,249.7,29.5,90.5,19.7,1.46,132.6,9.0,Low
FLD-005375,2025-11-06,2025,11,Thursday,0,1,0,Barangka Itaas,Pasig River,9.5,254.7,0.522,0.751,33487,18,18.9,40.4,283.0,28.2,71.4,5.9,0.88,139.0,6.4,Medium
FLD-005376,2022-06-06,2022,6,Monday,0,1,0,Pleasant Hills,Ermitaño Creek,25.8,1005.0,0.736,0.728,25667,13,3.3,43.9,91.0,28.5,77.6,1.8,0.88,3.5,1.9,Low
FLD-005377,2023-04-12,2023,4,Wednesday,0,0,0,Bagong Silang,Drainage,18.0,596.4,0.541,0.677,27778,13,4.1,59.8,80.3,30.9,56.4,18.5,0.91,4.3,5.2,Low
FLD-005378,2025-12-15,2025,12,Monday,0,0,0,Hagdan Bato Itaas,Drainage,22.1,767.6,0.691,0.685,24372,14,12.6,55.3,95.1,31.8,80.8,3.9,0.88,6.1,5.1,Low
FLD-005379,2024-09-19,2024,9,Thursday,0,1,0,Bagong Silang,Drainage,17.9,627.5,0.621,0.713,27238,18,3.4,21.2,65.4,29.9,67.4,13.2,1.49,0.5,4.2,Low
FLD-005380,2024-02-28,2024,2,Wednesday,0,0,1,Plainview,Estero,18.2,538.3,0.643,0.756,30783,11,58.5,107.7,191.9,30.6,59.6,12.7,1.32,159.5,8.6,Medium
FLD-005381,2026-03-30,2026,3,Monday,0,0,0,Pleasant Hills,Ermitaño Creek,25.9,1021.2,0.731,0.641,28775,11,69.5,131.6,262.2,28.0,80.7,52.7,0.84,34.1,5.4,Medium
FLD-005382,2021-06-08,2021,6,Tuesday,0,1,3,Hagdan Bato Itaas,Drainage,23.0,735.9,0.698,0.665,30270,9,281.9,512.2,636.7,23.9,100,24.3,1.05,467.7,28.1,High
FLD-005383,2021-11-03,2021,11,Wednesday,0,1,0,Burol,Drainage,21.7,706.4,0.689,0.681,22415,2,32.5,118.3,328.7,29.5,76.6,19.7,0.92,131.7,8.5,Low
FLD-005384,2021-08-16,2021,8,Monday,0,1,1,Old Zañiga,Buhangin Creek,6.2,139.4,0.519,0.799,32164,17,80.7,188.0,531.7,27.1,82.4,8.4,1.53,311.2,11.9,High
FLD-005385,2024-06-01,2024,6,Saturday,1,1,1,Barangka Itaas,Pasig River,10.7,218.5,0.539,0.828,36192,19,10.6,25.3,49.7,27.7,77.5,16.4,1.53,130.7,9.6,Medium
FLD-005386,2026-05-29,2026,5,Friday,0,1,1,Buayang Bato,Buayang Bato Creek,13.3,253.9,0.537,0.74,30841,17,4.8,51.9,187.1,28.1,61.1,20.7,1.43,143.7,8.4,High
FLD-005387,2024-05-01,2024,5,Wednesday,0,1,0,San Jose,Drainage,22.9,652.3,0.702,0.67,26192,11,21.9,75.6,263.0,28.7,65.3,24.0,1.91,28.8,4.6,Low
FLD-005388,2024-10-23,2024,10,Wednesday,0,1,1,Hulo,Pasig River,6.2,120.0,0.452,0.872,38269,20,120.3,184.6,216.7,26.3,81.9,15.7,1.72,341.4,12.1,High
FLD-005389,2022-04-08,2022,4,Friday,0,0,0,Pag-Asa,Drainage,19.9,661.6,0.634,0.755,24612,14,10.8,35.5,66.1,30.2,72.8,10.2,0.48,4.2,0.5,Low
FLD-005390,2021-05-11,2021,5,Tuesday,0,1,0,Malamig,Tributary,18.3,564.5,0.692,0.665,30439,16,11.2,60.8,161.8,29.8,73.9,16.1,1.54,45.2,6.3,Low
FLD-005391,2024-05-25,2024,5,Saturday,1,1,0,Poblacion,Buhangin Creek,5.5,118.2,0.533,0.839,39745,21,0.7,29.7,50.9,27.9,63.6,4.3,1.0,87.4,6.4,Medium
FLD-005392,2021-07-09,2021,7,Friday,0,1,2,Highway Hills,Maytunas Creek,30.3,903.7,0.762,0.761,45098,11,16.3,149.2,310.6,28.4,71.1,22.7,1.69,110.2,10.0,Medium
FLD-005393,2022-06-19,2022,6,Sunday,1,1,0,Barangka Ibaba,Pasig River,7.0,98.7,0.436,0.886,42442,20,11.7,86.2,124.2,27.3,82.5,7.0,1.13,89.2,5.7,Medium
FLD-005394,2023-05-19,2023,5,Friday,0,1,0,Malamig,Tributary,18.8,588.9,0.708,0.711,32914,10,29.2,89.4,288.2,27.3,73.2,7.2,0.69,31.4,4.7,Medium
FLD-005395,2023-10-18,2023,10,Wednesday,0,1,0,Pag-Asa,Drainage,18.3,667.3,0.632,0.763,24966,13,12.5,15.5,172.0,29.4,65.9,12.7,1.52,113.9,6.6,Medium
FLD-005396,2021-08-28,2021,8,Saturday,1,1,0,Pleasant Hills,Ermitaño Creek,23.6,1033.7,0.748,0.715,21349,6,53.7,145.9,268.1,29.1,79.9,4.6,1.44,87.9,6.6,Medium
FLD-005397,2022-06-09,2022,6,Thursday,0,1,1,Old Zañiga,Buhangin Creek,7.4,151.1,0.534,0.81,37871,16,165.1,186.9,339.9,23.2,83.7,21.9,1.24,349.9,12.4,High
FLD-005398,2026-05-06,2026,5,Wednesday,0,1,3,Harapin ang Bukas,Drainage,17.5,563.6,0.601,0.734,22517,19,68.3,82.7,419.9,28.1,70.3,23.7,1.71,212.1,10.1,High
FLD-005399,2021-06-03,2021,6,Thursday,0,1,1,Barangka Drive,Pasig River,9.9,205.1,0.531,0.829,33291,13,81.1,98.0,115.0,28.4,79.9,10.7,1.38,235.7,9.0,High
FLD-005400,2024-09-13,2024,9,Friday,0,1,2,Namayan,Pasig River,8.3,148.2,0.596,0.8,31682,17,53.4,81.7,120.3,31.9,77.4,25.9,1.06,208.2,8.4,Medium
FLD-005401,2025-08-30,2025,8,Saturday,1,1,0,San Jose,Drainage,20.8,676.3,0.61,0.689,27142,17,25.5,87.0,108.9,31.0,80.8,12.1,1.45,6.8,7.3,Low
FLD-005402,2022-02-03,2022,2,Thursday,0,0,0,Hulo,Pasig River,6.8,82.4,0.436,0.861,41002,18,32.0,37.5,119.3,28.0,61.6,7.2,1.31,233.0,7.8,Medium
FLD-005403,2022-09-21,2022,9,Wednesday,0,1,1,Vergara,Drainage,24.4,802.1,0.743,0.693,24573,12,34.7,63.8,220.6,26.5,84.4,10.2,1.26,22.6,3.9,Low
FLD-005404,2021-11-26,2021,11,Friday,0,1,3,Barangka Ibaba,Pasig River,7.0,55.6,0.439,0.873,42627,22,101.8,149.0,224.6,25.0,84.1,32.0,0.86,304.5,11.7,High
FLD-005405,2022-05-22,2022,5,Sunday,1,1,1,Harapin ang Bukas,Drainage,16.1,579.7,0.575,0.698,25577,15,79.9,239.8,255.6,28.7,91.9,9.0,0.97,154.0,13.3,High
FLD-005406,2025-07-15,2025,7,Tuesday,0,1,0,Buayang Bato,Buayang Bato Creek,13.5,293.0,0.56,0.791,33936,18,18.5,40.0,235.6,31.3,86.8,6.6,1.01,137.5,5.8,Medium
FLD-005407,2026-06-19,2026,6,Friday,0,1,3,New Zañiga,Buhangin Creek,6.8,118.3,0.574,0.794,35438,19,177.7,215.7,333.5,24.6,90.6,33.7,0.93,412.1,16.4,High
FLD-005408,2024-05-22,2024,5,Wednesday,0,1,0,Wack-Wack Greenhills East,Drainage,29.3,1186.6,0.784,0.631,21417,6,108.8,145.5,244.2,22.3,88.3,20.4,0.83,161.6,10.9,Medium
FLD-005409,2021-02-09,2021,2,Tuesday,0,0,0,Pag-Asa,Drainage,20.6,672.6,0.63,0.735,25647,12,0.7,50.5,201.7,31.1,65.0,9.3,1.11,9.6,1.1,Low
FLD-005410,2021-12-22,2021,12,Wednesday,0,0,0,Old Zañiga,Buhangin Creek,7.2,125.8,0.56,0.801,36920,22,14.1,53.2,159.3,30.4,66.8,5.3,0.56,146.1,6.3,Medium
FLD-005411,2025-04-07,2025,4,Monday,0,0,1,Bagong Silang,Drainage,18.2,626.8,0.605,0.674,28072,5,101.8,126.4,233.3,30.0,80.8,31.3,1.27,208.8,9.9,High
FLD-005412,2023-06-04,2023,6,Sunday,1,1,2,Plainview,Estero,17.4,476.1,0.638,0.737,30873,11,200.5,206.4,355.2,23.7,93.6,26.7,0.98,377.1,15.3,High
FLD-005413,2021-11-25,2021,11,Thursday,0,1,0,Wack-Wack Greenhills East,Drainage,27.9,1171.1,0.763,0.667,17504,6,5.4,42.6,92.1,28.4,77.2,4.8,1.15,30.5,0.8,Low
FLD-005414,2025-02-19,2025,2,Wednesday,0,0,0,Barangka Drive,Pasig River,8.4,222.2,0.472,0.755,36042,19,42.1,68.5,161.2,30.3,78.4,10.2,1.14,136.0,8.5,Medium
FLD-005415,2023-09-18,2023,9,Monday,0,1,0,Addition Hills,Maytunas Creek,24.2,996.1,0.674,0.77,45091,10,5.3,63.1,146.4,29.5,79.3,10.5,1.46,95.7,5.5,Medium
FLD-005416,2021-03-08,2021,3,Monday,0,0,0,Harapin ang Bukas,Drainage,15.8,553.1,0.632,0.776,24115,14,6.5,88.5,133.8,29.5,55.9,11.9,1.43,94.3,4.6,Medium
FLD-005417,2026-01-12,2026,1,Monday,0,0,1,Harapin ang Bukas,Drainage,16.6,534.5,0.607,0.759,22694,9,93.5,127.1,220.1,29.4,75.9,10.4,1.12,244.9,11.7,High
FLD-005418,2023-08-12,2023,8,Saturday,1,1,0,Pag-Asa,Drainage,19.6,661.5,0.649,0.733,24778,15,5.3,61.0,125.9,28.4,78.9,3.1,1.63,8.7,5.9,Low
FLD-005419,2025-05-11,2025,5,Sunday,1,1,0,Malamig,Tributary,20.5,591.9,0.636,0.691,28821,15,48.4,67.7,108.5,30.1,72.7,3.4,1.99,113.0,1.6,Medium
FLD-005420,2026-05-23,2026,5,Saturday,1,1,1,Hagdan Bato Itaas,Drainage,23.1,757.9,0.624,0.704,31428,15,116.4,277.7,345.3,24.9,95.6,15.6,1.38,225.1,15.9,High
FLD-005421,2022-12-24,2022,12,Saturday,1,0,0,Mauway,Maytunas Creek,22.1,852.9,0.689,0.723,33166,16,8.5,9.6,123.3,29.9,56.8,19.4,1.19,37.2,0.7,Medium
FLD-005422,2023-04-16,2023,4,Sunday,1,0,0,Harapin ang Bukas,Drainage,16.5,565.5,0.564,0.762,24892,15,36.0,115.6,150.9,30.8,56.7,15.2,1.37,80.6,8.8,High
FLD-005423,2025-11-28,2025,11,Friday,0,1,0,Highway Hills,Maytunas Creek,30.2,865.3,0.78,0.767,46623,6,58.9,170.6,315.6,30.2,65.7,30.4,0.66,32.6,11.5,Low
FLD-005424,2022-09-08,2022,9,Thursday,0,1,0,Vergara,Drainage,24.4,800.4,0.725,0.617,22992,9,55.1,162.5,406.3,29.0,81.1,15.5,1.43,98.7,8.0,High
FLD-005425,2024-09-07,2024,9,Saturday,1,1,1,Hagdan Bato Libis,Drainage,16.8,512.8,0.561,0.743,31303,17,99.3,161.8,237.0,26.1,76.5,11.9,1.34,200.9,10.4,High
FLD-005426,2023-12-07,2023,12,Thursday,0,0,0,Wack-Wack Greenhills East,Drainage,26.4,1213.4,0.817,0.643,22117,7,0.7,10.5,226.0,32.4,66.3,25.9,1.19,1.2,0.5,Low
FLD-005427,2026-04-08,2026,4,Wednesday,0,0,0,Barangka Drive,Pasig River,7.8,237.0,0.473,0.816,30688,16,3.0,5.0,23.4,31.6,55.8,1.5,1.2,2.5,1.7,Low
FLD-005428,2025-02-02,2025,2,Sunday,1,0,1,Daang Bakal,Maytunas Creek,13.2,305.8,0.595,0.8,33771,14,58.5,75.4,228.6,29.0,76.2,22.6,0.57,150.1,6.3,High
FLD-005429,2026-05-22,2026,5,Friday,0,1,0,Addition Hills,Maytunas Creek,24.3,1011.1,0.685,0.736,45254,4,5.3,70.6,242.5,32.1,69.2,1.7,1.22,101.7,7.4,Medium
FLD-005430,2025-04-09,2025,4,Wednesday,0,0,0,Namayan,Pasig River,7.7,115.7,0.501,0.778,33578,17,35.8,90.0,109.4,33.7,64.6,6.9,0.88,188.8,3.4,High
FLD-005431,2023-04-04,2023,4,Tuesday,0,0,0,Barangka Itaas,Pasig River,10.4,260.0,0.531,0.83,39424,18,65.2,75.1,133.1,27.6,72.2,4.2,1.2,143.5,5.6,Medium
FLD-005432,2025-09-30,2025,9,Tuesday,0,1,0,Harapin ang Bukas,Drainage,16.9,568.5,0.566,0.765,24998,22,0.3,80.2,239.8,30.8,73.0,20.3,1.31,129.0,6.3,Medium
FLD-005433,2023-10-19,2023,10,Thursday,0,1,1,Mauway,Maytunas Creek,22.3,856.1,0.67,0.698,33554,12,118.5,138.0,439.8,27.8,88.5,5.5,1.17,163.9,7.5,High
FLD-005434,2022-02-25,2022,2,Friday,0,0,0,Hagdan Bato Itaas,Drainage,21.9,725.0,0.744,0.7,28520,11,56.1,90.2,167.0,26.6,60.4,0,0.62,86.7,5.6,Low
FLD-005435,2025-03-11,2025,3,Tuesday,0,0,1,Highway Hills,Maytunas Creek,30.3,938.3,0.737,0.79,42837,7,48.5,77.0,128.7,30.3,72.6,16.8,1.18,126.3,8.1,Medium
FLD-005436,2021-01-10,2021,1,Sunday,1,0,0,San Jose,Drainage,21.8,685.0,0.604,0.654,29751,16,14.9,24.2,48.5,30.9,68.4,10.2,1.52,108.5,4.1,Low
FLD-005437,2021-01-24,2021,1,Sunday,1,0,0,Namayan,Pasig River,7.5,131.2,0.455,0.813,32259,22,92.9,133.9,229.1,30.5,74.2,11.4,0.62,235.0,9.0,High
FLD-005438,2025-07-17,2025,7,Thursday,0,1,1,Burol,Drainage,21.9,715.5,0.659,0.622,21357,10,165.4,210.1,340.8,27.4,88.7,24.2,0.51,248.3,15.5,High
FLD-005439,2024-06-16,2024,6,Sunday,1,1,0,New Zañiga,Buhangin Creek,7.4,212.0,0.533,0.78,35257,12,2.1,170.3,254.9,29.6,68.3,6.5,1.3,135.1,9.1,Medium
FLD-005440,2025-07-12,2025,7,Saturday,1,1,0,Barangka Ilaya,Pasig River,8.2,101.5,0.51,0.844,37153,18,1.8,45.4,179.9,30.5,87.5,13.1,1.4,12.5,5.4,Low
FLD-005441,2022-04-10,2022,4,Sunday,1,0,0,Namayan,Pasig River,7.5,129.5,0.467,0.81,32888,22,91.6,105.7,114.8,28.0,72.4,9.9,1.02,202.8,6.8,High
FLD-005442,2022-11-07,2022,11,Monday,0,1,1,Barangka Ilaya,Pasig River,7.7,122.9,0.474,0.858,31016,19,38.5,62.8,82.3,30.8,78.7,14.0,1.53,136.1,7.9,High
FLD-005443,2024-02-11,2024,2,Sunday,1,0,1,Addition Hills,Maytunas Creek,23.5,991.3,0.676,0.708,45416,11,172.4,230.6,379.2,27.4,93.7,31.6,1.34,371.4,13.5,High
FLD-005444,2022-01-24,2022,1,Monday,0,0,2,Plainview,Estero,17.5,524.6,0.661,0.673,25634,16,207.2,281.4,465.4,26.7,88.3,25.0,0.54,315.2,13.9,High
FLD-005445,2023-02-07,2023,2,Tuesday,0,0,0,Burol,Drainage,21.8,681.0,0.632,0.643,24686,12,14.0,60.4,104.9,32.8,71.2,1.4,1.05,88.6,6.3,Low
FLD-005446,2025-06-18,2025,6,Wednesday,0,1,0,Hagdan Bato Libis,Drainage,15.0,491.6,0.61,0.732,29234,14,17.3,63.7,148.7,29.4,81.9,8.8,1.48,156.5,8.4,Medium
FLD-005447,2022-09-04,2022,9,Sunday,1,1,0,Daang Bakal,Maytunas Creek,12.1,330.8,0.561,0.774,33535,15,36.9,176.1,369.6,29.8,85.5,12.3,1.34,65.3,11.4,Medium
FLD-005448,2023-10-12,2023,10,Thursday,0,1,1,Vergara,Drainage,24.8,805.0,0.738,0.653,23828,8,84.7,125.3,178.4,27.5,86.1,15.9,1.23,174.3,7.7,Medium
FLD-005449,2022-05-01,2022,5,Sunday,1,1,0,Mauway,Maytunas Creek,23.4,847.0,0.663,0.703,38734,10,1.5,46.6,245.3,30.3,66.3,5.9,0.66,3.0,4.3,Low
FLD-005450,2025-07-27,2025,7,Sunday,1,1,0,Hagdan Bato Libis,Drainage,17.4,547.0,0.612,0.799,31667,12,19.2,139.0,249.1,30.6,65.6,6.0,1.23,87.3,9.0,Medium
FLD-005451,2025-01-01,2025,1,Wednesday,0,0,0,Vergara,Drainage,23.6,816.5,0.749,0.653,28931,11,18.4,66.9,202.4,32.2,55.5,16.4,0.66,6.9,4.4,Low
FLD-005452,2025-02-20,2025,2,Thursday,0,0,1,Mauway,Maytunas Creek,23.2,830.3,0.659,0.667,38225,8,35.1,71.0,119.4,29.3,64.9,16.3,0.92,137.7,6.3,Medium
FLD-005453,2025-03-11,2025,3,Tuesday,0,0,0,Hagdan Bato Itaas,Drainage,22.3,762.2,0.691,0.703,26573,9,19.7,66.5,169.9,31.7,63.3,3.0,1.12,45.2,9.4,Medium
FLD-005454,2025-11-03,2025,11,Monday,0,1,0,Hagdan Bato Itaas,Drainage,23.0,748.9,0.762,0.694,30196,15,46.5,89.3,179.1,27.9,80.4,21.6,1.3,46.7,2.3,Medium
FLD-005455,2026-06-27,2026,6,Saturday,1,1,0,Pag-Asa,Drainage,19.3,660.2,0.733,0.677,26705,14,16.0,50.5,148.8,27.5,82.3,20.6,1.09,14.7,4.9,Low
FLD-005456,2025-08-27,2025,8,Wednesday,0,1,0,Highway Hills,Maytunas Creek,29.9,904.3,0.846,0.781,44131,5,52.7,163.7,222.0,26.8,75.0,28.4,0.6,112.8,7.9,Medium
FLD-005457,2022-04-03,2022,4,Sunday,1,0,1,Buayang Bato,Buayang Bato Creek,14.0,324.5,0.587,0.782,28547,15,11.9,53.6,203.3,29.5,69.6,10.0,1.14,138.7,5.9,Medium
FLD-005458,2022-09-26,2022,9,Monday,0,1,0,Pag-Asa,Drainage,20.7,649.6,0.616,0.722,24584,12,23.1,66.8,192.8,30.0,75.6,9.1,1.22,125.7,5.9,Medium
FLD-005459,2021-02-22,2021,2,Monday,0,0,0,Hulo,Pasig River,5.5,73.7,0.48,0.893,37810,14,25.1,45.3,98.3,29.7,69.8,7.2,0.86,69.6,5.2,Medium
FLD-005460,2024-07-21,2024,7,Sunday,1,1,0,Old Zañiga,Buhangin Creek,6.4,196.9,0.515,0.796,34515,17,12.6,28.6,124.4,30.4,79.3,5.4,1.63,45.9,5.3,High
FLD-005461,2021-11-14,2021,11,Sunday,1,1,3,Daang Bakal,Maytunas Creek,12.0,371.0,0.533,0.766,33489,19,244.3,393.5,501.8,24.7,97.2,26.4,0.91,484.2,26.6,High
FLD-005462,2024-12-24,2024,12,Tuesday,0,0,1,Burol,Drainage,21.2,718.8,0.643,0.613,21381,12,45.2,79.6,129.8,30.1,72.7,9.3,1.4,130.1,7.0,Medium
FLD-005463,2025-07-10,2025,7,Thursday,0,1,1,Bagong Silang,Drainage,18.4,640.4,0.641,0.731,24160,13,63.8,79.3,153.4,28.6,81.8,19.2,1.36,223.1,11.1,Medium
FLD-005464,2021-08-24,2021,8,Tuesday,0,1,0,Pag-Asa,Drainage,20.9,638.8,0.651,0.716,23041,16,5.8,125.6,393.3,28.6,68.5,9.1,1.15,140.6,11.1,Medium
FLD-005465,2023-07-11,2023,7,Tuesday,0,1,0,Plainview,Estero,17.5,519.4,0.605,0.678,30390,15,3.0,94.8,316.7,29.5,72.3,18.1,1.72,107.6,8.9,Medium
FLD-005466,2023-10-16,2023,10,Monday,0,1,1,Hagdan Bato Libis,Drainage,16.3,506.1,0.709,0.707,31654,13,48.7,135.3,222.9,32.9,74.8,17.9,1.9,129.8,7.3,Medium
FLD-005467,2025-01-23,2025,1,Thursday,0,0,1,Plainview,Estero,17.1,492.5,0.709,0.765,27933,15,114.8,129.3,168.7,32.2,80.4,21.6,1.15,324.9,9.9,High
FLD-005468,2026-06-22,2026,6,Monday,0,1,0,Plainview,Estero,17.7,470.1,0.568,0.694,33192,20,2.4,98.6,233.4,29.6,65.8,1.8,1.54,90.2,4.8,Medium
FLD-005469,2024-10-07,2024,10,Monday,0,1,1,Vergara,Drainage,23.9,811.6,0.743,0.645,24741,15,70.4,132.3,159.3,28.7,82.0,20.0,1.13,159.5,7.5,High
FLD-005470,2024-05-23,2024,5,Thursday,0,1,0,Barangka Drive,Pasig River,8.8,269.4,0.526,0.857,32842,21,14.5,145.2,157.5,31.1,74.8,11.4,1.15,97.5,7.2,Medium
FLD-005471,2022-05-18,2022,5,Wednesday,0,1,0,Barangka Itaas,Pasig River,10.0,239.0,0.54,0.844,32427,21,13.8,61.7,343.6,27.0,74.9,3.1,1.43,169.0,8.1,Medium
FLD-005472,2023-08-27,2023,8,Sunday,1,1,0,Plainview,Estero,18.6,478.6,0.599,0.744,33465,14,10.4,13.8,101.4,29.5,71.9,3.9,1.35,140.6,0.9,Medium
FLD-005473,2023-12-20,2023,12,Wednesday,0,0,0,Barangka Ilaya,Pasig River,7.6,78.1,0.516,0.853,33886,21,12.7,174.3,224.8,35.1,60.2,3.3,0.89,67.0,9.1,High
FLD-005474,2023-07-22,2023,7,Saturday,1,1,2,New Zañiga,Buhangin Creek,8.3,120.9,0.529,0.815,33555,19,76.2,154.3,319.2,28.0,84.0,25.7,1.33,219.0,11.9,High
FLD-005475,2021-03-31,2021,3,Wednesday,0,0,0,Vergara,Drainage,24.2,819.9,0.73,0.68,28115,5,6.8,11.2,61.0,33.7,68.7,13.6,0.76,0,4.5,Low
FLD-005476,2023-09-23,2023,9,Saturday,1,1,0,Barangka Ilaya,Pasig River,8.7,108.8,0.532,0.822,34918,17,6.9,205.8,389.4,30.8,59.4,2.0,0.98,154.6,11.2,High
FLD-005477,2026-05-21,2026,5,Thursday,0,1,0,Wack-Wack Greenhills East,Drainage,28.1,1186.6,0.875,0.653,19079,7,2.8,247.6,374.7,28.1,74.5,3.2,0.95,77.8,11.5,Medium
FLD-005478,2024-11-13,2024,11,Wednesday,0,1,0,Barangka Itaas,Pasig River,9.9,243.8,0.468,0.85,34951,25,1.4,63.2,184.1,30.2,69.6,3.7,1.17,82.8,4.4,Medium
FLD-005479,2025-07-04,2025,7,Friday,0,1,0,Namayan,Pasig River,8.8,158.4,0.5,0.806,29326,15,35.0,61.0,236.3,27.9,81.6,14.9,1.27,133.0,8.0,Medium
FLD-005480,2023-11-09,2023,11,Thursday,0,1,0,Barangka Ilaya,Pasig River,8.5,112.3,0.486,0.789,36037,16,62.5,197.8,400.9,27.9,77.8,47.3,1.18,125.2,9.0,High
FLD-005481,2022-03-20,2022,3,Sunday,1,0,1,Wack-Wack Greenhills East,Drainage,29.0,1239.0,0.842,0.71,17818,5,26.5,114.3,413.8,30.5,70.4,17.8,1.13,6.0,3.4,Low
FLD-005482,2025-03-19,2025,3,Wednesday,0,0,0,Highway Hills,Maytunas Creek,30.0,895.3,0.748,0.726,44577,5,28.0,148.1,213.4,29.4,67.6,8.9,0.76,14.9,6.3,Low
FLD-005483,2022-06-28,2022,6,Tuesday,0,1,1,Pag-Asa,Drainage,19.9,676.7,0.643,0.701,24698,12,153.1,206.2,335.9,26.3,87.4,12.8,1.37,311.0,15.5,High
FLD-005484,2023-09-25,2023,9,Monday,0,1,1,Malamig,Tributary,19.4,617.9,0.695,0.687,31808,5,220.8,272.9,356.4,23.3,99.0,13.6,1.53,383.4,14.1,High
FLD-005485,2021-03-11,2021,3,Thursday,0,0,0,Mauway,Maytunas Creek,23.0,876.8,0.713,0.757,42774,10,6.5,32.4,74.4,29.2,69.5,8.2,1.55,82.5,8.0,Medium
FLD-005486,2022-11-26,2022,11,Saturday,1,1,0,Vergara,Drainage,23.1,783.9,0.72,0.625,28428,5,8.8,38.7,103.1,28.7,77.7,16.8,1.51,4.3,2.6,Low
FLD-005487,2024-12-28,2024,12,Saturday,1,0,3,Poblacion,Buhangin Creek,6.4,95.0,0.48,0.798,41436,21,98.7,127.2,200.5,27.4,71.5,31.1,1.22,305.7,13.5,High
FLD-005488,2022-02-03,2022,2,Thursday,0,0,2,Malamig,Tributary,20.0,590.4,0.638,0.716,28201,14,46.4,65.3,96.4,28.1,66.8,26.4,1.05,163.3,6.4,Medium
FLD-005489,2024-01-02,2024,1,Tuesday,0,0,1,Barangka Drive,Pasig River,8.3,200.0,0.502,0.891,39830,17,14.7,72.0,134.6,32.8,66.0,11.1,0.96,200.0,6.2,Medium
FLD-005490,2024-07-31,2024,7,Wednesday,0,1,1,Hagdan Bato Itaas,Drainage,22.9,732.3,0.726,0.725,28657,14,25.2,160.2,290.6,32.5,80.4,29.6,0.95,123.9,9.0,High
FLD-005491,2023-09-13,2023,9,Wednesday,0,1,1,Vergara,Drainage,24.4,803.2,0.711,0.639,26308,9,89.1,222.6,330.1,28.7,92.8,8.5,0.6,138.5,10.2,Medium
FLD-005492,2023-11-15,2023,11,Wednesday,0,1,0,Hagdan Bato Libis,Drainage,16.5,507.4,0.643,0.69,30397,9,132.3,163.4,422.6,24.6,89.5,3.8,1.07,217.4,7.6,High
FLD-005493,2025-12-29,2025,12,Monday,0,0,0,Vergara,Drainage,23.6,786.6,0.719,0.644,25946,8,65.4,153.4,227.7,30.2,65.6,17.9,1.31,127.5,6.4,Medium
FLD-005494,2022-12-22,2022,12,Thursday,0,0,0,Vergara,Drainage,23.5,817.8,0.711,0.674,26551,7,11.8,65.1,172.8,30.7,63.7,2.0,0.96,4.7,3.7,Low
FLD-005495,2026-03-04,2026,3,Wednesday,0,0,1,Malamig,Tributary,19.5,600.4,0.618,0.751,26696,12,5.0,22.2,52.2,32.6,66.3,9.2,0.9,98.1,5.4,Medium
FLD-005496,2024-03-06,2024,3,Wednesday,0,0,0,Bagong Silang,Drainage,17.1,582.4,0.652,0.691,28398,13,0.6,118.2,198.9,29.2,62.1,8.0,1.15,125.4,6.1,Medium
FLD-005497,2023-12-28,2023,12,Thursday,0,0,2,Pleasant Hills,Ermitaño Creek,24.2,1035.8,0.651,0.714,24590,8,45.5,110.4,159.5,30.2,65.5,18.9,0.33,1.3,9.6,Low
FLD-005498,2024-02-06,2024,2,Tuesday,0,0,0,Barangka Ilaya,Pasig River,8.3,182.9,0.502,0.817,39005,20,9.9,53.3,293.6,32.2,72.1,6.1,0.71,4.8,7.6,Low
FLD-005499,2024-03-23,2024,3,Saturday,1,0,0,Buayang Bato,Buayang Bato Creek,14.4,299.6,0.591,0.795,37968,13,0.3,80.0,194.9,30.8,76.3,5.3,1.03,144.3,6.9,Medium
FLD-005500,2025-05-20,2025,5,Tuesday,0,1,1,Vergara,Drainage,25.6,815.2,0.697,0.65,24731,11,71.5,108.0,165.6,28.2,77.5,10.9,1.15,170.0,6.9,Medium
FLD-005501,2022-04-25,2022,4,Monday,0,0,1,Hagdan Bato Libis,Drainage,15.1,478.1,0.632,0.759,30218,21,25.4,63.9,143.7,32.4,69.9,13.6,0.69,155.2,12.2,Medium
FLD-005502,2025-09-19,2025,9,Friday,0,1,2,Hulo,Pasig River,6.2,105.8,0.419,0.906,40079,21,51.0,190.1,542.3,30.6,91.0,29.1,0.86,170.3,11.2,High
FLD-005503,2024-11-12,2024,11,Tuesday,0,1,0,Malamig,Tributary,19.3,583.5,0.666,0.706,27455,11,86.7,177.5,225.9,27.6,72.6,9.1,1.75,117.3,6.6,Medium
FLD-005504,2022-07-24,2022,7,Sunday,1,1,2,Barangka Ibaba,Pasig River,6.9,87.0,0.382,0.871,39789,23,42.1,58.7,142.4,27.6,81.8,56.2,1.45,256.2,10.3,High
FLD-005505,2022-03-20,2022,3,Sunday,1,0,1,Barangka Drive,Pasig River,9.4,230.9,0.472,0.821,37018,20,78.0,112.0,156.0,29.3,73.9,23.2,1.06,225.1,7.9,High
FLD-005506,2026-01-31,2026,1,Saturday,1,0,0,Hagdan Bato Libis,Drainage,16.4,516.3,0.594,0.715,29976,18,60.7,107.7,187.1,30.8,71.6,17.3,1.12,134.6,8.5,Medium
FLD-005507,2025-04-01,2025,4,Tuesday,0,0,1,Vergara,Drainage,24.4,823.1,0.77,0.626,23215,10,99.6,169.3,320.6,30.1,80.6,25.1,0.33,136.9,10.5,High
FLD-005508,2025-06-02,2025,6,Monday,0,1,0,Pag-Asa,Drainage,20.0,617.2,0.563,0.812,24767,16,2.1,165.0,289.4,29.8,63.1,18.2,1.2,5.5,10.2,Medium
FLD-005509,2022-09-26,2022,9,Monday,0,1,1,Bagong Silang,Drainage,17.2,576.4,0.589,0.676,26349,10,12.3,201.2,291.0,29.9,81.9,25.4,1.48,102.6,12.0,Medium
FLD-005510,2025-08-02,2025,8,Saturday,1,1,1,Buayang Bato,Buayang Bato Creek,14.3,303.6,0.602,0.789,30531,16,77.0,104.0,166.9,26.2,84.5,9.5,0.69,236.6,8.4,High
FLD-005511,2022-10-27,2022,10,Thursday,0,1,0,Wack-Wack Greenhills East,Drainage,28.3,1143.2,0.863,0.563,16980,7,17.0,58.8,127.1,26.8,80.4,27.6,1.07,0,6.9,Low
FLD-005512,2026-01-19,2026,1,Monday,0,0,0,Wack-Wack Greenhills East,Drainage,28.1,1165.6,0.826,0.668,19391,4,91.8,127.0,203.6,31.5,71.5,17.0,1.03,133.4,8.3,Medium
FLD-005513,2021-01-09,2021,1,Saturday,1,0,0,Barangka Ibaba,Pasig River,7.2,85.6,0.484,0.892,44199,22,86.3,166.6,225.5,30.7,73.6,1.7,1.02,231.2,11.0,High
FLD-005514,2025-04-11,2025,4,Friday,0,0,0,Daang Bakal,Maytunas Creek,11.6,360.8,0.568,0.749,30684,14,37.7,86.1,137.1,29.4,66.5,7.0,0.95,11.5,5.0,Low
FLD-005515,2025-03-27,2025,3,Thursday,0,0,0,Daang Bakal,Maytunas Creek,11.1,341.0,0.614,0.748,28409,14,3.7,63.5,89.3,33.9,59.3,2.4,0.57,64.1,5.1,Low
FLD-005516,2023-03-12,2023,3,Sunday,1,0,0,New Zañiga,Buhangin Creek,5.6,184.1,0.473,0.786,38182,17,53.4,64.6,90.4,30.5,80.1,7.2,0.52,191.5,5.1,High
FLD-005517,2025-11-04,2025,11,Tuesday,0,1,0,Hagdan Bato Libis,Drainage,15.5,529.1,0.643,0.72,28915,17,2.3,37.1,99.6,30.2,68.6,3.5,1.15,8.0,0.9,Low
FLD-005518,2023-04-04,2023,4,Tuesday,0,0,0,Hulo,Pasig River,6.9,76.6,0.421,0.833,37848,23,0.9,149.9,230.5,29.5,53.9,12.8,0.47,60.7,5.0,Medium
FLD-005519,2022-02-17,2022,2,Thursday,0,0,0,Bagong Silang,Drainage,17.6,595.4,0.574,0.686,25072,15,1.5,38.2,193.7,31.9,68.9,8.4,0.68,48.7,5.2,Low
FLD-005520,2024-10-31,2024,10,Thursday,0,1,2,Pleasant Hills,Ermitaño Creek,26.6,1012.1,0.74,0.662,28267,10,30.9,61.7,207.6,30.1,69.2,21.1,1.24,130.9,9.0,Medium
FLD-005521,2023-04-27,2023,4,Thursday,0,0,0,Hulo,Pasig River,5.6,70.8,0.412,0.845,37996,20,8.4,74.9,188.4,32.2,68.1,6.3,1.24,89.2,5.9,Medium
FLD-005522,2024-01-18,2024,1,Thursday,0,0,0,Highway Hills,Maytunas Creek,31.5,914.7,0.742,0.784,44316,11,0.4,18.0,105.2,32.9,69.0,8.3,1.38,25.1,2.0,Low
FLD-005523,2025-05-02,2025,5,Friday,0,1,0,Vergara,Drainage,23.4,795.6,0.734,0.627,22836,6,0.5,23.5,98.2,30.0,80.2,13.2,1.37,56.8,3.9,Low
FLD-005524,2025-06-05,2025,6,Thursday,0,1,1,Old Zañiga,Buhangin Creek,8.2,130.0,0.539,0.808,34617,16,33.8,103.3,129.9,27.0,77.2,13.1,1.28,127.8,5.6,Medium
FLD-005525,2026-02-12,2026,2,Thursday,0,0,2,Pag-Asa,Drainage,21.2,646.4,0.691,0.709,22697,11,93.7,126.9,173.4,30.4,75.5,25.1,0.37,167.2,7.7,Medium
FLD-005526,2022-11-21,2022,11,Monday,0,1,1,New Zañiga,Buhangin Creek,7.6,130.9,0.483,0.807,37420,18,60.8,129.5,344.7,27.8,78.0,39.2,1.14,110.6,8.1,High
FLD-005527,2021-09-23,2021,9,Thursday,0,1,1,Namayan,Pasig River,7.5,136.6,0.461,0.855,33183,17,153.1,308.2,462.4,26.7,84.9,17.1,0.81,351.2,14.4,High
FLD-005528,2025-09-21,2025,9,Sunday,1,1,0,Daang Bakal,Maytunas Creek,11.1,391.5,0.58,0.771,30086,16,25.7,153.0,484.8,31.3,77.3,2.5,1.3,139.7,10.0,High
FLD-005529,2024-04-25,2024,4,Thursday,0,0,0,Highway Hills,Maytunas Creek,28.5,907.8,0.728,0.744,40333,12,70.7,98.6,172.4,29.0,73.4,6.2,0.93,87.5,9.2,Low
FLD-005530,2022-11-28,2022,11,Monday,0,1,0,Daang Bakal,Maytunas Creek,11.9,382.3,0.575,0.784,31929,16,15.2,54.7,95.3,30.9,80.4,9.3,1.59,12.1,2.4,Low
FLD-005531,2021-06-05,2021,6,Saturday,1,1,0,Bagong Silang,Drainage,17.7,651.0,0.675,0.651,23783,13,33.4,86.5,222.5,28.2,71.6,23.0,1.51,66.6,8.8,Low
FLD-005532,2026-03-23,2026,3,Monday,0,0,1,Pleasant Hills,Ermitaño Creek,24.2,1014.4,0.739,0.739,25576,7,181.6,224.6,269.9,26.1,83.0,26.9,0.92,251.4,13.8,High
FLD-005533,2023-03-07,2023,3,Tuesday,0,0,1,Barangka Drive,Pasig River,9.1,195.9,0.519,0.881,27260,19,22.2,39.2,135.2,29.7,71.2,12.3,0.82,129.3,4.4,Medium
FLD-005534,2026-06-10,2026,6,Wednesday,0,1,0,Wack-Wack Greenhills East,Drainage,27.8,1231.1,0.807,0.67,14409,5,14.9,62.4,191.3,28.7,71.7,11.1,1.26,34.7,2.8,Low
FLD-005535,2021-01-24,2021,1,Sunday,1,0,1,Harapin ang Bukas,Drainage,17.0,594.2,0.591,0.733,26041,18,106.6,121.9,274.4,30.5,72.1,20.6,1.06,264.2,12.1,High
FLD-005536,2023-08-01,2023,8,Tuesday,0,1,0,Barangka Drive,Pasig River,9.3,194.8,0.515,0.872,34936,15,2.8,79.5,335.3,28.4,80.2,7.7,0.89,95.9,4.4,High
FLD-005537,2023-09-30,2023,9,Saturday,1,1,0,Bagong Silang,Drainage,16.5,616.7,0.559,0.695,23105,12,10.5,229.5,560.2,30.5,64.8,17.3,0.99,72.3,13.7,Medium
FLD-005538,2024-09-10,2024,9,Tuesday,0,1,0,San Jose,Drainage,22.9,701.7,0.619,0.676,29187,12,1.3,10.1,410.8,29.6,73.5,16.7,1.22,92.8,5.2,Medium
FLD-005539,2024-05-02,2024,5,Thursday,0,1,1,Old Zañiga,Buhangin Creek,7.7,198.3,0.499,0.856,33928,17,48.3,156.9,314.4,28.2,71.9,19.2,1.23,204.4,10.7,High
FLD-005540,2024-01-03,2024,1,Wednesday,0,0,0,Barangka Itaas,Pasig River,9.1,210.7,0.514,0.807,38362,17,22.3,60.9,139.4,30.2,63.9,8.3,0.88,104.4,8.8,Medium
FLD-005541,2024-03-28,2024,3,Thursday,0,0,2,Vergara,Drainage,25.1,779.8,0.718,0.699,24091,11,61.7,163.4,194.6,30.5,80.5,27.5,1.12,167.3,9.9,Medium
FLD-005542,2022-05-13,2022,5,Friday,0,1,0,Barangka Ilaya,Pasig River,7.3,100.4,0.433,0.842,36057,20,10.1,93.2,147.7,27.6,65.2,4.4,1.24,153.8,7.9,High
FLD-005543,2022-10-30,2022,10,Sunday,1,1,0,Hulo,Pasig River,3.5,141.3,0.367,0.843,39926,17,6.5,84.2,279.0,31.1,68.4,18.7,0.97,160.7,9.8,Medium
FLD-005544,2022-09-04,2022,9,Sunday,1,1,0,Plainview,Estero,18.4,473.7,0.624,0.681,29594,12,2.0,29.8,164.1,29.8,75.6,3.9,1.31,53.2,4.9,Low
FLD-005545,2026-01-20,2026,1,Tuesday,0,0,0,Burol,Drainage,20.8,687.8,0.597,0.68,21159,10,22.5,54.1,185.4,32.3,68.9,12.7,1.12,105.2,6.4,Medium
FLD-005546,2022-11-29,2022,11,Tuesday,0,1,0,Harapin ang Bukas,Drainage,17.3,479.2,0.541,0.784,24986,12,1.2,55.7,382.8,27.8,79.3,1.0,1.38,126.5,3.5,Medium
FLD-005547,2024-09-10,2024,9,Tuesday,0,1,0,Vergara,Drainage,23.4,821.4,0.748,0.659,26129,13,49.0,99.1,182.3,29.1,85.4,9.6,1.55,160.6,8.4,Low
FLD-005548,2026-02-13,2026,2,Friday,0,0,2,Harapin ang Bukas,Drainage,16.2,524.2,0.644,0.776,23431,12,19.4,34.0,113.0,31.0,59.1,17.2,0.48,112.6,8.5,Low
FLD-005549,2022-05-18,2022,5,Wednesday,0,1,0,Wack-Wack Greenhills East,Drainage,27.6,1232.6,0.777,0.646,20181,9,1.9,46.0,155.9,31.7,65.7,11.7,1.09,5.6,4.3,Low
FLD-005550,2021-12-13,2021,12,Monday,0,0,0,Addition Hills,Maytunas Creek,25.5,996.4,0.701,0.685,47166,8,45.5,70.1,161.6,30.2,65.1,3.4,1.18,20.4,6.5,Medium
FLD-005551,2025-12-12,2025,12,Friday,0,0,0,Mauway,Maytunas Creek,23.0,850.5,0.683,0.703,38440,8,45.4,92.5,211.4,30.8,73.8,0.5,1.04,149.8,6.7,Medium
FLD-005552,2022-03-28,2022,3,Monday,0,0,0,Mauway,Maytunas Creek,24.9,842.4,0.693,0.747,38701,7,3.0,12.6,221.6,32.7,66.6,18.8,0.26,0.4,2.2,Low
FLD-005553,2023-07-24,2023,7,Monday,0,1,0,Old Zañiga,Buhangin Creek,7.2,134.6,0.462,0.763,33929,20,6.4,98.7,192.7,30.1,82.1,9.4,1.46,149.3,5.1,Medium
FLD-005554,2021-10-22,2021,10,Friday,0,1,0,Plainview,Estero,18.8,473.8,0.577,0.746,29236,16,6.2,13.6,130.1,30.4,79.9,5.4,1.32,6.6,3.2,Low
FLD-005555,2025-08-09,2025,8,Saturday,1,1,1,Vergara,Drainage,23.2,775.9,0.696,0.623,23753,13,67.8,97.8,191.2,30.2,76.8,9.4,0.81,11.3,8.6,Low
FLD-005556,2022-12-16,2022,12,Friday,0,0,1,Mauway,Maytunas Creek,22.5,845.8,0.636,0.709,37628,16,36.8,55.2,361.8,28.9,66.4,37.5,1.17,179.4,9.1,Medium
FLD-005557,2021-06-26,2021,6,Saturday,1,1,0,Pleasant Hills,Ermitaño Creek,26.2,970.7,0.724,0.685,26127,10,14.1,33.2,96.6,27.4,73.3,36.7,0.96,58.3,0.5,Low
FLD-005558,2025-11-12,2025,11,Wednesday,0,1,1,Wack-Wack Greenhills East,Drainage,28.4,1180.2,0.749,0.667,16592,2,109.6,198.2,333.4,25.2,98.7,22.4,0.82,244.4,10.1,High
FLD-005559,2022-04-04,2022,4,Monday,0,0,0,Hulo,Pasig River,7.6,119.7,0.415,0.826,39533,17,105.4,144.8,179.7,27.2,67.3,8.8,0.84,179.3,8.3,High
FLD-005560,2023-07-28,2023,7,Friday,0,1,1,Namayan,Pasig River,8.7,160.0,0.489,0.823,34758,19,155.3,235.9,365.4,26.9,90.7,20.1,1.67,375.4,13.5,High
FLD-005561,2023-05-26,2023,5,Friday,0,1,0,Mauway,Maytunas Creek,22.9,838.7,0.652,0.711,35496,14,3.1,16.7,105.6,30.4,73.8,12.8,1.86,100.8,4.0,Low
FLD-005562,2022-05-09,2022,5,Monday,0,1,0,Poblacion,Buhangin Creek,4.9,88.6,0.476,0.791,44822,16,11.0,52.8,89.5,26.2,74.3,12.0,1.03,212.7,5.2,Low
FLD-005563,2021-12-22,2021,12,Wednesday,0,0,2,Burol,Drainage,21.5,709.8,0.709,0.704,18695,13,121.8,139.1,177.2,27.8,79.0,25.9,0.93,243.2,14.3,High
FLD-005564,2023-02-03,2023,2,Friday,0,0,1,Mauway,Maytunas Creek,22.8,840.8,0.692,0.71,39429,10,38.5,62.1,187.3,28.9,73.8,9.0,0.94,5.7,6.9,Low
FLD-005565,2026-05-30,2026,5,Saturday,1,1,0,Vergara,Drainage,24.0,768.0,0.756,0.673,23817,15,20.0,67.9,98.8,29.4,75.6,12.2,1.27,2.4,2.8,Low
FLD-005566,2025-02-01,2025,2,Saturday,1,0,1,Barangka Drive,Pasig River,9.9,200.8,0.424,0.82,34604,18,53.0,118.7,230.0,28.9,68.3,10.2,0.77,127.2,9.0,High
FLD-005567,2024-12-22,2024,12,Sunday,1,0,0,Wack-Wack Greenhills East,Drainage,27.8,1213.1,0.779,0.673,18550,8,68.8,109.0,263.8,30.5,75.5,5.2,0.72,137.3,5.5,Medium
FLD-005568,2021-11-13,2021,11,Saturday,1,1,2,Highway Hills,Maytunas Creek,30.4,895.4,0.707,0.765,40306,10,27.4,138.6,349.1,29.1,83.1,23.3,1.06,111.0,9.3,High
FLD-005569,2025-11-20,2025,11,Thursday,0,1,2,Daang Bakal,Maytunas Creek,11.9,313.0,0.525,0.78,30533,19,113.1,134.4,181.8,25.5,88.8,17.2,1.35,251.7,12.2,High
FLD-005570,2024-11-10,2024,11,Sunday,1,1,2,Addition Hills,Maytunas Creek,25.0,1010.6,0.687,0.746,44806,14,107.0,152.2,197.1,25.1,89.4,27.7,1.26,240.4,14.4,High
FLD-005571,2025-04-28,2025,4,Monday,0,0,0,Daang Bakal,Maytunas Creek,12.6,350.0,0.507,0.717,34850,20,1.5,57.8,81.8,31.3,67.5,17.7,1.25,44.3,4.0,Medium
FLD-005572,2022-07-30,2022,7,Saturday,1,1,1,Plainview,Estero,18.0,485.6,0.612,0.697,29002,13,100.7,190.0,314.1,28.1,85.0,18.3,1.1,168.3,12.9,High
FLD-005573,2021-12-30,2021,12,Thursday,0,0,0,Bagong Silang,Drainage,18.6,586.6,0.63,0.679,27351,11,17.8,108.2,156.4,30.6,65.2,12.3,0.71,22.2,6.5,Low
FLD-005574,2023-01-28,2023,1,Saturday,1,0,0,Daang Bakal,Maytunas Creek,11.9,329.5,0.61,0.795,35493,12,13.2,19.6,43.9,30.9,70.6,11.1,1.28,13.8,0.5,Low
FLD-005575,2023-04-28,2023,4,Friday,0,0,0,Namayan,Pasig River,7.6,167.3,0.516,0.809,35255,18,36.0,84.8,129.9,31.9,67.0,13.0,0.8,91.5,5.5,Medium
FLD-005576,2023-11-23,2023,11,Thursday,0,1,0,Wack-Wack Greenhills East,Drainage,29.4,1195.6,0.835,0.66,18999,7,3.5,57.0,321.3,28.4,62.8,11.4,1.1,83.9,3.3,Low
FLD-005577,2024-02-07,2024,2,Wednesday,0,0,2,San Jose,Drainage,22.8,714.7,0.738,0.699,29731,15,66.0,94.1,173.2,28.6,80.8,20.5,0.91,171.5,8.6,High
FLD-005578,2024-08-15,2024,8,Thursday,0,1,1,Vergara,Drainage,24.0,836.9,0.727,0.646,22090,11,61.6,109.9,224.7,29.3,74.1,14.2,1.06,155.9,7.7,Medium
FLD-005579,2021-06-12,2021,6,Saturday,1,1,1,Mauway,Maytunas Creek,22.0,819.6,0.677,0.677,34446,9,3.6,92.0,123.4,30.4,82.3,16.1,1.02,129.6,6.0,Low
FLD-005580,2024-05-18,2024,5,Saturday,1,1,0,Wack-Wack Greenhills East,Drainage,27.6,1274.9,0.856,0.629,22546,0,0.5,131.4,311.4,32.9,73.7,0,0.58,45.5,6.3,Low
FLD-005581,2024-10-16,2024,10,Wednesday,0,1,2,Namayan,Pasig River,8.3,114.3,0.568,0.813,33652,21,112.1,173.8,289.2,29.9,77.7,26.4,0.79,350.9,11.6,High
FLD-005582,2023-09-23,2023,9,Saturday,1,1,1,Wack-Wack Greenhills East,Drainage,28.6,1211.1,0.787,0.614,19591,2,56.8,131.3,288.8,30.8,83.6,18.2,1.22,66.3,10.4,High
FLD-005583,2025-08-08,2025,8,Friday,0,1,0,Poblacion,Buhangin Creek,5.9,91.9,0.504,0.823,41319,19,113.6,167.1,263.2,25.9,91.4,18.3,1.58,322.7,8.5,High
FLD-005584,2021-09-19,2021,9,Sunday,1,1,0,Poblacion,Buhangin Creek,6.4,101.8,0.435,0.836,41449,18,9.8,44.2,255.7,29.3,83.7,9.3,1.26,141.8,3.6,Medium
FLD-005585,2021-04-09,2021,4,Friday,0,0,0,Harapin ang Bukas,Drainage,17.0,557.2,0.568,0.721,23497,19,1.1,38.7,106.4,31.9,73.2,4.2,1.13,77.5,2.3,Medium
FLD-005586,2021-01-21,2021,1,Thursday,0,0,0,Mabini-J. Rizal,Maytunas Creek,16.0,437.5,0.601,0.748,34029,10,3.2,80.2,158.6,30.4,55.0,17.5,1.43,103.2,3.6,Medium
FLD-005587,2024-02-22,2024,2,Thursday,0,0,0,Pag-Asa,Drainage,20.7,619.7,0.634,0.676,20604,11,1.3,70.2,114.4,32.8,66.3,4.4,1.28,169.9,3.6,Low
FLD-005588,2024-03-30,2024,3,Saturday,1,0,1,Addition Hills,Maytunas Creek,24.3,1023.8,0.662,0.739,43787,8,27.9,113.4,164.6,32.0,65.4,14.6,0.94,115.1,9.2,High
FLD-005589,2023-12-24,2023,12,Sunday,1,0,0,Hagdan Bato Itaas,Drainage,22.5,749.7,0.681,0.702,30473,15,7.4,28.1,160.4,32.6,69.3,12.7,1.04,0.1,2.6,Low
FLD-005590,2024-11-11,2024,11,Monday,0,1,1,Plainview,Estero,17.0,503.0,0.604,0.725,31784,13,48.9,114.3,472.7,27.7,78.8,18.1,1.38,217.2,10.0,High
FLD-005591,2021-05-17,2021,5,Monday,0,1,0,Addition Hills,Maytunas Creek,25.2,982.6,0.756,0.736,43030,10,20.1,67.1,251.1,28.5,82.6,3.2,1.0,137.2,5.6,Low
FLD-005592,2024-03-20,2024,3,Wednesday,0,0,2,Malamig,Tributary,20.8,622.6,0.663,0.676,29289,13,108.7,144.6,210.0,28.7,67.4,25.0,0.72,182.0,11.6,High
FLD-005593,2023-07-25,2023,7,Tuesday,0,1,0,Mauway,Maytunas Creek,24.0,867.9,0.645,0.704,35926,9,3.9,22.1,288.3,30.1,69.9,11.4,1.53,24.5,1.7,Low
FLD-005594,2025-04-10,2025,4,Thursday,0,0,1,Plainview,Estero,17.6,484.3,0.565,0.7,31999,14,29.1,48.6,178.5,31.0,62.7,15.1,1.23,139.3,6.8,Medium
FLD-005595,2026-04-15,2026,4,Wednesday,0,0,0,Addition Hills,Maytunas Creek,24.5,983.0,0.661,0.681,46464,9,1.3,40.9,101.6,32.2,64.3,11.7,1.24,133.5,6.0,Medium
FLD-005596,2024-12-22,2024,12,Sunday,1,0,0,Vergara,Drainage,24.2,771.2,0.749,0.619,29570,7,12.5,52.7,172.2,30.4,62.3,21.0,0.94,4.1,2.3,Low
FLD-005597,2022-06-04,2022,6,Saturday,1,1,0,Pleasant Hills,Ermitaño Creek,25.7,1000.6,0.725,0.708,21828,9,10.7,33.4,63.4,28.7,69.5,4.2,1.56,2.5,1.4,Low
FLD-005598,2024-03-19,2024,3,Tuesday,0,0,0,Hagdan Bato Libis,Drainage,16.7,487.3,0.648,0.74,29047,16,1.0,73.9,208.8,32.0,75.8,9.4,0.52,0,6.2,Medium
FLD-005599,2026-04-12,2026,4,Sunday,1,0,0,Hagdan Bato Libis,Drainage,15.0,506.3,0.576,0.756,31776,15,3.7,110.0,278.4,30.2,66.6,4.0,1.19,130.1,7.5,Medium
FLD-005600,2023-08-05,2023,8,Saturday,1,1,0,Barangka Drive,Pasig River,9.1,192.6,0.478,0.853,36259,21,56.8,234.0,304.3,26.8,79.6,28.4,1.54,173.5,11.6,High
FLD-005601,2026-03-08,2026,3,Sunday,1,0,0,Hulo,Pasig River,5.0,135.2,0.379,0.854,39308,19,6.3,50.7,230.9,29.5,71.0,0,0.86,98.7,5.2,Low
FLD-005602,2023-04-14,2023,4,Friday,0,0,0,New Zañiga,Buhangin Creek,8.2,142.1,0.553,0.78,37128,24,17.2,27.1,98.7,30.7,66.2,7.1,1.5,123.7,6.2,Medium
FLD-005603,2025-11-28,2025,11,Friday,0,1,0,Buayang Bato,Buayang Bato Creek,13.4,289.6,0.628,0.784,32639,15,50.0,149.9,215.4,27.8,65.2,4.9,0.67,131.9,6.2,Medium
FLD-005604,2022-07-15,2022,7,Friday,0,1,1,Pleasant Hills,Ermitaño Creek,25.0,977.9,0.709,0.631,23824,11,162.0,220.4,258.6,26.3,85.5,21.7,1.6,254.7,14.5,High
FLD-005605,2026-01-08,2026,1,Thursday,0,0,1,Addition Hills,Maytunas Creek,25.3,1005.3,0.683,0.718,45664,0,121.8,134.1,203.4,27.6,64.5,20.8,1.24,272.3,11.6,High
FLD-005606,2022-04-14,2022,4,Thursday,0,0,0,Highway Hills,Maytunas Creek,30.2,902.8,0.736,0.718,42027,9,57.4,135.0,194.6,31.1,71.3,3.7,0.69,1.0,4.2,Low
FLD-005607,2021-06-06,2021,6,Sunday,1,1,0,Namayan,Pasig River,7.3,189.2,0.549,0.801,31464,21,100.2,174.2,310.4,28.2,85.5,12.6,1.16,219.8,11.6,High
FLD-005608,2026-06-10,2026,6,Wednesday,0,1,0,Pleasant Hills,Ermitaño Creek,25.1,1038.7,0.751,0.675,25528,14,8.0,169.6,216.8,30.7,78.4,4.5,0.83,2.1,6.5,Low
FLD-005609,2021-12-20,2021,12,Monday,0,0,0,Namayan,Pasig River,8.0,148.2,0.482,0.828,33995,14,5.5,22.7,85.6,31.0,68.6,9.7,1.2,113.8,2.4,Medium
FLD-005610,2026-04-28,2026,4,Tuesday,0,0,0,Harapin ang Bukas,Drainage,17.4,561.1,0.568,0.787,23932,12,4.4,44.3,108.3,30.6,63.6,7.5,0.89,1.1,5.3,Low
FLD-005611,2021-09-03,2021,9,Friday,0,1,1,Pag-Asa,Drainage,19.8,651.3,0.626,0.718,25374,15,40.9,90.4,218.5,31.5,76.5,24.6,1.12,143.7,7.5,Low
FLD-005612,2021-05-07,2021,5,Friday,0,1,0,Hagdan Bato Libis,Drainage,17.1,488.9,0.595,0.713,31183,15,0.8,26.7,98.5,29.5,78.8,11.3,1.1,111.2,4.9,Medium
FLD-005613,2021-01-11,2021,1,Monday,0,0,0,Barangka Ilaya,Pasig River,8.1,146.0,0.475,0.868,37177,21,13.8,117.5,158.4,33.1,59.5,10.9,1.42,81.8,4.2,High
FLD-005614,2026-04-06,2026,4,Monday,0,0,0,Wack-Wack Greenhills East,Drainage,27.4,1200.1,0.828,0.593,23961,9,7.3,55.9,247.0,34.0,68.3,5.2,0.6,72.8,4.6,Low
FLD-005615,2022-01-11,2022,1,Tuesday,0,0,0,Hagdan Bato Libis,Drainage,15.5,514.7,0.602,0.752,29025,16,34.7,107.7,214.9,28.3,73.9,3.8,0.99,146.0,5.4,Medium
FLD-005616,2025-06-02,2025,6,Monday,0,1,0,Pag-Asa,Drainage,18.6,665.8,0.635,0.696,22384,12,49.1,149.7,185.9,31.1,82.6,2.2,1.12,55.3,7.6,Medium
FLD-005617,2022-12-17,2022,12,Saturday,1,0,1,Addition Hills,Maytunas Creek,24.6,975.1,0.714,0.728,43034,12,71.1,124.8,252.8,29.7,70.1,18.2,1.1,156.3,8.9,Medium
FLD-005618,2023-02-10,2023,2,Friday,0,0,0,Barangka Drive,Pasig River,8.5,180.8,0.525,0.798,31008,24,2.2,47.4,187.4,31.5,78.1,22.9,0.45,160.4,7.0,High
FLD-005619,2021-10-22,2021,10,Friday,0,1,1,Harapin ang Bukas,Drainage,16.0,549.5,0.582,0.741,20457,15,13.5,41.1,155.7,29.1,82.1,11.6,1.24,96.3,6.7,Medium
FLD-005620,2022-02-05,2022,2,Saturday,1,0,0,Pag-Asa,Drainage,20.8,653.7,0.648,0.711,24153,15,2.6,43.1,143.5,31.4,67.3,12.3,1.15,126.1,3.6,Medium
FLD-005621,2024-08-24,2024,8,Saturday,1,1,0,Pleasant Hills,Ermitaño Creek,25.1,993.4,0.703,0.647,27353,13,84.0,291.0,399.1,30.2,77.8,0,1.18,102.4,13.6,High
FLD-005622,2021-10-26,2021,10,Tuesday,0,1,0,Mabini-J. Rizal,Maytunas Creek,16.6,436.1,0.533,0.751,31449,16,1.0,112.7,317.7,28.4,78.0,14.5,1.46,92.6,8.8,Medium
FLD-005623,2024-04-11,2024,4,Thursday,0,0,0,Daang Bakal,Maytunas Creek,11.8,355.4,0.576,0.781,31991,19,2.3,29.0,150.2,29.4,66.9,23.1,1.11,123.8,4.4,Low
FLD-005624,2021-10-09,2021,10,Saturday,1,1,0,Hulo,Pasig River,5.4,135.3,0.446,0.811,41158,21,3.9,64.1,141.7,31.9,69.2,16.6,1.38,171.2,5.6,Medium
FLD-005625,2023-09-25,2023,9,Monday,0,1,1,Namayan,Pasig River,8.0,136.6,0.535,0.8,32868,24,44.7,218.3,362.0,29.3,79.0,15.1,1.29,192.4,11.5,High
FLD-005626,2021-11-14,2021,11,Sunday,1,1,1,Mabini-J. Rizal,Maytunas Creek,14.9,472.1,0.641,0.698,32394,14,74.8,162.5,302.5,27.9,85.9,2.5,0.72,171.6,10.8,High
FLD-005627,2026-03-07,2026,3,Saturday,1,0,0,Hagdan Bato Itaas,Drainage,22.4,762.7,0.762,0.679,28651,9,48.8,57.7,148.1,33.6,74.3,10.9,1.32,110.0,5.7,Low
FLD-005628,2023-02-01,2023,2,Wednesday,0,0,0,Burol,Drainage,21.6,693.2,0.615,0.701,22868,14,10.5,48.0,217.5,31.3,54.7,8.5,0.85,4.3,4.1,Low
FLD-005629,2022-08-11,2022,8,Thursday,0,1,0,Buayang Bato,Buayang Bato Creek,14.0,314.8,0.578,0.806,32194,10,1.9,192.9,244.7,27.8,73.6,16.3,0.7,150.6,11.9,Medium
FLD-005630,2024-06-26,2024,6,Wednesday,0,1,0,Buayang Bato,Buayang Bato Creek,14.4,311.5,0.583,0.835,36063,15,2.8,48.3,319.4,31.6,72.3,28.9,1.15,13.7,1.4,Low
FLD-005631,2023-06-27,2023,6,Tuesday,0,1,2,Wack-Wack Greenhills East,Drainage,28.3,1208.9,0.791,0.688,24309,4,59.7,129.2,167.2,27.5,83.3,31.9,0.91,113.4,7.4,Medium
FLD-005632,2022-05-26,2022,5,Thursday,0,1,0,Namayan,Pasig River,6.9,133.3,0.477,0.845,32900,22,3.0,118.4,258.4,28.0,72.5,6.6,1.46,149.3,6.4,Medium
FLD-005633,2025-05-02,2025,5,Friday,0,1,0,Hulo,Pasig River,6.3,147.3,0.447,0.911,37890,24,29.0,45.5,227.3,30.4,86.1,2.5,1.37,236.3,5.8,High
FLD-005634,2025-08-16,2025,8,Saturday,1,1,2,Vergara,Drainage,25.5,783.9,0.713,0.622,22058,12,95.1,123.1,248.4,25.9,87.2,21.7,1.25,222.3,10.1,High
FLD-005635,2025-12-11,2025,12,Thursday,0,0,0,Burol,Drainage,21.6,705.1,0.666,0.621,17663,13,5.7,52.7,89.9,29.8,72.6,6.4,0.52,4.2,5.0,Low
FLD-005636,2025-05-05,2025,5,Monday,0,1,0,Hagdan Bato Libis,Drainage,16.6,531.3,0.654,0.744,31702,14,72.7,107.9,126.8,26.5,83.5,18.1,1.36,130.6,12.0,Medium
FLD-005637,2025-04-15,2025,4,Tuesday,0,0,0,Bagong Silang,Drainage,17.9,595.9,0.675,0.683,24589,16,54.2,92.8,123.7,32.4,71.6,7.5,0.84,123.4,7.2,Low
FLD-005638,2024-01-17,2024,1,Wednesday,0,0,0,Barangka Itaas,Pasig River,10.2,219.6,0.558,0.892,34133,11,10.6,42.0,89.6,33.7,72.6,6.9,1.27,178.7,5.4,Low
FLD-005639,2021-07-21,2021,7,Wednesday,0,1,0,Vergara,Drainage,24.5,813.3,0.726,0.666,31210,9,18.8,61.5,172.9,30.1,80.0,1.3,1.0,66.9,4.6,Medium
FLD-005640,2021-09-18,2021,9,Saturday,1,1,1,Plainview,Estero,18.6,483.7,0.612,0.71,32828,15,34.5,81.9,138.9,29.8,79.1,27.7,1.37,120.5,6.4,Medium
FLD-005641,2025-11-13,2025,11,Thursday,0,1,0,Plainview,Estero,18.0,507.0,0.569,0.722,30485,13,56.8,108.5,156.1,28.2,86.4,1.7,1.33,176.5,8.1,Medium
FLD-005642,2022-09-01,2022,9,Thursday,0,1,0,Old Zañiga,Buhangin Creek,6.8,161.5,0.487,0.874,36064,18,20.6,81.4,131.9,32.1,82.4,7.2,0.78,157.1,6.2,Medium
FLD-005643,2026-04-06,2026,4,Monday,0,0,0,Mauway,Maytunas Creek,23.2,810.4,0.663,0.675,37257,7,3.7,33.8,87.8,30.9,58.3,6.9,1.32,90.8,4.4,Low
FLD-005644,2026-01-07,2026,1,Wednesday,0,0,0,Highway Hills,Maytunas Creek,29.6,886.4,0.756,0.806,40921,9,8.1,67.6,160.4,35.2,67.0,6.4,1.06,3.2,5.0,Low
FLD-005645,2022-10-01,2022,10,Saturday,1,1,0,Daang Bakal,Maytunas Creek,11.1,334.5,0.607,0.791,31169,17,2.9,49.6,295.4,28.8,79.0,7.4,0.83,122.8,9.7,Medium
FLD-005646,2021-12-01,2021,12,Wednesday,0,0,0,Harapin ang Bukas,Drainage,16.2,528.3,0.617,0.757,24820,15,4.8,29.1,156.1,30.3,64.3,3.5,0.84,180.5,1.9,Low
FLD-005647,2022-01-26,2022,1,Wednesday,0,0,1,Barangka Drive,Pasig River,7.6,214.1,0.47,0.835,35373,20,46.8,57.4,246.5,30.0,74.6,18.7,0.87,154.1,7.7,Medium
FLD-005648,2024-01-06,2024,1,Saturday,1,0,2,Mauway,Maytunas Creek,24.4,885.8,0.68,0.731,40769,11,50.2,129.1,211.9,28.2,68.4,31.3,1.11,122.3,7.0,High
FLD-005649,2025-07-20,2025,7,Sunday,1,1,0,Hagdan Bato Itaas,Drainage,22.4,725.6,0.724,0.68,28638,10,121.1,333.6,340.5,26.8,88.7,13.5,1.12,219.8,15.6,High
FLD-005650,2023-07-27,2023,7,Thursday,0,1,1,Hagdan Bato Itaas,Drainage,22.6,763.6,0.65,0.668,28588,13,36.3,75.2,405.5,29.7,76.0,8.5,0.67,98.2,7.0,Medium
FLD-005651,2022-05-14,2022,5,Saturday,1,1,1,Mauway,Maytunas Creek,23.1,925.3,0.69,0.723,40012,12,37.1,57.2,133.9,27.3,78.8,14.6,0.91,11.1,6.7,Low
FLD-005652,2021-03-12,2021,3,Friday,0,0,1,Wack-Wack Greenhills East,Drainage,28.2,1193.6,0.778,0.65,16710,8,103.8,114.7,307.7,30.7,77.3,9.3,0.95,18.7,5.7,Low
FLD-005653,2026-05-25,2026,5,Monday,0,1,0,Mauway,Maytunas Creek,21.8,842.4,0.682,0.742,39806,5,11.8,57.3,87.3,30.9,75.4,8.5,0.56,42.5,6.1,Medium
FLD-005654,2021-04-09,2021,4,Friday,0,0,0,Wack-Wack Greenhills East,Drainage,28.6,1176.9,0.848,0.643,20277,7,0.2,10.8,156.0,29.7,61.2,14.7,0.51,5.0,2.5,Low
FLD-005655,2024-11-18,2024,11,Monday,0,1,0,Highway Hills,Maytunas Creek,30.1,882.0,0.788,0.778,46954,6,75.5,149.9,527.5,26.0,85.5,7.7,1.14,141.0,7.4,Medium
FLD-005656,2024-03-24,2024,3,Sunday,1,0,1,Wack-Wack Greenhills East,Drainage,28.1,1185.8,0.841,0.626,20076,2,80.2,225.0,361.0,30.8,73.1,22.2,1.01,211.2,15.8,Medium
FLD-005657,2023-02-22,2023,2,Wednesday,0,0,0,Daang Bakal,Maytunas Creek,10.7,393.5,0.532,0.784,35402,10,0.1,30.3,129.3,31.9,60.5,6.7,1.15,82.1,4.4,Medium
FLD-005658,2026-06-23,2026,6,Tuesday,0,1,0,Pag-Asa,Drainage,19.5,645.6,0.588,0.704,24661,15,21.3,52.0,143.4,29.0,59.2,5.3,1.17,107.5,4.6,Medium
FLD-005659,2023-10-28,2023,10,Saturday,1,1,0,Malamig,Tributary,20.1,639.6,0.701,0.706,27201,10,6.1,65.0,187.0,27.7,75.6,3.6,0.99,0,5.0,Medium
FLD-005660,2023-12-22,2023,12,Friday,0,0,0,Pleasant Hills,Ermitaño Creek,25.5,991.6,0.749,0.659,28410,5,12.6,60.5,177.6,32.8,64.6,8.2,0.61,10.2,5.3,Low
FLD-005661,2025-08-09,2025,8,Saturday,1,1,0,Poblacion,Buhangin Creek,7.2,86.7,0.504,0.849,42223,26,24.4,80.0,235.9,29.0,72.5,7.1,0.82,11.8,3.0,Low
FLD-005662,2021-03-25,2021,3,Thursday,0,0,0,Namayan,Pasig River,7.9,187.0,0.603,0.787,35953,19,13.3,56.6,104.0,32.1,62.8,2.2,1.01,193.2,8.1,Medium
FLD-005663,2025-10-04,2025,10,Saturday,1,1,0,Vergara,Drainage,22.6,800.5,0.709,0.644,25595,15,43.9,159.1,259.9,29.4,84.0,4.4,1.16,137.1,5.9,Medium
FLD-005664,2025-04-25,2025,4,Friday,0,0,0,Hagdan Bato Libis,Drainage,15.8,461.8,0.629,0.708,29480,14,28.3,135.1,200.7,30.6,66.4,2.1,1.09,118.4,9.6,Medium
FLD-005665,2023-09-15,2023,9,Friday,0,1,1,Highway Hills,Maytunas Creek,28.8,904.5,0.704,0.832,44653,9,43.6,118.4,176.2,29.8,81.3,30.5,1.16,86.7,9.3,Low
FLD-005666,2023-08-15,2023,8,Tuesday,0,1,0,Buayang Bato,Buayang Bato Creek,14.2,309.4,0.591,0.796,34724,16,7.1,32.5,195.2,30.6,75.8,10.3,1.9,85.6,3.5,Medium
FLD-005667,2024-05-27,2024,5,Monday,0,1,0,Wack-Wack Greenhills East,Drainage,29.1,1210.2,0.779,0.666,13212,4,30.6,58.8,251.3,28.4,75.4,17.0,0.89,8.7,2.1,Low
FLD-005668,2025-08-14,2025,8,Thursday,0,1,0,Bagong Silang,Drainage,16.7,596.7,0.601,0.765,23394,16,27.3,44.6,88.4,28.0,73.3,5.9,1.32,65.5,6.7,Medium
FLD-005669,2022-01-04,2022,1,Tuesday,0,0,0,Malamig,Tributary,20.1,610.9,0.717,0.708,27264,14,66.0,170.7,305.0,31.0,64.4,13.8,0.75,120.3,7.3,High
FLD-005670,2021-12-18,2021,12,Saturday,1,0,0,Barangka Drive,Pasig River,9.5,193.1,0.507,0.801,35634,16,27.5,48.0,185.9,31.3,60.4,5.4,1.52,77.8,7.2,Medium
FLD-005671,2021-08-11,2021,8,Wednesday,0,1,0,Pleasant Hills,Ermitaño Creek,25.5,978.5,0.646,0.687,24045,12,2.6,90.4,163.6,28.9,79.8,8.9,0.98,1.0,4.6,Low
FLD-005672,2021-05-14,2021,5,Friday,0,1,0,Barangka Drive,Pasig River,7.8,197.2,0.521,0.821,37636,17,27.9,80.0,154.6,27.5,84.1,3.3,1.19,131.6,9.7,High
FLD-005673,2025-09-14,2025,9,Sunday,1,1,1,Pleasant Hills,Ermitaño Creek,24.3,951.1,0.702,0.696,25380,11,52.4,107.7,222.6,31.8,79.2,31.8,1.78,111.4,5.8,Medium
FLD-005674,2024-05-26,2024,5,Sunday,1,1,1,Namayan,Pasig River,7.4,174.2,0.575,0.839,30414,17,91.7,175.1,457.8,28.2,82.1,17.9,1.28,203.5,9.9,High
FLD-005675,2021-02-28,2021,2,Sunday,1,0,0,Burol,Drainage,20.8,656.5,0.64,0.697,25525,16,1.9,14.1,112.1,30.7,79.2,0,0.95,5.2,0.5,Low
FLD-005676,2026-01-10,2026,1,Saturday,1,0,1,Plainview,Estero,17.5,526.5,0.604,0.713,31787,18,81.1,82.8,155.9,28.5,76.6,21.0,1.21,183.7,6.6,Medium
FLD-005677,2023-01-13,2023,1,Friday,0,0,2,Namayan,Pasig River,7.2,138.5,0.543,0.801,31863,18,33.8,90.2,203.3,31.3,70.3,37.0,1.16,156.9,9.8,High
FLD-005678,2021-10-10,2021,10,Sunday,1,1,2,Mabini-J. Rizal,Maytunas Creek,15.2,446.2,0.588,0.745,32439,17,68.7,168.2,193.7,26.9,68.1,22.3,1.02,170.8,10.7,High
FLD-005679,2023-03-10,2023,3,Friday,0,0,0,Malamig,Tributary,19.5,616.5,0.71,0.694,29254,14,32.1,86.6,296.0,32.5,72.0,2.0,0.98,116.0,5.6,Medium
FLD-005680,2024-05-19,2024,5,Sunday,1,1,1,Hulo,Pasig River,5.7,80.4,0.455,0.874,38806,21,48.2,101.6,328.0,27.0,80.4,8.4,1.84,138.1,11.5,High
FLD-005681,2025-06-11,2025,6,Wednesday,0,1,1,Poblacion,Buhangin Creek,5.5,79.0,0.481,0.828,40269,22,71.2,159.0,366.1,26.9,79.2,16.4,1.18,304.4,13.4,High
FLD-005682,2022-06-29,2022,6,Wednesday,0,1,0,Vergara,Drainage,22.9,774.8,0.679,0.635,22826,10,38.5,91.3,104.7,28.9,87.9,9.4,1.16,8.3,6.7,Low
FLD-005683,2023-10-23,2023,10,Monday,0,1,2,Barangka Drive,Pasig River,8.8,228.7,0.483,0.828,34002,21,80.7,206.4,385.9,26.9,72.8,24.2,1.25,357.7,17.3,High
FLD-005684,2025-06-17,2025,6,Tuesday,0,1,3,San Jose,Drainage,21.9,657.9,0.7,0.647,26819,16,29.4,59.4,130.3,29.2,80.9,36.6,0.83,157.3,5.6,Medium
FLD-005685,2021-03-05,2021,3,Friday,0,0,3,Hulo,Pasig River,6.1,87.1,0.456,0.85,34306,19,158.6,235.1,260.7,25.7,75.6,32.4,0.95,404.6,18.1,High
FLD-005686,2024-01-17,2024,1,Wednesday,0,0,0,Barangka Itaas,Pasig River,9.4,240.6,0.484,0.851,36107,20,71.7,164.1,234.7,27.8,76.4,9.6,1.36,168.5,11.5,High
FLD-005687,2023-12-05,2023,12,Tuesday,0,0,0,Mabini-J. Rizal,Maytunas Creek,13.4,416.3,0.644,0.723,31025,14,20.0,60.2,172.6,30.6,69.6,14.6,1.81,11.7,2.8,Low
FLD-005688,2022-11-05,2022,11,Saturday,1,1,0,New Zañiga,Buhangin Creek,6.2,145.0,0.484,0.756,41566,23,46.1,90.6,148.7,27.7,79.4,5.6,0.75,173.0,8.3,High
FLD-005689,2021-12-21,2021,12,Tuesday,0,0,1,Hagdan Bato Libis,Drainage,15.3,462.7,0.632,0.773,25643,19,72.5,137.1,195.6,29.5,78.3,18.4,0.92,149.7,10.5,High
FLD-005690,2023-12-07,2023,12,Thursday,0,0,0,Pleasant Hills,Ermitaño Creek,25.1,995.7,0.702,0.651,26073,4,7.6,23.0,89.3,31.3,68.0,0.9,0.97,0.5,0.8,Low
FLD-005691,2026-06-28,2026,6,Sunday,1,1,1,Barangka Ibaba,Pasig River,6.5,109.8,0.456,0.872,38971,21,102.8,289.2,532.7,25.5,93.6,18.7,1.2,321.6,16.7,High
FLD-005692,2022-03-30,2022,3,Wednesday,0,0,0,Hagdan Bato Libis,Drainage,16.4,456.8,0.584,0.749,26168,11,24.9,45.3,245.3,30.0,79.8,18.0,1.31,175.8,4.9,Medium
FLD-005693,2026-02-19,2026,2,Thursday,0,0,0,Addition Hills,Maytunas Creek,25.4,1018.6,0.642,0.732,47951,14,43.2,77.6,127.6,31.6,64.0,13.5,0.81,0.2,4.5,Low
FLD-005694,2022-07-12,2022,7,Tuesday,0,1,2,Barangka Itaas,Pasig River,8.7,223.1,0.494,0.865,33449,22,161.2,260.6,359.4,27.1,82.5,37.5,0.9,371.8,14.5,High
FLD-005695,2022-12-29,2022,12,Thursday,0,0,0,Barangka Ibaba,Pasig River,6.3,79.2,0.497,0.856,38594,23,12.7,24.6,82.0,31.3,62.0,2.2,1.03,108.2,3.1,Medium
FLD-005696,2021-04-22,2021,4,Thursday,0,0,1,Hagdan Bato Itaas,Drainage,21.4,737.5,0.704,0.656,28102,10,8.5,82.5,287.7,30.0,63.8,42.3,1.4,23.7,7.3,Low
FLD-005697,2025-06-26,2025,6,Thursday,0,1,0,Daang Bakal,Maytunas Creek,12.6,327.5,0.557,0.786,32995,19,48.1,125.1,782.2,29.8,76.6,20.8,0.99,202.0,11.6,High
FLD-005698,2023-09-03,2023,9,Sunday,1,1,0,Hagdan Bato Libis,Drainage,14.9,491.2,0.603,0.752,32296,12,23.9,35.8,246.9,27.4,72.3,13.7,0.89,106.0,5.1,Low
FLD-005699,2022-09-13,2022,9,Tuesday,0,1,2,Daang Bakal,Maytunas Creek,11.9,316.7,0.62,0.812,30984,13,49.1,244.9,336.4,27.8,73.4,37.2,0.54,197.3,15.3,High
FLD-005700,2024-11-16,2024,11,Saturday,1,1,1,Barangka Drive,Pasig River,8.8,287.4,0.484,0.803,35810,22,9.5,251.1,333.4,28.7,66.1,19.5,1.24,131.2,15.7,High
FLD-005701,2022-01-16,2022,1,Sunday,1,0,0,Mabini-J. Rizal,Maytunas Creek,14.4,416.4,0.522,0.752,29013,18,125.5,169.8,196.2,30.8,76.7,7.3,0.96,251.0,12.0,High
FLD-005702,2023-01-15,2023,1,Sunday,1,0,2,Barangka Ilaya,Pasig River,7.9,114.5,0.517,0.814,36212,20,71.2,81.0,215.1,29.1,68.0,31.1,0.7,198.2,10.7,High
FLD-005703,2026-05-17,2026,5,Sunday,1,1,1,Malamig,Tributary,20.6,586.5,0.66,0.704,31934,18,61.8,188.2,293.1,28.9,84.7,16.1,1.48,148.2,11.8,High
FLD-005704,2022-01-14,2022,1,Friday,0,0,2,Namayan,Pasig River,9.2,179.6,0.455,0.828,37635,22,100.8,145.7,228.2,28.6,83.8,22.7,0.51,355.0,11.7,High
FLD-005705,2026-04-20,2026,4,Monday,0,0,1,Addition Hills,Maytunas Creek,25.6,969.7,0.668,0.696,44310,9,79.8,81.8,163.0,30.3,70.4,25.6,1.15,157.1,9.4,High
FLD-005706,2026-03-09,2026,3,Monday,0,0,0,Barangka Ibaba,Pasig River,6.1,25,0.478,0.857,40474,23,24.9,89.9,196.9,31.8,67.2,29.6,1.18,174.5,7.0,Medium
FLD-005707,2024-06-28,2024,6,Friday,0,1,0,New Zañiga,Buhangin Creek,7.8,204.0,0.55,0.799,35065,16,13.6,21.0,74.4,29.1,71.8,11.3,0.93,143.4,5.0,Medium
FLD-005708,2023-01-01,2023,1,Sunday,1,0,0,Mabini-J. Rizal,Maytunas Creek,14.5,433.2,0.669,0.729,29675,14,0.7,30.0,128.7,30.9,64.6,19.3,1.15,62.7,0.5,Medium
FLD-005709,2023-07-10,2023,7,Monday,0,1,0,Hulo,Pasig River,5.4,71.3,0.438,0.937,41645,25,74.4,141.9,210.2,29.0,82.0,20.1,1.18,181.3,9.2,High
FLD-005710,2024-10-01,2024,10,Tuesday,0,1,0,Harapin ang Bukas,Drainage,16.9,552.9,0.607,0.711,26372,11,36.2,46.9,83.7,26.0,74.9,0.3,1.1,0.9,3.2,Low
FLD-005711,2023-10-06,2023,10,Friday,0,1,1,Barangka Itaas,Pasig River,10.7,244.5,0.579,0.785,31436,15,112.1,200.5,349.1,28.1,92.9,17.2,0.71,238.6,14.0,High
FLD-005712,2024-09-12,2024,9,Thursday,0,1,0,Poblacion,Buhangin Creek,6.5,105.9,0.475,0.799,41069,22,40.9,147.3,297.9,30.0,71.7,6.1,1.37,197.1,9.8,Medium
FLD-005713,2022-07-24,2022,7,Sunday,1,1,2,Wack-Wack Greenhills East,Drainage,28.5,1176.6,0.8,0.604,21092,6,112.9,140.9,347.0,25.7,88.3,23.2,1.4,187.8,10.3,High
FLD-005714,2021-03-12,2021,3,Friday,0,0,0,Pleasant Hills,Ermitaño Creek,25.4,1054.4,0.703,0.705,28803,12,1.1,87.8,230.7,30.8,61.1,4.4,1.13,5.4,6.9,Low
FLD-005715,2023-09-16,2023,9,Saturday,1,1,1,Addition Hills,Maytunas Creek,24.8,998.4,0.704,0.701,44502,14,33.5,66.9,146.8,30.1,76.9,17.1,1.66,8.7,3.8,Low
FLD-005716,2024-04-25,2024,4,Thursday,0,0,0,Wack-Wack Greenhills East,Drainage,29.0,1222.0,0.818,0.594,18363,8,48.1,132.5,318.5,28.2,71.9,0.3,1.18,4.8,2.9,Low
FLD-005717,2024-01-02,2024,1,Tuesday,0,0,0,Vergara,Drainage,24.4,784.5,0.741,0.684,24601,10,11.1,126.5,164.4,30.3,65.7,8.9,0.83,75.7,6.5,Medium
FLD-005718,2022-10-05,2022,10,Wednesday,0,1,0,Wack-Wack Greenhills East,Drainage,27.6,1239.5,0.809,0.632,20549,1,61.0,184.1,236.9,28.9,85.8,5.5,1.14,131.4,8.6,Medium
FLD-005719,2022-01-08,2022,1,Saturday,1,0,0,Hulo,Pasig River,5.9,126.4,0.422,0.891,41927,18,0.3,43.1,103.4,31.7,60.9,4.2,0.97,93.8,3.5,Medium
FLD-005720,2025-07-07,2025,7,Monday,0,1,0,Burol,Drainage,22.0,704.0,0.688,0.625,24268,7,30.1,49.0,128.3,28.7,81.5,8.6,1.05,123.4,6.6,Low
FLD-005721,2023-01-20,2023,1,Friday,0,0,1,Hulo,Pasig River,5.9,50.0,0.484,0.887,32660,19,82.7,115.0,235.1,32.1,66.4,7.6,1.05,185.0,10.9,High
FLD-005722,2021-04-23,2021,4,Friday,0,0,0,Wack-Wack Greenhills East,Drainage,28.8,1208.7,0.848,0.655,16721,6,3.2,73.0,133.0,33.7,70.1,7.8,1.04,69.2,4.6,Low
FLD-005723,2021-11-30,2021,11,Tuesday,0,1,0,Bagong Silang,Drainage,18.0,604.4,0.559,0.717,26514,13,49.7,304.3,541.1,27.9,83.9,11.4,0.9,164.0,14.7,Medium
FLD-005724,2021-07-20,2021,7,Tuesday,0,1,0,Hulo,Pasig River,6.0,95.2,0.356,0.866,35832,25,13.1,19.6,169.1,28.2,78.9,9.4,1.48,174.1,6.1,Medium
FLD-005725,2022-11-19,2022,11,Saturday,1,1,1,Hagdan Bato Itaas,Drainage,22.3,711.7,0.671,0.682,25543,8,61.4,112.2,250.1,26.6,81.4,14.3,1.59,156.1,9.2,High
FLD-005726,2022-06-11,2022,6,Saturday,1,1,2,Highway Hills,Maytunas Creek,30.3,886.9,0.721,0.79,46303,10,76.4,88.6,311.7,28.3,97.5,44.7,0.68,134.6,6.0,High
FLD-005727,2021-12-13,2021,12,Monday,0,0,0,Plainview,Estero,18.3,476.9,0.65,0.707,29920,12,1.2,83.0,174.7,32.1,57.2,4.7,1.39,93.5,8.0,Low
FLD-005728,2025-06-23,2025,6,Monday,0,1,0,Mabini-J. Rizal,Maytunas Creek,14.1,495.4,0.589,0.739,32637,23,19.9,116.0,208.2,28.7,69.7,9.4,0.62,35.0,9.3,Medium
FLD-005729,2025-03-21,2025,3,Friday,0,0,0,Mabini-J. Rizal,Maytunas Creek,15.8,469.3,0.641,0.725,31733,14,23.8,34.2,85.4,30.4,69.0,7.5,1.53,124.5,4.9,Medium
FLD-005730,2023-10-14,2023,10,Saturday,1,1,0,Barangka Ibaba,Pasig River,6.8,82.4,0.384,0.858,44061,26,5.5,65.2,235.9,30.2,82.7,16.7,1.18,83.2,7.0,High
FLD-005731,2025-10-10,2025,10,Friday,0,1,0,Addition Hills,Maytunas Creek,24.5,1006.1,0.676,0.744,48759,13,16.3,31.7,81.3,30.4,64.5,9.2,1.37,80.8,5.5,Low
FLD-005732,2025-05-02,2025,5,Friday,0,1,0,Barangka Ibaba,Pasig River,7.1,42.1,0.44,0.872,40707,21,3.6,51.9,135.0,30.3,67.8,5.7,1.14,173.4,6.2,Medium
FLD-005733,2026-03-22,2026,3,Sunday,1,0,0,Malamig,Tributary,19.8,596.0,0.62,0.673,27288,16,6.5,37.7,104.2,29.6,73.3,10.9,1.12,1.4,3.7,Low
FLD-005734,2025-12-25,2025,12,Thursday,0,0,0,Plainview,Estero,19.7,484.1,0.6,0.689,29025,17,1.5,49.3,336.5,31.7,75.6,6.6,1.01,126.9,5.8,Low
FLD-005735,2021-10-16,2021,10,Saturday,1,1,0,Malamig,Tributary,19.9,587.1,0.662,0.713,29001,9,7.1,43.5,124.2,30.7,67.7,37.4,0.83,6.7,3.3,Low
FLD-005736,2022-08-25,2022,8,Thursday,0,1,1,Barangka Ilaya,Pasig River,6.9,154.4,0.482,0.792,40732,17,161.1,205.0,332.9,27.4,90.9,6.2,1.53,335.2,10.4,High
FLD-005737,2021-04-13,2021,4,Tuesday,0,0,0,Daang Bakal,Maytunas Creek,13.6,360.8,0.577,0.754,27700,15,7.4,86.6,136.4,29.3,67.2,15.3,0.4,12.5,7.1,Low
FLD-005738,2025-12-24,2025,12,Wednesday,0,0,1,San Jose,Drainage,22.3,671.7,0.727,0.716,29297,10,30.3,32.1,91.4,31.9,79.6,27.0,0.8,43.4,0.8,Medium
FLD-005739,2021-01-04,2021,1,Monday,0,0,0,Barangka Ilaya,Pasig River,8.0,176.7,0.446,0.8,36094,14,40.1,61.3,136.3,30.2,62.3,9.4,1.11,174.0,4.3,Medium
FLD-005740,2026-04-19,2026,4,Sunday,1,0,0,Vergara,Drainage,24.2,822.5,0.715,0.697,24820,11,20.6,148.1,259.2,30.1,64.5,15.7,1.34,11.7,4.3,Low
FLD-005741,2024-08-29,2024,8,Thursday,0,1,0,Malamig,Tributary,18.8,648.1,0.641,0.713,28655,12,1.7,301.3,547.5,31.5,69.7,4.9,1.39,117.2,12.5,Medium
FLD-005742,2024-08-19,2024,8,Monday,0,1,0,Highway Hills,Maytunas Creek,29.6,892.4,0.741,0.792,44977,13,7.3,49.3,142.5,30.0,70.5,22.9,1.26,0.0,4.6,Low
FLD-005743,2022-02-18,2022,2,Friday,0,0,2,Pag-Asa,Drainage,19.7,662.9,0.616,0.739,27214,16,56.9,80.8,125.6,28.9,73.7,17.7,1.18,182.7,8.2,High
FLD-005744,2023-12-05,2023,12,Tuesday,0,0,0,Harapin ang Bukas,Drainage,17.6,558.5,0.602,0.748,25616,13,46.5,100.0,164.0,32.5,66.8,15.1,0.67,11.3,7.4,Low
FLD-005745,2023-12-28,2023,12,Thursday,0,0,0,Namayan,Pasig River,8.4,184.3,0.516,0.852,34646,14,16.7,166.7,211.9,32.0,64.6,15.1,1.29,125.2,10.0,High
FLD-005746,2024-04-10,2024,4,Wednesday,0,0,2,Bagong Silang,Drainage,17.8,588.6,0.612,0.716,23975,9,114.0,160.6,257.7,30.5,89.2,21.3,0.69,329.7,11.9,High
FLD-005747,2025-08-18,2025,8,Monday,0,1,0,Hagdan Bato Libis,Drainage,16.0,516.8,0.647,0.735,30731,16,23.7,95.7,185.8,30.8,82.1,2.6,1.03,126.3,4.9,Medium
FLD-005748,2023-02-19,2023,2,Sunday,1,0,0,Barangka Drive,Pasig River,7.4,158.6,0.525,0.798,30586,25,3.0,43.8,112.7,31.6,63.0,9.4,1.06,143.4,6.7,Medium
FLD-005749,2024-08-26,2024,8,Monday,0,1,1,Old Zañiga,Buhangin Creek,7.1,150.7,0.502,0.851,36424,16,150.8,290.7,337.6,25.6,100,10.0,1.43,339.2,16.8,High
FLD-005750,2025-12-11,2025,12,Thursday,0,0,0,Barangka Itaas,Pasig River,9.5,212.4,0.531,0.836,36551,18,14.5,46.7,113.3,30.2,58.9,21.8,1.03,95.1,3.4,High
FLD-005751,2023-07-09,2023,7,Sunday,1,1,0,Old Zañiga,Buhangin Creek,7.1,167.0,0.46,0.755,32715,15,48.6,76.5,145.1,29.9,76.2,3.7,0.94,150.4,9.8,Medium
FLD-005752,2021-02-20,2021,2,Saturday,1,0,0,Buayang Bato,Buayang Bato Creek,14.6,229.7,0.558,0.776,35504,17,3.0,95.7,223.3,32.6,64.8,9.0,0.6,78.2,7.8,Medium
FLD-005753,2025-05-10,2025,5,Saturday,1,1,1,Namayan,Pasig River,7.7,163.0,0.511,0.846,31201,19,81.1,104.3,149.8,28.8,78.8,13.4,1.57,216.6,9.6,High
FLD-005754,2023-01-29,2023,1,Sunday,1,0,0,Hulo,Pasig River,7.0,85.4,0.433,0.87,36783,18,6.9,18.7,38.2,29.4,58.5,6.0,0.59,63.2,3.6,Medium
FLD-005755,2025-12-18,2025,12,Thursday,0,0,0,Pag-Asa,Drainage,21.4,615.1,0.677,0.729,23907,10,54.7,106.7,145.4,31.3,65.0,3.4,0.67,111.6,4.7,Medium
FLD-005756,2022-09-24,2022,9,Saturday,1,1,1,Barangka Itaas,Pasig River,10.8,253.2,0.498,0.83,32507,17,71.3,134.7,216.9,26.6,84.7,23.7,1.28,261.9,11.1,Medium
FLD-005757,2023-02-26,2023,2,Sunday,1,0,0,Mauway,Maytunas Creek,23.4,905.1,0.62,0.653,37774,9,5.7,29.3,180.7,31.6,61.4,3.6,1.66,0.0,5.5,Low
FLD-005758,2024-06-16,2024,6,Sunday,1,1,0,Barangka Ilaya,Pasig River,7.3,206.3,0.472,0.812,40753,18,4.2,65.6,199.6,30.0,66.8,3.5,2.02,85.2,6.5,Medium
FLD-005759,2021-02-23,2021,2,Tuesday,0,0,2,Vergara,Drainage,23.7,789.5,0.726,0.648,27285,11,171.3,184.2,238.5,27.6,88.5,33.9,1.4,305.3,10.1,High
FLD-005760,2024-07-06,2024,7,Saturday,1,1,0,Namayan,Pasig River,8.2,155.2,0.548,0.815,32736,16,8.8,113.7,291.0,28.2,73.6,4.5,0.79,1.6,1.9,Low
FLD-005761,2022-01-31,2022,1,Monday,0,0,0,Old Zañiga,Buhangin Creek,7.5,127.9,0.484,0.812,33611,22,1.3,3.2,61.8,32.5,63.2,8.0,1.37,13.8,3.3,Low
FLD-005762,2021-12-31,2021,12,Friday,0,0,1,Hagdan Bato Libis,Drainage,16.1,483.2,0.535,0.76,27401,13,58.9,121.4,191.6,30.5,79.6,32.8,0.65,143.8,10.9,High
FLD-005763,2022-10-23,2022,10,Sunday,1,1,0,Harapin ang Bukas,Drainage,17.4,581.8,0.648,0.764,25954,13,27.0,118.4,139.5,31.4,78.4,12.9,1.17,151.3,6.6,Medium
FLD-005764,2021-02-08,2021,2,Monday,0,0,0,Harapin ang Bukas,Drainage,16.7,562.2,0.591,0.735,25594,12,75.7,117.3,177.0,29.1,80.7,6.6,0.58,19.5,6.7,Low
FLD-005765,2021-07-01,2021,7,Thursday,0,1,0,Mabini-J. Rizal,Maytunas Creek,14.5,474.7,0.599,0.719,35364,18,5.3,30.1,110.8,30.9,68.6,17.7,1.74,75.2,3.3,Low
FLD-005766,2021-09-06,2021,9,Monday,0,1,0,Barangka Drive,Pasig River,8.4,200.9,0.416,0.835,36190,13,28.9,63.8,290.0,26.0,76.1,14.0,1.71,99.5,7.3,Medium
FLD-005767,2021-02-12,2021,2,Friday,0,0,1,Addition Hills,Maytunas Creek,24.7,978.2,0.637,0.688,44035,7,95.1,117.0,390.2,30.3,72.7,9.6,1.14,256.5,9.0,High
FLD-005768,2025-11-21,2025,11,Friday,0,1,0,Pag-Asa,Drainage,20.3,634.8,0.641,0.686,23710,11,10.7,53.4,209.7,31.5,75.2,0,0.99,52.5,3.0,Medium
FLD-005769,2021-11-02,2021,11,Tuesday,0,1,0,Highway Hills,Maytunas Creek,29.7,907.0,0.732,0.783,46018,7,9.1,181.7,298.4,30.8,68.8,24.7,1.15,52.0,5.7,Low
FLD-005770,2021-03-18,2021,3,Thursday,0,0,3,Bagong Silang,Drainage,18.4,644.6,0.624,0.72,26357,14,47.9,81.2,209.8,30.2,58.6,39.4,1.13,219.4,11.4,Medium
FLD-005771,2022-11-09,2022,11,Wednesday,0,1,0,Mauway,Maytunas Creek,22.7,891.2,0.669,0.701,39845,5,50.7,84.1,161.7,24.0,69.2,2.6,1.25,12.7,5.2,Low
FLD-005772,2021-01-22,2021,1,Friday,0,0,0,Poblacion,Buhangin Creek,5.3,93.9,0.406,0.871,42228,20,67.2,70.2,110.7,29.3,65.1,8.1,0.66,108.0,3.9,Medium
FLD-005773,2025-11-13,2025,11,Thursday,0,1,0,Barangka Itaas,Pasig River,11.2,293.9,0.523,0.818,34878,15,0.9,56.4,116.0,27.6,68.9,6.7,1.14,12.5,2.9,Low
FLD-005774,2022-09-08,2022,9,Thursday,0,1,0,Hagdan Bato Itaas,Drainage,22.0,770.7,0.671,0.717,28033,9,56.4,236.0,284.7,29.3,92.6,10.4,0.94,38.6,10.6,Medium
FLD-005775,2021-10-09,2021,10,Saturday,1,1,1,Vergara,Drainage,23.8,797.8,0.83,0.639,27331,8,133.8,160.4,420.1,28.9,91.8,11.4,2.04,178.8,7.7,High
FLD-005776,2023-09-24,2023,9,Sunday,1,1,1,Burol,Drainage,21.3,705.5,0.624,0.679,21830,16,42.2,119.9,357.5,30.3,73.1,17.6,1.38,74.1,4.7,High
FLD-005777,2026-01-31,2026,1,Saturday,1,0,1,Plainview,Estero,17.9,475.7,0.707,0.726,29532,17,34.1,71.2,295.0,31.1,62.1,15.7,1.14,121.8,9.0,Medium
FLD-005778,2021-04-16,2021,4,Friday,0,0,0,Burol,Drainage,21.6,685.9,0.649,0.644,20837,13,21.9,43.7,143.5,32.4,73.8,1.4,1.09,88.9,0.9,Low
FLD-005779,2025-02-03,2025,2,Monday,0,0,0,Barangka Ilaya,Pasig River,8.6,154.0,0.41,0.807,33565,20,26.2,57.3,191.6,29.2,61.5,16.2,1.31,112.3,5.3,Medium
FLD-005780,2025-01-03,2025,1,Friday,0,0,0,Addition Hills,Maytunas Creek,25.7,992.8,0.727,0.706,51325,8,9.8,83.7,241.7,33.8,68.8,3.9,1.17,78.9,5.1,Low
FLD-005781,2025-01-03,2025,1,Friday,0,0,0,Pleasant Hills,Ermitaño Creek,24.3,998.6,0.798,0.744,25044,5,24.9,50.6,220.6,31.3,70.5,12.4,1.18,104.7,4.5,Low
FLD-005782,2023-09-13,2023,9,Wednesday,0,1,0,Mauway,Maytunas Creek,21.6,918.1,0.688,0.735,42153,11,6.7,23.8,94.0,31.1,59.2,12.7,1.2,102.5,3.7,Low
FLD-005783,2023-09-12,2023,9,Tuesday,0,1,1,Barangka Ibaba,Pasig River,7.4,114.2,0.497,0.846,43345,16,34.0,69.6,92.8,30.1,75.2,21.1,0.88,129.6,6.3,Medium
FLD-005784,2023-12-30,2023,12,Saturday,1,0,0,Bagong Silang,Drainage,17.7,584.4,0.582,0.695,27717,21,23.8,94.7,126.8,30.7,70.3,13.9,1.12,103.2,5.6,Medium
FLD-005785,2023-08-12,2023,8,Saturday,1,1,2,Barangka Ilaya,Pasig River,7.5,167.6,0.46,0.825,37124,15,92.2,122.0,382.1,29.5,80.6,15.8,1.43,390.9,9.6,High
FLD-005786,2022-05-02,2022,5,Monday,0,1,1,Buayang Bato,Buayang Bato Creek,15.0,313.6,0.524,0.761,33400,17,36.8,57.3,279.3,30.6,69.1,16.4,0.88,143.4,7.5,High
FLD-005787,2022-02-21,2022,2,Monday,0,0,1,New Zañiga,Buhangin Creek,7.4,164.7,0.518,0.838,35760,18,34.8,114.2,187.4,30.8,64.8,25.9,1.23,203.3,7.7,High
FLD-005788,2022-11-11,2022,11,Friday,0,1,0,Pag-Asa,Drainage,20.4,674.3,0.655,0.678,27467,8,8.6,57.0,195.9,27.2,74.4,18.5,1.36,15.4,6.0,Low
FLD-005789,2025-11-18,2025,11,Tuesday,0,1,1,San Jose,Drainage,21.9,652.6,0.755,0.599,27673,7,76.8,86.5,149.1,26.5,84.7,7.9,1.43,182.1,10.9,Medium
FLD-005790,2026-02-16,2026,2,Monday,0,0,0,Mauway,Maytunas Creek,22.6,858.2,0.662,0.722,39933,11,4.5,66.2,153.6,32.8,66.5,15.8,1.16,54.3,4.2,Low
FLD-005791,2023-05-14,2023,5,Sunday,1,1,0,Hagdan Bato Libis,Drainage,15.3,508.1,0.628,0.695,33809,13,4.5,19.8,107.5,30.2,73.1,8.1,0.88,63.0,6.3,Low
FLD-005792,2023-04-20,2023,4,Thursday,0,0,1,Buayang Bato,Buayang Bato Creek,14.1,288.3,0.617,0.789,34665,18,66.6,119.1,195.1,27.3,74.4,12.7,0.98,202.9,9.5,High
FLD-005793,2025-02-13,2025,2,Thursday,0,0,0,Addition Hills,Maytunas Creek,25.2,1020.5,0.725,0.709,49864,10,53.2,151.0,239.7,31.6,73.0,11.0,0.64,114.3,5.6,Medium
FLD-005794,2021-12-05,2021,12,Sunday,1,0,1,Plainview,Estero,18.3,491.7,0.663,0.693,30919,14,68.0,87.2,177.5,28.8,74.1,16.3,1.31,153.6,10.3,High
FLD-005795,2022-05-12,2022,5,Thursday,0,1,0,New Zañiga,Buhangin Creek,6.4,161.0,0.446,0.788,37955,19,99.4,187.4,343.5,25.9,92.2,9.1,1.29,139.1,11.1,High
FLD-005796,2026-04-26,2026,4,Sunday,1,0,1,Highway Hills,Maytunas Creek,29.3,867.0,0.705,0.806,42461,9,14.9,30.8,84.9,33.3,73.9,21.1,1.04,15.2,6.0,Low
FLD-005797,2026-05-16,2026,5,Saturday,1,1,0,Hulo,Pasig River,6.1,96.8,0.452,0.909,40309,20,7.5,62.8,97.1,28.4,74.8,9.8,1.26,123.3,6.3,Medium
FLD-005798,2024-02-15,2024,2,Thursday,0,0,0,Hagdan Bato Itaas,Drainage,21.6,765.0,0.667,0.703,28814,12,17.0,46.5,95.7,31.2,64.3,0,0.89,93.8,5.8,Low
FLD-005799,2025-09-02,2025,9,Tuesday,0,1,1,Poblacion,Buhangin Creek,6.1,110.1,0.484,0.821,42799,19,82.0,152.7,337.6,27.1,88.3,27.2,0.87,215.2,9.1,High
FLD-005800,2024-02-26,2024,2,Monday,0,0,0,San Jose,Drainage,22.4,724.5,0.724,0.781,27396,7,3.4,92.9,135.5,34.3,66.9,18.1,1.04,14.4,2.7,Low
FLD-005801,2021-01-24,2021,1,Sunday,1,0,0,San Jose,Drainage,21.5,671.1,0.747,0.739,29623,15,24.4,159.0,316.4,31.5,69.6,18.8,1.1,70.7,6.6,Medium
FLD-005802,2024-06-09,2024,6,Sunday,1,1,1,New Zañiga,Buhangin Creek,6.0,174.2,0.537,0.773,35490,23,113.9,181.1,296.4,29.4,78.1,26.2,0.98,229.9,8.4,High
FLD-005803,2025-06-27,2025,6,Friday,0,1,0,Highway Hills,Maytunas Creek,30.2,880.4,0.656,0.802,44889,11,9.1,112.4,196.9,30.6,78.7,14.8,1.18,95.3,8.3,Low
FLD-005804,2026-05-23,2026,5,Saturday,1,1,1,Wack-Wack Greenhills East,Drainage,28.4,1206.9,0.819,0.671,15358,1,63.1,174.7,292.3,28.4,90.0,36.8,0.91,165.2,9.3,Medium
FLD-005805,2022-11-02,2022,11,Wednesday,0,1,1,Hagdan Bato Itaas,Drainage,22.1,770.8,0.713,0.626,25768,18,13.8,52.6,170.4,26.8,85.4,12.4,1.25,186.1,3.7,Low
FLD-005806,2023-12-28,2023,12,Thursday,0,0,2,Addition Hills,Maytunas Creek,24.0,968.5,0.669,0.761,48147,5,150.9,177.3,326.7,27.9,65.4,16.4,0.92,261.2,13.4,High
FLD-005807,2021-08-06,2021,8,Friday,0,1,0,Plainview,Estero,17.0,485.8,0.622,0.716,29939,14,61.7,76.0,109.7,26.7,82.8,6.7,1.21,125.6,6.0,High
FLD-005808,2022-07-07,2022,7,Thursday,0,1,3,Pleasant Hills,Ermitaño Creek,25.4,1015.8,0.779,0.687,26367,6,157.4,198.8,289.0,22.6,86.9,32.6,1.09,346.9,15.7,High
FLD-005809,2024-10-09,2024,10,Wednesday,0,1,2,Barangka Ilaya,Pasig River,8.0,169.6,0.515,0.839,35583,25,59.2,119.0,188.7,30.5,83.7,45.9,1.05,223.3,10.9,High
FLD-005810,2025-03-22,2025,3,Saturday,1,0,3,Hulo,Pasig River,5.3,89.3,0.448,0.86,41925,19,69.2,96.9,137.4,31.2,81.2,42.6,1.51,295.1,13.1,High
FLD-005811,2026-04-05,2026,4,Sunday,1,0,0,Old Zañiga,Buhangin Creek,7.3,192.2,0.482,0.863,37253,19,6.0,58.5,106.8,28.4,52.6,8.0,0.95,77.5,7.1,Medium
FLD-005812,2025-02-03,2025,2,Monday,0,0,1,Pag-Asa,Drainage,20.0,618.0,0.63,0.728,25187,17,56.8,59.9,94.1,31.4,74.1,17.9,1.01,129.0,4.5,Medium
FLD-005813,2024-12-05,2024,12,Thursday,0,0,2,Addition Hills,Maytunas Creek,25.4,985.1,0.744,0.77,50279,4,116.5,184.7,234.1,30.8,90.3,21.4,1.03,269.0,13.9,Medium
FLD-005814,2025-04-13,2025,4,Sunday,1,0,0,Hulo,Pasig River,5.2,115.4,0.429,0.795,40526,24,3.4,28.6,79.0,32.1,70.1,7.3,1.13,44.5,6.3,Medium
FLD-005815,2025-02-22,2025,2,Saturday,1,0,0,Daang Bakal,Maytunas Creek,12.0,340.7,0.636,0.839,31320,12,24.4,69.8,91.2,30.3,65.4,10.9,1.2,0.2,5.8,Low
FLD-005816,2023-01-03,2023,1,Tuesday,0,0,0,Mauway,Maytunas Creek,23.2,869.3,0.66,0.719,37655,11,1.7,27.6,44.6,31.1,64.9,0.3,0.84,51.9,4.6,Low
FLD-005817,2021-05-17,2021,5,Monday,0,1,0,Barangka Ibaba,Pasig River,7.1,81.6,0.472,0.931,43129,16,5.3,39.2,152.8,30.1,72.8,31.2,1.09,7.7,5.6,Low
FLD-005818,2024-12-12,2024,12,Thursday,0,0,1,Harapin ang Bukas,Drainage,16.5,539.7,0.586,0.702,24470,17,9.5,18.4,148.6,33.5,57.2,19.8,0.94,8.8,5.5,Low
FLD-005819,2021-08-21,2021,8,Saturday,1,1,0,Mauway,Maytunas Creek,22.6,860.7,0.65,0.683,38758,9,150.1,184.1,281.7,26.3,82.9,3.0,1.16,241.9,14.2,High
FLD-005820,2025-06-09,2025,6,Monday,0,1,2,Namayan,Pasig River,8.8,198.7,0.523,0.864,30629,18,112.7,147.9,301.1,27.1,83.1,29.5,1.24,336.4,10.4,High
FLD-005821,2025-11-08,2025,11,Saturday,1,1,1,Hulo,Pasig River,6.2,128.1,0.411,0.849,36811,24,48.6,149.2,219.3,29.3,75.3,14.8,1.19,173.5,10.6,High
FLD-005822,2025-08-16,2025,8,Saturday,1,1,0,Old Zañiga,Buhangin Creek,6.8,194.3,0.496,0.739,34180,21,3.8,48.3,89.5,33.1,70.9,0,1.19,114.1,3.7,Medium
FLD-005823,2021-03-08,2021,3,Monday,0,0,0,Hagdan Bato Libis,Drainage,14.6,540.0,0.616,0.745,31359,8,3.3,49.0,110.3,30.1,73.6,9.3,0.99,32.3,4.4,Low
FLD-005824,2024-12-18,2024,12,Wednesday,0,0,2,Addition Hills,Maytunas Creek,25.1,1006.7,0.665,0.735,45991,4,91.6,96.2,141.4,27.9,73.3,18.1,1.2,199.4,5.1,High
FLD-005825,2022-03-09,2022,3,Wednesday,0,0,2,Barangka Drive,Pasig River,9.5,202.7,0.515,0.815,38511,14,163.7,181.8,281.3,27.9,79.0,42.1,1.14,401.2,11.0,High
FLD-005826,2023-10-20,2023,10,Friday,0,1,2,Pag-Asa,Drainage,20.8,680.5,0.646,0.724,22444,13,162.4,309.1,474.4,24.5,91.1,31.3,1.67,328.1,15.9,High
FLD-005827,2021-12-06,2021,12,Monday,0,0,0,Barangka Drive,Pasig River,8.7,215.4,0.459,0.822,34511,13,3.5,111.0,188.0,33.3,78.6,3.4,1.55,152.7,9.2,High
FLD-005828,2025-07-20,2025,7,Sunday,1,1,0,Poblacion,Buhangin Creek,5.7,97.9,0.484,0.83,40622,19,7.5,61.8,76.8,30.5,77.7,4.7,1.08,104.6,1.5,Low
FLD-005829,2022-02-08,2022,2,Tuesday,0,0,1,Barangka Drive,Pasig River,9.2,155.0,0.52,0.765,35027,16,74.9,80.3,144.7,29.4,77.4,16.9,1.28,258.7,7.9,High
FLD-005830,2022-05-16,2022,5,Monday,0,1,0,Plainview,Estero,18.0,513.1,0.695,0.728,27778,11,57.9,86.6,112.9,27.2,90.3,3.1,0.6,66.4,6.3,Low
FLD-005831,2022-08-13,2022,8,Saturday,1,1,0,Barangka Itaas,Pasig River,10.4,275.1,0.545,0.841,36244,21,10.2,134.7,319.9,32.6,76.6,0,1.37,66.2,6.8,Medium
FLD-005832,2021-10-23,2021,10,Saturday,1,1,0,Barangka Ilaya,Pasig River,7.2,152.6,0.487,0.879,40377,20,14.6,46.6,254.9,32.5,68.2,3.7,1.56,14.7,7.1,Low
FLD-005833,2022-01-09,2022,1,Sunday,1,0,1,Mauway,Maytunas Creek,24.3,823.1,0.696,0.707,35247,10,50.2,115.2,216.0,29.4,66.5,8.9,1.12,152.5,8.7,Medium
FLD-005834,2021-02-14,2021,2,Sunday,1,0,0,Pleasant Hills,Ermitaño Creek,24.5,984.5,0.722,0.699,27392,7,20.0,86.9,195.0,31.5,69.2,14.8,0.58,0.0,8.2,Low
FLD-005835,2024-04-14,2024,4,Sunday,1,0,0,Wack-Wack Greenhills East,Drainage,28.8,1169.3,0.768,0.621,17732,6,1.3,97.3,260.6,30.9,73.6,17.0,0.67,0.0,8.2,Low
FLD-005836,2025-07-31,2025,7,Thursday,0,1,0,Addition Hills,Maytunas Creek,26.5,1016.5,0.636,0.697,46441,8,0.5,68.5,246.4,32.0,82.5,11.4,1.15,0.6,6.8,Low
FLD-005837,2024-09-07,2024,9,Saturday,1,1,0,Barangka Drive,Pasig River,9.2,224.3,0.437,0.794,32151,23,14.2,55.2,137.7,26.6,79.4,10.0,0.62,102.9,4.7,Medium
FLD-005838,2021-08-14,2021,8,Saturday,1,1,1,Hulo,Pasig River,6.7,138.2,0.385,0.858,38014,16,306.7,406.6,437.2,23.8,100,19.1,0.91,610.4,23.1,High
FLD-005839,2021-03-03,2021,3,Wednesday,0,0,0,Hagdan Bato Libis,Drainage,15.5,487.8,0.527,0.798,25417,11,75.8,114.3,142.9,30.4,79.3,3.4,0.66,103.1,9.4,Low
FLD-005840,2021-03-23,2021,3,Tuesday,0,0,0,Hagdan Bato Libis,Drainage,15.7,489.4,0.615,0.708,29527,19,20.4,34.5,95.8,30.5,63.4,9.0,1.13,74.4,4.4,Medium
FLD-005841,2022-12-17,2022,12,Saturday,1,0,1,Pag-Asa,Drainage,20.0,617.4,0.638,0.714,22646,16,92.1,125.5,168.0,29.2,80.8,43.3,0.82,242.6,9.0,High
FLD-005842,2025-05-09,2025,5,Friday,0,1,0,Pag-Asa,Drainage,19.4,673.8,0.613,0.745,23940,12,13.1,99.8,271.8,27.3,75.9,0,1.01,89.2,5.1,Medium
FLD-005843,2024-07-15,2024,7,Monday,0,1,0,Burol,Drainage,20.4,749.7,0.598,0.613,21274,9,20.1,213.7,421.1,31.0,81.8,0.4,1.41,43.0,9.5,High
FLD-005844,2022-04-04,2022,4,Monday,0,0,1,Malamig,Tributary,20.6,589.0,0.747,0.698,27026,10,127.7,292.8,434.9,27.5,73.3,14.7,0.95,164.5,13.7,High
FLD-005845,2025-10-11,2025,10,Saturday,1,1,2,Old Zañiga,Buhangin Creek,6.2,104.1,0.486,0.752,32397,21,73.0,344.2,469.9,30.1,73.3,18.7,1.36,275.4,18.0,High
FLD-005846,2023-06-17,2023,6,Saturday,1,1,3,Barangka Ibaba,Pasig River,7.7,62.3,0.479,0.921,40957,14,85.6,155.6,277.5,28.0,66.4,34.8,0.98,268.8,12.6,High
FLD-005847,2026-01-28,2026,1,Wednesday,0,0,0,Old Zañiga,Buhangin Creek,8.0,164.8,0.412,0.776,34795,24,1.8,35.2,64.6,32.7,64.6,8.2,0.92,131.8,4.4,High
FLD-005848,2026-03-15,2026,3,Sunday,1,0,1,Barangka Itaas,Pasig River,9.2,242.3,0.501,0.83,34439,18,34.6,54.9,88.6,34.7,58.6,32.0,0.71,162.2,7.9,Medium
FLD-005849,2023-06-01,2023,6,Thursday,0,1,0,Barangka Ilaya,Pasig River,8.3,142.3,0.486,0.788,37663,20,30.1,167.0,276.1,30.9,64.6,8.0,0.96,126.9,9.7,High
FLD-005850,2022-06-11,2022,6,Saturday,1,1,0,Pleasant Hills,Ermitaño Creek,24.7,997.5,0.685,0.722,25354,12,3.8,33.0,103.3,31.5,70.7,0,1.74,21.1,2.1,Low
FLD-005851,2021-02-28,2021,2,Sunday,1,0,0,Vergara,Drainage,25.0,816.7,0.724,0.662,26351,7,7.8,79.8,214.5,30.9,74.1,7.8,1.56,2.0,3.8,Low
FLD-005852,2023-07-15,2023,7,Saturday,1,1,0,Poblacion,Buhangin Creek,6.2,115.5,0.362,0.828,44560,20,8.3,59.0,282.0,29.7,70.5,0,0.7,134.9,4.5,Medium
FLD-005853,2022-06-05,2022,6,Sunday,1,1,0,Bagong Silang,Drainage,18.2,582.0,0.632,0.706,28663,9,20.9,42.2,191.6,31.3,78.6,6.3,1.08,152.7,5.0,Medium
FLD-005854,2024-12-21,2024,12,Saturday,1,0,0,New Zañiga,Buhangin Creek,6.8,145.0,0.447,0.783,37113,15,4.4,31.3,180.4,30.8,69.0,19.0,1.2,91.4,3.9,Low
FLD-005855,2024-03-21,2024,3,Thursday,0,0,1,Barangka Drive,Pasig River,8.3,248.0,0.572,0.863,35698,23,88.5,145.6,214.5,30.0,68.5,14.2,1.29,211.5,11.7,High
FLD-005856,2025-10-14,2025,10,Tuesday,0,1,0,Wack-Wack Greenhills East,Drainage,27.5,1173.6,0.791,0.618,18932,5,30.3,41.4,184.3,29.1,85.8,32.9,0.96,2.3,0.5,Low
FLD-005857,2021-09-04,2021,9,Saturday,1,1,0,San Jose,Drainage,21.7,722.8,0.701,0.681,29020,11,7.1,87.8,186.1,28.9,71.9,22.3,1.17,0.6,5.2,Low
FLD-005858,2022-05-09,2022,5,Monday,0,1,0,Poblacion,Buhangin Creek,6.2,108.2,0.442,0.833,42730,18,18.0,52.5,99.6,27.9,69.9,4.0,1.46,5.8,5.2,Low
FLD-005859,2024-02-05,2024,2,Monday,0,0,0,Wack-Wack Greenhills East,Drainage,28.8,1155.3,0.786,0.597,17178,7,46.9,72.4,156.4,34.5,68.1,4.5,0.89,124.5,7.0,Low
FLD-005860,2023-12-28,2023,12,Thursday,0,0,0,Vergara,Drainage,23.2,829.4,0.721,0.665,27193,14,62.6,94.0,124.9,30.1,73.1,12.9,1.11,124.1,3.7,Medium
FLD-005861,2026-02-07,2026,2,Saturday,1,0,0,Plainview,Estero,17.9,527.3,0.612,0.729,30159,13,35.7,69.4,123.2,31.3,73.1,4.2,1.5,154.8,5.1,High
FLD-005862,2021-02-03,2021,2,Wednesday,0,0,0,Barangka Ibaba,Pasig River,6.9,63.7,0.437,0.921,44341,19,26.9,101.5,213.1,32.3,68.3,7.1,1.76,142.8,8.9,High
FLD-005863,2023-03-10,2023,3,Friday,0,0,1,Daang Bakal,Maytunas Creek,11.6,346.0,0.62,0.837,29610,20,45.9,83.8,123.3,30.9,68.6,31.2,0.54,155.1,10.0,Medium
FLD-005864,2025-06-14,2025,6,Saturday,1,1,0,Old Zañiga,Buhangin Creek,6.3,99.0,0.504,0.762,33179,24,1.8,78.8,134.1,31.0,86.5,14.0,0.91,5.4,2.0,Low
FLD-005865,2026-05-19,2026,5,Tuesday,0,1,0,Mauway,Maytunas Creek,22.7,816.1,0.692,0.729,36662,17,9.8,103.8,576.6,30.7,72.0,3.0,1.53,95.2,7.1,Medium
FLD-005866,2024-12-11,2024,12,Wednesday,0,0,0,Barangka Itaas,Pasig River,10.8,250.8,0.505,0.792,37536,18,12.9,37.3,133.4,28.4,68.1,14.6,0.78,59.4,5.9,Medium
FLD-005867,2021-03-08,2021,3,Monday,0,0,3,Buayang Bato,Buayang Bato Creek,15.2,277.0,0.547,0.757,33621,14,147.1,267.8,368.4,32.5,77.2,33.6,1.13,346.5,18.6,High
FLD-005868,2025-05-13,2025,5,Tuesday,0,1,2,Addition Hills,Maytunas Creek,24.5,1042.8,0.604,0.752,43203,7,103.4,164.5,245.2,28.1,89.6,14.9,0.72,210.0,12.6,High
FLD-005869,2021-08-10,2021,8,Tuesday,0,1,0,San Jose,Drainage,21.2,696.2,0.638,0.691,23484,17,35.8,90.7,147.2,31.3,76.0,10.8,0.94,119.8,6.1,Medium
FLD-005870,2023-12-07,2023,12,Thursday,0,0,0,San Jose,Drainage,22.0,709.5,0.603,0.683,27880,13,10.5,27.3,192.2,30.4,68.6,8.4,1.04,4.9,6.6,Low
FLD-005871,2023-06-22,2023,6,Thursday,0,1,0,Barangka Itaas,Pasig River,9.3,268.6,0.491,0.843,33909,17,4.9,146.8,451.5,29.7,81.7,12.3,1.37,202.8,12.3,High
FLD-005872,2021-12-08,2021,12,Wednesday,0,0,0,Malamig,Tributary,19.0,677.2,0.673,0.71,26635,13,7.5,50.6,250.4,33.4,67.6,18.1,1.03,108.2,3.4,Low
FLD-005873,2021-06-09,2021,6,Wednesday,0,1,2,Highway Hills,Maytunas Creek,30.3,940.7,0.768,0.821,41836,6,86.9,120.4,209.3,25.6,79.4,55.2,1.0,185.7,7.0,Medium
FLD-005874,2025-09-05,2025,9,Friday,0,1,0,Mauway,Maytunas Creek,22.5,857.0,0.619,0.753,35621,13,4.5,74.4,133.1,29.9,73.8,18.9,1.94,124.4,4.0,Low
FLD-005875,2021-01-31,2021,1,Sunday,1,0,0,Buayang Bato,Buayang Bato Creek,14.3,310.8,0.573,0.789,36223,20,29.7,37.0,190.0,30.1,69.5,0,0.82,123.5,3.5,Medium
FLD-005876,2024-02-23,2024,2,Friday,0,0,0,Pleasant Hills,Ermitaño Creek,25.6,1021.3,0.673,0.635,25250,11,4.2,39.8,137.3,33.2,69.9,12.9,1.59,0.9,3.7,Low
FLD-005877,2021-02-16,2021,2,Tuesday,0,0,0,Hagdan Bato Libis,Drainage,16.4,493.2,0.623,0.766,26378,14,0.1,56.4,362.4,32.9,57.4,21.0,0.83,153.8,5.9,Low
FLD-005878,2025-09-30,2025,9,Tuesday,0,1,2,Bagong Silang,Drainage,18.0,623.0,0.589,0.741,28367,15,76.0,217.9,239.9,28.6,83.2,20.3,1.56,185.2,12.0,High
FLD-005879,2021-04-26,2021,4,Monday,0,0,1,Plainview,Estero,18.0,440.9,0.644,0.744,31127,16,87.1,120.4,279.3,26.1,72.4,34.5,1.22,189.4,11.7,High
FLD-005880,2026-01-04,2026,1,Sunday,1,0,0,Malamig,Tributary,19.2,584.4,0.638,0.701,29265,14,3.1,26.5,100.8,32.1,63.8,8.1,0.82,114.5,7.0,Low
FLD-005881,2023-12-13,2023,12,Wednesday,0,0,2,Harapin ang Bukas,Drainage,17.0,571.7,0.622,0.737,24594,15,101.5,179.4,269.4,30.0,75.7,34.1,1.19,338.4,11.7,High
FLD-005882,2025-07-26,2025,7,Saturday,1,1,0,Barangka Ilaya,Pasig River,8.3,117.4,0.401,0.859,38958,21,4.0,98.0,328.6,31.7,69.4,6.4,1.44,143.1,11.5,High
FLD-005883,2023-09-13,2023,9,Wednesday,0,1,1,Pag-Asa,Drainage,20.4,616.8,0.581,0.745,24174,11,26.1,218.4,266.3,30.1,72.5,15.0,1.14,55.3,11.0,High
FLD-005884,2025-06-17,2025,6,Tuesday,0,1,0,Namayan,Pasig River,7.9,150.5,0.504,0.818,33012,18,1.4,119.7,354.8,31.7,77.1,8.7,1.16,81.5,8.9,High
FLD-005885,2022-10-18,2022,10,Tuesday,0,1,1,Harapin ang Bukas,Drainage,17.6,539.7,0.544,0.808,24871,14,48.2,101.1,161.1,29.7,89.0,19.0,1.44,16.0,10.6,Low
FLD-005886,2023-04-26,2023,4,Wednesday,0,0,1,Vergara,Drainage,24.6,736.5,0.791,0.639,23105,6,89.1,145.1,253.0,29.7,79.9,18.9,1.0,173.7,9.8,High
FLD-005887,2021-09-18,2021,9,Saturday,1,1,0,Bagong Silang,Drainage,17.0,582.4,0.634,0.716,24888,13,23.6,140.0,239.3,30.2,85.8,2.4,1.57,91.3,9.1,High
FLD-005888,2025-02-19,2025,2,Wednesday,0,0,0,Mabini-J. Rizal,Maytunas Creek,13.6,449.8,0.605,0.735,30564,14,0.8,71.9,123.0,33.5,70.4,18.8,1.34,5.4,3.7,Low
FLD-005889,2024-02-07,2024,2,Wednesday,0,0,1,Hagdan Bato Itaas,Drainage,21.9,736.6,0.683,0.632,28473,11,18.4,33.2,180.0,30.3,60.9,11.4,0.88,89.4,5.7,Low
FLD-005890,2024-01-01,2024,1,Monday,0,0,0,Burol,Drainage,21.2,730.7,0.663,0.637,17941,12,7.2,36.8,162.1,30.9,68.4,3.2,0.88,2.0,2.1,Low
FLD-005891,2023-02-12,2023,2,Sunday,1,0,3,Hagdan Bato Libis,Drainage,15.1,484.8,0.611,0.772,29532,12,128.1,149.5,195.8,29.3,83.7,36.8,0.78,340.0,13.5,High
FLD-005892,2025-04-12,2025,4,Saturday,1,0,0,Burol,Drainage,20.9,713.3,0.698,0.614,16707,16,0.5,97.0,169.8,32.7,61.5,5.8,0.56,8.3,1.2,Low
FLD-005893,2021-11-27,2021,11,Saturday,1,1,0,Hagdan Bato Itaas,Drainage,23.4,790.7,0.662,0.794,30333,11,4.5,140.1,248.3,31.3,69.6,10.7,1.3,11.1,4.7,Low
FLD-005894,2024-11-23,2024,11,Saturday,1,1,0,Poblacion,Buhangin Creek,5.8,107.5,0.504,0.765,45644,17,19.8,58.8,223.8,30.4,78.8,5.0,1.48,127.4,5.4,Medium
FLD-005895,2025-08-06,2025,8,Wednesday,0,1,2,Old Zañiga,Buhangin Creek,7.0,133.3,0.543,0.818,34009,18,104.4,154.0,365.8,25.7,86.6,21.6,0.7,239.5,15.1,High
FLD-005896,2024-03-08,2024,3,Friday,0,0,0,Vergara,Drainage,23.9,823.1,0.789,0.677,20619,8,3.9,39.6,128.5,34.1,68.6,2.5,1.2,5.2,3.5,Low
FLD-005897,2022-11-19,2022,11,Saturday,1,1,0,San Jose,Drainage,22.4,732.5,0.645,0.684,25802,12,7.3,146.7,203.1,29.6,73.9,23.8,1.57,37.5,9.1,Low
FLD-005898,2024-03-08,2024,3,Friday,0,0,0,Pleasant Hills,Ermitaño Creek,24.1,1024.9,0.714,0.765,26359,8,39.0,52.2,238.0,30.7,74.0,13.6,1.25,3.1,1.2,Low
FLD-005899,2023-11-05,2023,11,Sunday,1,1,1,Highway Hills,Maytunas Creek,29.7,886.0,0.751,0.791,44616,11,73.5,182.4,225.0,27.6,82.1,11.9,1.28,171.9,13.5,High
FLD-005900,2024-02-04,2024,2,Sunday,1,0,0,Hagdan Bato Itaas,Drainage,22.4,705.9,0.716,0.667,27615,11,5.9,62.6,137.3,30.1,70.7,5.8,0.61,0.0,2.3,Low
FLD-005901,2024-10-06,2024,10,Sunday,1,1,0,Barangka Ilaya,Pasig River,7.8,167.9,0.473,0.792,38179,18,52.7,127.0,318.9,29.0,65.2,6.3,1.68,197.7,7.7,High
FLD-005902,2025-09-03,2025,9,Wednesday,0,1,2,Malamig,Tributary,20.3,624.5,0.696,0.7,32774,7,167.0,452.7,537.5,25.2,96.8,21.7,0.64,359.0,23.6,High
FLD-005903,2022-05-18,2022,5,Wednesday,0,1,1,Burol,Drainage,21.6,738.6,0.692,0.646,22667,11,65.7,161.1,194.5,26.5,89.2,12.8,0.99,182.6,9.8,High
FLD-005904,2023-03-14,2023,3,Tuesday,0,0,0,Hagdan Bato Itaas,Drainage,21.2,732.9,0.692,0.706,26083,13,8.0,19.5,65.1,31.0,71.2,6.3,1.23,78.6,4.6,High
FLD-005905,2021-07-06,2021,7,Tuesday,0,1,2,Daang Bakal,Maytunas Creek,11.8,383.9,0.601,0.79,34741,20,97.8,158.3,361.0,28.2,97.7,28.7,1.22,295.0,7.1,High
FLD-005906,2023-07-28,2023,7,Friday,0,1,0,Daang Bakal,Maytunas Creek,11.5,320.2,0.518,0.771,28369,21,10.8,48.9,156.3,29.1,72.6,9.8,1.34,39.7,4.7,Medium
FLD-005907,2025-02-15,2025,2,Saturday,1,0,0,Pleasant Hills,Ermitaño Creek,23.6,1012.4,0.704,0.683,25268,8,53.4,76.6,114.8,29.1,77.9,40.8,1.37,31.1,6.1,Medium
FLD-005908,2022-12-10,2022,12,Saturday,1,0,0,New Zañiga,Buhangin Creek,6.7,141.3,0.525,0.727,35530,20,18.5,51.1,66.6,33.2,70.2,9.1,1.09,16.2,3.5,Low
FLD-005909,2025-09-20,2025,9,Saturday,1,1,2,Mabini-J. Rizal,Maytunas Creek,14.5,430.0,0.596,0.732,27133,15,36.2,40.2,270.0,29.1,79.4,16.0,1.29,181.0,8.5,High
FLD-005910,2023-05-21,2023,5,Sunday,1,1,0,Wack-Wack Greenhills East,Drainage,28.4,1205.9,0.865,0.653,22968,5,29.7,54.8,199.6,29.8,69.6,7.6,0.82,26.5,3.4,Low
FLD-005911,2021-05-20,2021,5,Thursday,0,1,1,Buayang Bato,Buayang Bato Creek,14.0,242.1,0.569,0.787,32667,19,9.3,38.2,160.6,30.8,72.0,42.5,1.0,155.0,3.8,Medium
FLD-005912,2024-01-08,2024,1,Monday,0,0,0,Plainview,Estero,19.0,483.3,0.629,0.735,29875,12,3.7,25.2,87.1,30.6,61.8,15.9,0.67,4.1,2.1,Low
FLD-005913,2023-06-02,2023,6,Friday,0,1,0,Harapin ang Bukas,Drainage,17.2,543.8,0.57,0.712,20264,17,45.4,77.9,128.0,27.1,74.5,5.8,1.66,10.9,5.7,Low
FLD-005914,2022-02-21,2022,2,Monday,0,0,0,Plainview,Estero,17.2,436.4,0.56,0.76,28730,16,19.6,38.2,269.7,32.2,65.4,24.3,1.48,4.5,3.2,Low
FLD-005915,2022-04-06,2022,4,Wednesday,0,0,0,Plainview,Estero,18.2,461.8,0.669,0.713,34099,15,30.5,96.4,186.5,30.1,77.6,30.9,1.05,1.8,5.0,Low
FLD-005916,2026-06-25,2026,6,Thursday,0,1,0,Hagdan Bato Itaas,Drainage,23.3,794.2,0.679,0.64,25591,12,35.6,47.2,113.8,29.7,73.2,8.9,1.45,6.6,3.4,Low
FLD-005917,2026-01-09,2026,1,Friday,0,0,0,Poblacion,Buhangin Creek,5.6,90.9,0.504,0.838,39442,23,27.4,74.6,124.8,32.2,66.3,9.2,1.07,78.2,4.2,Medium
FLD-005918,2023-05-13,2023,5,Saturday,1,1,1,Barangka Drive,Pasig River,9.9,201.5,0.476,0.813,34499,13,23.9,109.8,243.3,28.6,67.9,12.2,0.88,145.3,8.1,High
FLD-005919,2023-12-14,2023,12,Thursday,0,0,0,Burol,Drainage,20.7,729.4,0.591,0.697,24646,12,36.1,84.1,165.4,33.7,73.9,3.3,0.99,108.7,4.1,Medium
FLD-005920,2024-01-28,2024,1,Sunday,1,0,0,Vergara,Drainage,24.3,824.9,0.767,0.629,27338,7,12.4,47.1,162.7,34.5,64.0,4.7,1.25,92.6,9.0,Low
FLD-005921,2025-03-06,2025,3,Thursday,0,0,1,Wack-Wack Greenhills East,Drainage,29.3,1167.4,0.842,0.574,16637,5,44.8,94.9,149.8,30.7,66.5,40.9,1.14,52.4,4.0,Medium
FLD-005922,2022-09-20,2022,9,Tuesday,0,1,0,Barangka Drive,Pasig River,9.1,182.1,0.443,0.827,37005,17,8.7,32.2,186.0,29.8,77.8,5.6,1.64,146.9,3.4,Medium
FLD-005923,2023-12-22,2023,12,Friday,0,0,0,Poblacion,Buhangin Creek,5.6,130.2,0.507,0.829,40399,19,4.1,74.6,121.4,32.0,67.5,1.1,0.73,16.9,1.7,Low
FLD-005924,2023-11-17,2023,11,Friday,0,1,0,Mauway,Maytunas Creek,23.3,847.1,0.601,0.726,38278,11,8.3,39.4,144.0,27.1,65.5,24.0,1.04,34.0,1.7,Medium
FLD-005925,2023-06-28,2023,6,Wednesday,0,1,0,Harapin ang Bukas,Drainage,18.0,559.5,0.627,0.753,26099,9,7.1,102.7,220.5,30.8,68.4,8.7,1.73,3.7,3.1,Low
FLD-005926,2023-07-22,2023,7,Saturday,1,1,0,Pleasant Hills,Ermitaño Creek,25.3,993.4,0.579,0.705,24809,12,99.4,141.1,187.6,28.8,74.5,23.4,1.32,176.0,9.4,High
FLD-005927,2025-02-22,2025,2,Saturday,1,0,1,Burol,Drainage,21.3,720.9,0.721,0.657,20880,12,129.0,161.8,187.0,28.7,81.0,17.2,0.59,215.7,14.4,High
FLD-005928,2021-10-20,2021,10,Wednesday,0,1,0,Malamig,Tributary,20.0,639.5,0.716,0.674,25440,8,4.6,102.1,163.9,31.6,79.3,9.9,1.29,7.9,4.7,Low
FLD-005929,2023-01-28,2023,1,Saturday,1,0,0,Pag-Asa,Drainage,20.8,615.5,0.68,0.692,26204,8,183.3,274.6,375.5,28.5,73.2,0,1.06,238.4,16.8,High
FLD-005930,2025-10-02,2025,10,Thursday,0,1,0,Plainview,Estero,18.0,493.9,0.699,0.717,26382,16,3.8,42.0,128.9,29.8,66.9,38.6,1.31,23.4,4.1,Low
FLD-005931,2021-08-13,2021,8,Friday,0,1,1,Barangka Ilaya,Pasig River,6.1,113.1,0.5,0.838,31853,18,147.1,171.6,368.7,26.9,92.3,15.7,0.88,326.0,10.6,High
FLD-005932,2025-10-08,2025,10,Wednesday,0,1,0,Barangka Drive,Pasig River,10.2,216.1,0.509,0.81,33129,20,52.1,132.4,228.6,28.4,79.7,3.9,0.97,176.7,11.9,High
FLD-005933,2021-12-12,2021,12,Sunday,1,0,2,Daang Bakal,Maytunas Creek,11.7,352.8,0.573,0.761,29259,17,79.7,97.2,115.8,30.2,72.9,38.9,1.17,186.2,12.7,High
FLD-005934,2025-11-19,2025,11,Wednesday,0,1,0,San Jose,Drainage,22.9,680.4,0.75,0.673,24341,8,16.1,135.1,214.8,31.1,75.9,12.5,1.38,10.0,8.1,Low
FLD-005935,2026-06-16,2026,6,Tuesday,0,1,1,Bagong Silang,Drainage,18.7,626.7,0.584,0.714,29349,12,72.0,165.5,267.3,26.5,84.9,20.3,1.4,204.4,8.8,High
FLD-005936,2025-03-16,2025,3,Sunday,1,0,0,Mabini-J. Rizal,Maytunas Creek,16.3,445.8,0.594,0.709,31139,14,8.6,26.1,53.2,32.9,71.6,22.1,1.09,106.8,7.9,Medium
FLD-005937,2024-01-24,2024,1,Wednesday,0,0,0,Mauway,Maytunas Creek,23.2,825.6,0.645,0.715,40515,9,2.3,17.4,25.9,32.0,57.2,13.3,1.25,4.8,0.6,Low
FLD-005938,2024-08-11,2024,8,Sunday,1,1,0,Addition Hills,Maytunas Creek,25.2,964.6,0.66,0.728,46585,6,35.8,103.3,291.4,29.8,81.0,6.6,1.58,98.2,5.4,Medium
FLD-005939,2026-02-24,2026,2,Tuesday,0,0,0,Daang Bakal,Maytunas Creek,11.7,340.4,0.606,0.72,30593,11,0.7,21.2,46.5,32.2,62.8,6.6,0.55,110.5,0.7,Low
FLD-005940,2022-07-31,2022,7,Sunday,1,1,0,Poblacion,Buhangin Creek,5.7,85.8,0.48,0.819,43452,18,2.6,100.9,155.9,31.3,67.9,5.8,1.17,142.3,4.7,Medium
FLD-005941,2024-05-27,2024,5,Monday,0,1,0,Hagdan Bato Libis,Drainage,15.5,514.3,0.631,0.755,31648,10,137.2,180.3,199.8,26.7,87.1,8.1,0.85,339.5,9.9,Medium
FLD-005942,2024-11-29,2024,11,Friday,0,1,0,Bagong Silang,Drainage,16.4,582.1,0.614,0.778,25463,17,18.6,143.7,361.6,30.4,65.4,10.4,0.97,0,6.4,Medium
FLD-005943,2024-02-07,2024,2,Wednesday,0,0,0,Namayan,Pasig River,8.1,132.6,0.521,0.818,31237,19,39.1,91.3,233.3,31.4,72.5,13.0,1.18,139.5,6.0,Medium
FLD-005944,2023-05-02,2023,5,Tuesday,0,1,0,San Jose,Drainage,22.4,663.4,0.632,0.629,28398,11,18.2,119.4,202.9,31.4,82.9,0.8,0.9,70.8,5.9,Medium
FLD-005945,2022-11-24,2022,11,Thursday,0,1,0,Daang Bakal,Maytunas Creek,10.3,323.3,0.545,0.772,32705,13,70.6,133.1,254.7,28.8,85.0,3.9,1.11,183.1,10.4,Medium
FLD-005946,2024-01-16,2024,1,Tuesday,0,0,0,Bagong Silang,Drainage,17.2,576.5,0.596,0.717,27282,19,2.6,31.9,41.7,31.6,53.8,6.3,0.86,3.9,5.0,Low
FLD-005947,2024-08-10,2024,8,Saturday,1,1,0,Daang Bakal,Maytunas Creek,12.3,369.4,0.549,0.764,31970,15,9.1,15.5,91.3,28.4,69.9,6.5,1.0,172.3,4.4,Medium
FLD-005948,2022-06-26,2022,6,Sunday,1,1,0,Barangka Itaas,Pasig River,10.0,271.0,0.544,0.804,34880,20,17.9,60.0,116.4,27.9,68.8,34.3,1.46,26.8,4.1,Medium
FLD-005949,2024-09-25,2024,9,Wednesday,0,1,0,Barangka Ibaba,Pasig River,7.0,82.0,0.48,0.925,41892,18,1.6,4.8,240.9,30.1,78.1,4.9,1.8,7.1,3.3,Low
FLD-005950,2023-12-06,2023,12,Wednesday,0,0,0,Mauway,Maytunas Creek,23.0,843.5,0.668,0.726,38288,13,61.5,90.8,227.7,31.0,76.6,8.0,1.5,110.1,6.0,Medium
FLD-005951,2025-12-06,2025,12,Saturday,1,0,0,Wack-Wack Greenhills East,Drainage,26.7,1212.5,0.804,0.607,19090,8,3.7,91.4,152.1,31.8,63.9,21.1,1.0,5.3,0.8,Low
FLD-005952,2025-04-22,2025,4,Tuesday,0,0,0,Buayang Bato,Buayang Bato Creek,15.0,276.5,0.613,0.771,35135,13,2.7,26.2,102.6,30.5,63.6,8.5,0.96,110.2,3.8,Low
FLD-005953,2024-04-01,2024,4,Monday,0,0,0,Poblacion,Buhangin Creek,6.3,102.6,0.513,0.809,40812,22,2.2,78.7,122.3,30.3,60.5,13.3,1.1,111.4,11.6,Low
FLD-005954,2023-03-23,2023,3,Thursday,0,0,0,Namayan,Pasig River,9.0,189.2,0.531,0.799,29957,15,14.5,64.4,121.5,30.7,59.7,17.0,1.25,76.4,7.6,Medium
FLD-005955,2021-02-07,2021,2,Sunday,1,0,0,Wack-Wack Greenhills East,Drainage,28.3,1181.2,0.802,0.643,21946,6,6.5,40.5,86.2,32.9,78.4,10.4,0.89,0.0,4.8,Low
FLD-005956,2022-04-07,2022,4,Thursday,0,0,0,New Zañiga,Buhangin Creek,8.3,155.2,0.563,0.804,35737,19,0.4,43.9,59.9,29.8,60.6,9.4,0.77,0.1,3.1,Low
FLD-005957,2025-04-18,2025,4,Friday,0,0,1,Namayan,Pasig River,9.1,164.6,0.485,0.806,33271,20,26.7,155.2,204.6,32.3,66.5,10.5,1.38,115.9,9.7,High
FLD-005958,2023-01-25,2023,1,Wednesday,0,0,0,Barangka Ilaya,Pasig River,7.4,146.9,0.486,0.855,35112,15,34.9,101.5,112.3,33.3,70.3,0,0.5,160.7,7.8,Medium
FLD-005959,2026-04-10,2026,4,Friday,0,0,0,Hagdan Bato Libis,Drainage,16.1,461.3,0.61,0.744,32440,18,28.2,52.1,88.5,31.4,61.8,11.1,1.28,42.2,4.2,Medium
FLD-005960,2022-10-04,2022,10,Tuesday,0,1,1,Plainview,Estero,17.6,496.9,0.597,0.731,31481,12,41.3,70.0,106.8,28.8,80.4,15.1,1.1,141.3,8.7,High
FLD-005961,2025-04-16,2025,4,Wednesday,0,0,0,Mabini-J. Rizal,Maytunas Creek,15.3,481.8,0.604,0.68,31634,16,80.0,152.7,215.2,30.3,62.6,0.4,1.27,198.2,8.7,High
FLD-005962,2022-03-12,2022,3,Saturday,1,0,2,Bagong Silang,Drainage,18.2,564.9,0.614,0.685,27011,15,84.5,154.2,238.0,32.2,79.4,22.6,1.31,246.9,10.7,High
FLD-005963,2023-01-01,2023,1,Sunday,1,0,0,Barangka Drive,Pasig River,8.3,184.6,0.499,0.767,37551,13,16.5,111.1,146.6,28.7,64.6,25.3,0.66,77.2,5.6,Low
FLD-005964,2025-03-12,2025,3,Wednesday,0,0,1,Poblacion,Buhangin Creek,6.6,76.6,0.433,0.855,43849,18,27.1,125.4,208.6,30.7,60.3,8.3,1.58,167.8,10.3,High
FLD-005965,2022-06-11,2022,6,Saturday,1,1,0,Old Zañiga,Buhangin Creek,6.6,173.8,0.523,0.809,32028,21,16.7,126.1,186.7,29.9,79.8,4.1,1.47,178.6,9.0,Medium
FLD-005966,2024-03-07,2024,3,Thursday,0,0,0,Pleasant Hills,Ermitaño Creek,25.4,1012.1,0.703,0.659,24653,10,1.5,33.7,79.1,31.5,51.3,7.9,0.96,7.1,2.5,Low
FLD-005967,2024-06-13,2024,6,Thursday,0,1,0,San Jose,Drainage,21.8,701.4,0.647,0.616,29647,12,10.2,43.4,209.8,28.5,75.3,12.5,0.68,1.0,4.7,Low
FLD-005968,2022-01-17,2022,1,Monday,0,0,0,Pag-Asa,Drainage,20.0,621.9,0.634,0.735,25686,10,0.6,74.1,199.3,32.1,71.6,8.9,0.6,2.8,4.5,Low
FLD-005969,2024-06-06,2024,6,Thursday,0,1,0,Pag-Asa,Drainage,20.0,658.8,0.651,0.732,25759,10,51.8,79.4,143.1,26.8,74.3,8.6,1.48,151.0,6.4,High
FLD-005970,2021-04-28,2021,4,Wednesday,0,0,0,Plainview,Estero,17.1,512.7,0.653,0.751,28998,9,0.8,25.8,64.5,33.0,67.5,15.2,0.76,64.0,3.1,Medium
FLD-005971,2022-06-04,2022,6,Saturday,1,1,0,Wack-Wack Greenhills East,Drainage,27.3,1205.9,0.85,0.632,16731,4,2.9,90.4,122.6,27.8,83.8,3.9,1.35,141.9,6.8,Low
FLD-005972,2025-09-26,2025,9,Friday,0,1,0,Bagong Silang,Drainage,19.2,624.1,0.637,0.68,27353,15,1.6,51.7,111.1,29.4,80.4,19.5,1.14,173.2,7.2,Low
FLD-005973,2024-12-18,2024,12,Wednesday,0,0,0,Barangka Ibaba,Pasig River,6.6,99.1,0.496,0.888,43590,19,14.7,80.4,110.2,29.4,60.7,21.8,1.02,170.4,8.2,High
FLD-005974,2025-05-04,2025,5,Sunday,1,1,2,Wack-Wack Greenhills East,Drainage,27.1,1177.6,0.823,0.621,25142,10,54.5,98.8,262.7,26.7,67.2,19.3,0.66,18.2,5.6,Low
FLD-005975,2023-07-18,2023,7,Tuesday,0,1,0,Barangka Drive,Pasig River,8.9,220.9,0.439,0.807,34092,23,6.2,26.3,185.0,28.6,76.7,2.8,1.6,4.9,2.4,Low
FLD-005976,2022-06-19,2022,6,Sunday,1,1,1,Wack-Wack Greenhills East,Drainage,27.4,1186.3,0.807,0.668,22132,6,15.3,104.1,242.8,29.7,63.1,14.6,1.5,106.0,10.0,Low
FLD-005977,2024-01-27,2024,1,Saturday,1,0,0,Hulo,Pasig River,6.0,136.9,0.447,0.889,38736,24,16.6,69.2,251.2,31.5,60.8,6.4,1.01,36.2,6.7,High
FLD-005978,2022-03-31,2022,3,Thursday,0,0,2,Hagdan Bato Itaas,Drainage,22.5,738.4,0.678,0.679,28110,10,42.1,141.5,259.8,32.0,63.1,27.1,1.03,176.4,12.4,High
FLD-005979,2021-11-01,2021,11,Monday,0,1,0,San Jose,Drainage,22.7,657.7,0.67,0.683,26548,9,38.3,53.2,91.0,27.8,66.7,18.8,1.14,34.5,1.8,Low
FLD-005980,2025-12-31,2025,12,Wednesday,0,0,0,Hulo,Pasig River,4.9,83.1,0.482,0.848,38237,22,5.6,17.9,68.1,31.0,63.0,9.3,1.24,150.3,7.2,Medium
FLD-005981,2022-11-01,2022,11,Tuesday,0,1,0,Mabini-J. Rizal,Maytunas Creek,13.3,480.4,0.562,0.76,25968,13,29.1,40.9,176.8,31.4,82.5,13.0,1.21,60.6,3.4,Medium
FLD-005982,2023-12-27,2023,12,Wednesday,0,0,1,Mauway,Maytunas Creek,22.3,838.8,0.696,0.743,39811,11,28.9,44.9,132.3,31.2,66.5,21.3,1.09,9.4,3.2,Low
FLD-005983,2026-03-27,2026,3,Friday,0,0,1,Barangka Drive,Pasig River,7.6,203.3,0.494,0.833,34656,16,10.6,162.3,392.3,31.8,64.7,22.1,1.28,140.6,11.9,Medium
FLD-005984,2025-01-04,2025,1,Saturday,1,0,0,Hulo,Pasig River,6.2,152.4,0.479,0.866,38739,22,3.8,42.2,92.4,31.3,63.4,7.0,1.03,6.0,9.1,Low
FLD-005985,2021-01-03,2021,1,Sunday,1,0,0,Old Zañiga,Buhangin Creek,7.8,158.1,0.517,0.831,43217,22,3.4,18.3,101.8,30.0,72.8,8.1,0.95,75.5,3.4,High
FLD-005986,2023-11-26,2023,11,Sunday,1,1,0,Wack-Wack Greenhills East,Drainage,27.4,1190.6,0.784,0.66,21086,8,15.5,224.6,284.0,29.7,78.1,8.7,1.44,86.1,10.3,Low
FLD-005987,2026-03-28,2026,3,Saturday,1,0,0,Pleasant Hills,Ermitaño Creek,24.2,963.1,0.673,0.644,27970,10,32.5,55.9,147.9,32.3,74.1,5.3,1.17,0.5,5.3,Low
FLD-005988,2024-07-28,2024,7,Sunday,1,1,1,Mauway,Maytunas Creek,22.9,863.5,0.653,0.685,39077,11,103.4,132.6,265.6,26.8,84.9,28.4,1.02,223.8,7.1,High
FLD-005989,2026-01-16,2026,1,Friday,0,0,2,Barangka Ibaba,Pasig River,5.7,66.9,0.436,0.842,41708,19,89.9,158.8,246.4,30.4,79.5,22.6,1.01,295.1,16.4,High
FLD-005990,2026-04-23,2026,4,Thursday,0,0,0,Hagdan Bato Libis,Drainage,16.0,504.6,0.576,0.708,29348,15,33.8,55.2,159.0,30.7,76.5,14.1,1.23,79.6,4.7,Medium
FLD-005991,2023-04-25,2023,4,Tuesday,0,0,0,Pleasant Hills,Ermitaño Creek,24.6,1002.6,0.69,0.69,27934,5,17.1,98.4,177.4,32.1,73.2,12.4,1.63,149.3,6.4,Medium
FLD-005992,2021-03-10,2021,3,Wednesday,0,0,0,Vergara,Drainage,24.1,826.9,0.737,0.609,27572,10,10.1,49.4,135.2,31.9,80.6,13.0,1.39,126.3,3.4,Medium
FLD-005993,2021-11-13,2021,11,Saturday,1,1,0,Mabini-J. Rizal,Maytunas Creek,15.0,461.2,0.544,0.77,29781,12,35.6,59.8,181.5,30.0,73.2,14.7,1.58,67.9,4.2,Medium
FLD-005994,2025-07-20,2025,7,Sunday,1,1,0,Plainview,Estero,17.6,503.9,0.635,0.767,30138,14,112.9,127.2,246.9,27.4,77.1,6.2,1.66,237.8,7.0,High
FLD-005995,2024-05-16,2024,5,Thursday,0,1,1,Vergara,Drainage,25.0,789.6,0.728,0.653,24162,9,57.9,92.6,413.4,28.8,79.6,12.8,1.31,219.8,9.6,Medium
FLD-005996,2021-08-15,2021,8,Sunday,1,1,0,Hulo,Pasig River,6.1,101.7,0.447,0.913,39245,16,2.4,89.4,146.7,32.3,74.5,2.8,1.5,111.3,7.3,Medium
FLD-005997,2024-01-18,2024,1,Thursday,0,0,1,Hagdan Bato Itaas,Drainage,21.8,714.1,0.701,0.67,31661,16,60.2,127.3,195.4,31.2,76.8,13.1,0.86,109.7,6.7,Medium
FLD-005998,2023-06-03,2023,6,Saturday,1,1,0,Bagong Silang,Drainage,18.3,610.8,0.616,0.702,24784,14,45.5,150.5,194.3,29.9,73.6,10.4,1.69,94.9,9.5,Medium
FLD-005999,2025-11-20,2025,11,Thursday,0,1,0,Pag-Asa,Drainage,20.1,662.7,0.655,0.762,25310,15,9.9,26.5,58.2,26.8,73.1,4.8,1.12,89.3,2.0,Low
FLD-006000,2023-12-05,2023,12,Tuesday,0,0,0,Harapin ang Bukas,Drainage,16.9,524.9,0.565,0.786,24513,7,36.5,68.0,186.5,29.8,61.8,12.8,0.81,136.5,9.5,Medium
FLD-006001,2025-09-30,2025,9,Tuesday,0,1,1,Mabini-J. Rizal,Maytunas Creek,15.5,436.9,0.625,0.738,30417,12,110.9,129.9,205.2,24.1,89.2,15.5,1.58,220.6,9.1,High
FLD-006002,2024-01-06,2024,1,Saturday,1,0,0,Malamig,Tributary,20.0,594.7,0.663,0.695,29768,15,6.5,108.9,264.9,29.8,69.7,6.8,0.47,109.8,6.7,Low
FLD-006003,2024-03-02,2024,3,Saturday,1,0,0,Bagong Silang,Drainage,18.6,558.2,0.558,0.691,27355,15,3.6,64.1,211.0,29.7,74.0,11.1,0.97,2.0,6.6,Low
FLD-006004,2025-08-04,2025,8,Monday,0,1,0,Mauway,Maytunas Creek,23.1,859.9,0.684,0.677,41856,12,1.8,92.0,354.1,30.1,76.3,13.3,1.15,1.7,7.0,Low
FLD-006005,2021-11-05,2021,11,Friday,0,1,0,Daang Bakal,Maytunas Creek,12.4,407.0,0.566,0.78,32657,16,15.5,25.8,133.8,29.8,77.2,8.0,1.17,127.2,5.4,Low
FLD-006006,2023-05-04,2023,5,Thursday,0,1,1,Burol,Drainage,22.0,692.9,0.655,0.669,26445,15,30.5,104.6,187.7,27.3,79.0,24.6,0.93,110.5,9.3,Low
FLD-006007,2026-02-02,2026,2,Monday,0,0,0,Mauway,Maytunas Creek,22.8,883.8,0.708,0.755,37159,6,4.0,37.3,119.8,30.3,60.2,7.5,0.38,16.0,1.1,Low
FLD-006008,2025-05-28,2025,5,Wednesday,0,1,1,Hagdan Bato Libis,Drainage,15.7,514.6,0.63,0.742,28265,15,64.1,122.2,186.5,29.4,74.2,8.3,1.38,211.1,8.0,Medium
FLD-006009,2024-01-20,2024,1,Saturday,1,0,2,Mabini-J. Rizal,Maytunas Creek,14.1,463.1,0.654,0.768,30305,10,24.0,40.4,93.1,30.8,86.1,25.0,0.68,3.3,4.2,Low
FLD-006010,2023-09-18,2023,9,Monday,0,1,0,Addition Hills,Maytunas Creek,24.7,981.3,0.674,0.671,50703,9,5.8,112.9,142.9,30.9,76.3,15.1,1.08,1.2,7.1,Low
FLD-006011,2021-12-06,2021,12,Monday,0,0,0,Malamig,Tributary,20.0,605.1,0.669,0.739,29178,14,8.4,56.7,213.1,31.2,69.6,9.7,1.02,0.6,3.5,Low
FLD-006012,2023-12-21,2023,12,Thursday,0,0,0,Namayan,Pasig River,7.6,124.2,0.468,0.786,32286,22,4.0,59.1,128.9,29.9,64.3,25.3,0.97,0.4,1.8,Low
FLD-006013,2023-10-21,2023,10,Saturday,1,1,0,Mauway,Maytunas Creek,23.2,834.9,0.681,0.725,40922,9,86.6,154.8,194.8,30.3,83.8,1.1,1.28,166.2,9.2,High
FLD-006014,2025-11-14,2025,11,Friday,0,1,0,Burol,Drainage,21.0,720.6,0.605,0.672,21142,13,11.2,43.4,302.7,28.3,73.4,7.2,1.28,97.2,4.9,Medium
FLD-006015,2026-01-27,2026,1,Tuesday,0,0,0,Pleasant Hills,Ermitaño Creek,24.3,941.3,0.675,0.636,26512,11,18.3,67.3,160.0,32.1,67.8,18.2,0.91,4.5,0.5,Low
FLD-006016,2022-04-25,2022,4,Monday,0,0,0,Malamig,Tributary,21.0,604.6,0.655,0.691,29111,13,58.6,102.6,144.0,31.2,69.4,13.0,0.82,212.1,9.0,Medium
FLD-006017,2024-01-21,2024,1,Sunday,1,0,0,Barangka Itaas,Pasig River,11.1,241.7,0.486,0.743,33924,18,2.6,19.7,44.6,33.8,74.2,5.7,0.81,23.0,3.0,Low
FLD-006018,2022-02-09,2022,2,Wednesday,0,0,0,San Jose,Drainage,21.9,743.0,0.708,0.676,28054,10,20.4,37.8,117.5,33.6,61.9,2.8,0.29,5.8,3.2,Low
FLD-006019,2025-02-11,2025,2,Tuesday,0,0,0,Addition Hills,Maytunas Creek,24.5,973.7,0.636,0.74,49036,11,51.7,72.6,124.7,34.2,78.5,15.7,0.56,70.9,7.3,Low
FLD-006020,2022-07-14,2022,7,Thursday,0,1,2,San Jose,Drainage,23.1,706.3,0.741,0.621,26449,11,103.5,188.2,270.9,28.5,87.6,38.0,0.68,180.3,11.6,High
FLD-006021,2023-01-02,2023,1,Monday,0,0,0,Pleasant Hills,Ermitaño Creek,24.3,977.3,0.682,0.679,27212,7,10.1,94.7,204.3,33.4,69.5,26.1,1.33,115.0,8.2,Low
FLD-006022,2023-08-15,2023,8,Tuesday,0,1,1,Burol,Drainage,19.5,710.5,0.618,0.718,21371,15,12.1,41.7,132.6,32.5,79.1,16.3,1.56,111.2,6.7,Medium
FLD-006023,2023-10-15,2023,10,Sunday,1,1,0,Burol,Drainage,21.8,713.9,0.62,0.673,22115,15,4.5,61.6,91.5,30.2,71.5,3.1,1.09,46.6,3.8,Low
FLD-006024,2022-11-16,2022,11,Wednesday,0,1,0,Harapin ang Bukas,Drainage,16.4,546.2,0.58,0.7,22402,16,32.5,96.5,144.0,30.0,84.4,16.4,0.85,104.0,5.8,Medium
FLD-006025,2022-02-06,2022,2,Sunday,1,0,0,Barangka Ibaba,Pasig River,7.7,122.1,0.495,0.867,39285,19,4.2,22.7,160.9,33.2,60.5,18.1,0.95,133.3,6.0,Low
FLD-006026,2022-10-16,2022,10,Sunday,1,1,0,Barangka Drive,Pasig River,8.9,213.4,0.499,0.856,35021,14,9.1,89.2,232.0,29.8,70.8,7.1,1.14,112.1,6.9,Medium
FLD-006027,2022-08-31,2022,8,Wednesday,0,1,0,Barangka Itaas,Pasig River,9.0,205.3,0.576,0.83,36543,21,48.5,131.3,195.1,29.6,76.0,7.3,0.95,159.1,9.1,High
FLD-006028,2023-04-18,2023,4,Tuesday,0,0,0,Hulo,Pasig River,6.2,94.1,0.413,0.837,39488,16,1.1,63.5,133.0,31.4,55.1,22.1,0.83,85.7,5.9,Medium
FLD-006029,2024-12-26,2024,12,Thursday,0,0,0,New Zañiga,Buhangin Creek,7.6,135.1,0.542,0.799,38159,14,72.3,125.0,214.8,28.8,80.4,3.3,0.66,172.5,7.5,High
FLD-006030,2024-11-02,2024,11,Saturday,1,1,0,Bagong Silang,Drainage,17.7,574.5,0.612,0.716,24005,11,1.2,156.3,403.1,30.1,65.0,16.4,1.88,120.3,7.8,Medium
FLD-006031,2025-12-22,2025,12,Monday,0,0,2,Pleasant Hills,Ermitaño Creek,24.5,1024.7,0.74,0.664,25012,7,125.0,169.2,227.7,30.4,75.2,41.7,1.12,230.3,10.4,High
FLD-006032,2025-05-10,2025,5,Saturday,1,1,0,Pleasant Hills,Ermitaño Creek,24.3,943.5,0.696,0.615,22597,10,46.5,89.2,173.8,29.1,76.1,13.4,0.88,2.7,1.1,Low
FLD-006033,2025-05-04,2025,5,Sunday,1,1,0,Wack-Wack Greenhills East,Drainage,27.8,1214.4,0.83,0.64,20745,4,11.0,135.3,169.1,30.4,64.0,15.6,1.38,0.3,6.2,Low
FLD-006034,2021-09-04,2021,9,Saturday,1,1,0,Pleasant Hills,Ermitaño Creek,24.2,975.5,0.689,0.642,25230,11,33.8,133.5,263.4,29.8,70.9,12.2,1.42,60.4,8.0,Low
FLD-006035,2021-12-11,2021,12,Saturday,1,0,0,San Jose,Drainage,21.1,697.0,0.639,0.675,24861,16,160.3,170.0,488.8,26.5,85.8,11.4,0.52,271.2,13.9,High
FLD-006036,2023-12-15,2023,12,Friday,0,0,2,Burol,Drainage,21.2,663.6,0.639,0.692,19902,11,187.7,205.2,224.8,27.6,73.8,35.5,1.54,234.4,16.8,High
FLD-006037,2021-07-03,2021,7,Saturday,1,1,0,Addition Hills,Maytunas Creek,25.6,974.2,0.645,0.737,43292,14,18.6,95.8,218.1,30.5,78.9,0,1.59,62.7,9.3,Low
FLD-006038,2024-07-09,2024,7,Tuesday,0,1,0,Highway Hills,Maytunas Creek,29.8,906.4,0.736,0.815,43457,11,3.9,191.0,235.6,29.8,70.0,26.8,1.58,4.6,9.3,Low
FLD-006039,2023-03-15,2023,3,Wednesday,0,0,0,Barangka Drive,Pasig River,8.8,199.5,0.441,0.815,34927,18,4.8,111.1,260.3,30.2,60.4,2.7,1.19,191.0,8.9,Medium
FLD-006040,2021-04-14,2021,4,Wednesday,0,0,0,Old Zañiga,Buhangin Creek,7.8,138.4,0.519,0.789,35894,16,2.8,45.8,116.7,30.8,67.0,2.0,1.11,195.2,7.1,Medium
FLD-006041,2023-07-01,2023,7,Saturday,1,1,0,Mabini-J. Rizal,Maytunas Creek,14.5,478.8,0.58,0.756,33939,13,73.0,137.3,321.6,28.8,81.6,15.4,1.06,195.5,8.3,High
FLD-006042,2025-01-08,2025,1,Wednesday,0,0,0,Pleasant Hills,Ermitaño Creek,25.0,970.4,0.706,0.679,26519,14,11.8,55.3,113.5,30.3,52.6,12.9,1.0,11.7,3.2,Low
FLD-006043,2021-09-09,2021,9,Thursday,0,1,2,Barangka Ibaba,Pasig River,5.5,134.2,0.447,0.864,38654,26,269.2,294.5,443.2,24.2,98.2,20.3,1.5,560.5,19.5,High
FLD-006044,2022-11-21,2022,11,Monday,0,1,0,Pag-Asa,Drainage,21.1,650.0,0.665,0.746,22045,11,49.1,197.7,263.5,30.2,82.7,13.0,1.49,169.1,7.3,High
FLD-006045,2021-10-02,2021,10,Saturday,1,1,0,Barangka Itaas,Pasig River,11.0,223.5,0.506,0.812,34086,23,85.0,157.7,216.1,27.7,80.3,19.7,1.24,227.6,13.5,High
FLD-006046,2022-05-12,2022,5,Thursday,0,1,0,Burol,Drainage,21.0,710.9,0.67,0.689,19020,13,26.7,93.5,130.9,28.4,69.8,21.5,1.45,1.3,5.9,Low
FLD-006047,2026-03-24,2026,3,Tuesday,0,0,1,Plainview,Estero,17.1,450.9,0.557,0.729,27304,17,22.3,113.6,137.4,28.7,72.4,18.1,0.82,73.1,8.3,Medium
FLD-006048,2025-01-08,2025,1,Wednesday,0,0,0,Old Zañiga,Buhangin Creek,7.6,126.1,0.472,0.789,29174,20,19.3,142.2,232.6,30.0,63.0,0,0.87,100.2,6.1,Low
FLD-006049,2026-04-17,2026,4,Friday,0,0,2,Pleasant Hills,Ermitaño Creek,24.3,983.7,0.713,0.661,22204,7,96.8,115.1,199.7,30.4,76.5,20.4,0.73,174.1,10.4,High
FLD-006050,2022-12-14,2022,12,Wednesday,0,0,2,Poblacion,Buhangin Creek,5.5,108.6,0.429,0.864,43665,18,45.4,65.9,168.7,29.1,75.8,27.7,1.04,203.1,11.0,High
FLD-006051,2026-05-26,2026,5,Tuesday,0,1,1,Old Zañiga,Buhangin Creek,8.6,194.7,0.437,0.767,36747,21,43.8,130.2,206.5,28.9,80.7,9.5,1.33,171.9,9.3,High
FLD-006052,2024-11-15,2024,11,Friday,0,1,0,Bagong Silang,Drainage,18.0,559.6,0.606,0.731,25757,15,20.1,55.9,337.7,29.7,70.7,23.9,1.15,72.3,9.2,Medium
FLD-006053,2023-04-06,2023,4,Thursday,0,0,1,Buayang Bato,Buayang Bato Creek,14.3,286.6,0.616,0.753,37094,18,131.1,170.8,212.7,28.8,83.2,4.6,0.76,309.8,13.4,High
FLD-006054,2026-03-21,2026,3,Saturday,1,0,0,Vergara,Drainage,23.9,790.2,0.763,0.659,28624,16,4.2,19.0,98.1,31.9,68.2,3.4,0.93,8.7,3.0,Low
FLD-006055,2023-12-05,2023,12,Tuesday,0,0,2,Highway Hills,Maytunas Creek,29.3,934.5,0.791,0.823,48942,5,139.0,157.0,177.0,30.3,75.0,19.5,0.38,264.4,10.4,High
FLD-006056,2023-01-21,2023,1,Saturday,1,0,0,Mabini-J. Rizal,Maytunas Creek,15.8,455.1,0.613,0.731,30185,15,39.7,67.7,98.9,30.9,74.2,10.8,0.77,162.4,6.0,Low
FLD-006057,2024-06-20,2024,6,Thursday,0,1,3,Plainview,Estero,17.8,508.5,0.594,0.739,31960,13,77.2,122.0,221.9,26.7,81.3,40.7,0.91,294.6,11.4,High
FLD-006058,2021-09-05,2021,9,Sunday,1,1,3,San Jose,Drainage,22.3,733.7,0.67,0.69,28886,7,157.6,190.2,286.0,27.6,96.5,41.0,1.56,277.7,13.1,High
FLD-006059,2026-05-03,2026,5,Sunday,1,1,1,Malamig,Tributary,18.8,627.1,0.634,0.715,27394,15,10.7,70.9,234.2,28.2,78.1,12.8,1.1,86.5,5.6,Medium
FLD-006060,2021-09-22,2021,9,Wednesday,0,1,0,Hulo,Pasig River,6.3,98.0,0.479,0.836,38463,17,8.4,77.5,102.7,27.3,75.1,4.9,1.15,63.3,6.5,High
FLD-006061,2024-06-30,2024,6,Sunday,1,1,0,Highway Hills,Maytunas Creek,28.9,897.9,0.717,0.725,45974,8,13.1,53.9,95.0,32.0,75.6,11.5,1.62,12.7,5.5,Low
FLD-006062,2026-05-16,2026,5,Saturday,1,1,1,Addition Hills,Maytunas Creek,24.6,993.1,0.695,0.739,43756,12,116.1,132.9,171.3,25.8,91.8,41.1,1.13,192.8,8.7,High
FLD-006063,2025-10-24,2025,10,Friday,0,1,0,Burol,Drainage,21.6,728.1,0.669,0.672,18693,13,50.2,108.7,147.8,28.3,74.9,2.5,1.41,130.7,7.0,Medium
FLD-006064,2023-07-13,2023,7,Thursday,0,1,0,New Zañiga,Buhangin Creek,8.8,120.4,0.486,0.843,33956,16,21.4,75.6,137.0,30.7,76.8,22.5,1.32,68.7,7.2,High
FLD-006065,2022-12-31,2022,12,Saturday,1,0,1,Bagong Silang,Drainage,18.1,622.4,0.625,0.699,26926,14,12.6,39.8,91.8,33.5,72.0,22.3,0.44,183.0,6.3,Medium
FLD-006066,2021-11-19,2021,11,Friday,0,1,0,Barangka Ibaba,Pasig River,7.3,25,0.463,0.885,37672,23,18.6,54.5,114.1,28.1,79.4,10.6,0.56,104.0,5.0,Medium
FLD-006067,2023-05-05,2023,5,Friday,0,1,0,Barangka Ilaya,Pasig River,7.6,85.8,0.436,0.886,34999,21,16.8,79.3,207.7,29.8,79.8,1.9,1.33,79.1,7.3,High
FLD-006068,2023-04-29,2023,4,Saturday,1,0,0,San Jose,Drainage,22.2,705.2,0.717,0.697,25417,7,7.9,36.4,101.4,33.2,59.8,15.2,0.79,140.6,4.0,Low
FLD-006069,2021-03-29,2021,3,Monday,0,0,0,Plainview,Estero,19.2,513.7,0.66,0.659,26725,14,21.6,49.7,112.4,31.9,54.5,3.5,0.58,98.7,1.7,Medium
FLD-006070,2026-01-24,2026,1,Saturday,1,0,0,Addition Hills,Maytunas Creek,25.3,993.1,0.677,0.67,48236,7,15.0,59.8,120.9,31.0,76.2,36.1,0.73,0.3,5.7,Low
FLD-006071,2023-08-20,2023,8,Sunday,1,1,0,Hagdan Bato Libis,Drainage,16.4,490.9,0.649,0.727,32644,12,6.6,40.7,107.0,31.8,72.8,6.2,1.53,38.0,6.4,Medium
FLD-006072,2022-06-09,2022,6,Thursday,0,1,0,Mabini-J. Rizal,Maytunas Creek,14.9,417.6,0.612,0.737,29341,14,44.8,270.3,361.5,30.2,74.9,6.9,1.48,141.0,13.3,High
FLD-006073,2024-05-11,2024,5,Saturday,1,1,0,Harapin ang Bukas,Drainage,15.3,570.2,0.615,0.747,25741,9,13.7,24.7,147.1,27.5,78.4,1.6,1.02,9.7,3.6,Low
FLD-006074,2023-10-29,2023,10,Sunday,1,1,0,Pleasant Hills,Ermitaño Creek,25.8,987.6,0.673,0.693,27289,8,12.2,32.8,164.7,28.5,75.4,7.6,1.12,4.9,0.5,Low
FLD-006075,2022-08-30,2022,8,Tuesday,0,1,0,Old Zañiga,Buhangin Creek,6.1,182.4,0.5,0.803,37749,18,2.8,63.5,339.1,29.9,74.3,14.5,1.12,102.7,5.5,Low
FLD-006076,2024-05-15,2024,5,Wednesday,0,1,1,New Zañiga,Buhangin Creek,6.5,150.7,0.536,0.785,36096,15,75.5,113.8,190.1,28.1,84.1,12.9,1.19,229.2,9.6,Medium
FLD-006077,2023-09-21,2023,9,Thursday,0,1,0,Hagdan Bato Itaas,Drainage,21.8,750.1,0.681,0.682,30244,13,29.8,95.1,224.4,28.9,74.8,17.7,1.0,59.4,6.3,Medium
FLD-006078,2025-04-11,2025,4,Friday,0,0,0,Namayan,Pasig River,7.5,174.2,0.512,0.813,30759,20,80.0,105.6,162.2,27.2,61.0,1.2,1.42,242.8,12.0,High
FLD-006079,2022-08-08,2022,8,Monday,0,1,0,Addition Hills,Maytunas Creek,26.4,985.5,0.717,0.721,48467,12,23.3,120.8,302.4,30.2,58.4,4.9,1.06,53.5,6.5,Medium
FLD-006080,2022-01-02,2022,1,Sunday,1,0,0,Namayan,Pasig River,7.1,145.3,0.593,0.821,36111,15,0.4,67.1,181.2,31.7,67.8,7.5,0.82,167.1,4.8,Low
FLD-006081,2021-04-08,2021,4,Thursday,0,0,0,Pleasant Hills,Ermitaño Creek,24.0,987.1,0.722,0.717,26235,11,6.0,69.7,326.1,30.1,58.0,2.7,1.18,122.0,6.9,Low
FLD-006082,2024-03-03,2024,3,Sunday,1,0,0,Barangka Drive,Pasig River,8.6,227.4,0.481,0.826,31396,19,2.4,69.1,98.1,29.4,72.0,10.3,0.73,84.9,4.0,Medium
FLD-006083,2024-06-20,2024,6,Thursday,0,1,0,Highway Hills,Maytunas Creek,30.6,903.7,0.782,0.757,43031,10,11.7,36.4,155.7,28.4,69.5,21.7,1.22,7.5,3.5,Low
FLD-006084,2025-11-28,2025,11,Friday,0,1,2,Bagong Silang,Drainage,17.3,640.1,0.669,0.7,25042,12,179.4,238.4,306.4,27.3,94.5,40.2,1.03,386.5,18.7,High
FLD-006085,2021-05-11,2021,5,Tuesday,0,1,0,New Zañiga,Buhangin Creek,7.0,132.0,0.484,0.731,31948,16,25.0,89.9,192.6,28.4,66.3,7.2,1.72,222.3,6.9,Medium
FLD-006086,2022-03-23,2022,3,Wednesday,0,0,0,Highway Hills,Maytunas Creek,29.1,858.3,0.764,0.764,45303,8,52.2,69.6,148.3,32.3,71.8,13.4,0.74,8.5,1.8,Low
FLD-006087,2025-09-03,2025,9,Wednesday,0,1,0,Barangka Ibaba,Pasig River,7.0,56.2,0.428,0.833,39730,21,2.6,58.5,101.4,30.6,75.2,12.2,1.51,117.8,9.7,Medium
FLD-006088,2023-07-02,2023,7,Sunday,1,1,1,Hagdan Bato Itaas,Drainage,21.1,742.9,0.663,0.675,24762,11,24.4,108.1,145.3,27.4,83.4,29.6,0.82,85.8,7.7,Low
FLD-006089,2025-12-03,2025,12,Wednesday,0,0,0,San Jose,Drainage,22.4,691.6,0.702,0.641,24404,10,7.3,136.9,242.4,34.6,77.0,3.4,0.98,18.4,4.4,Low
FLD-006090,2022-12-06,2022,12,Tuesday,0,0,3,Harapin ang Bukas,Drainage,16.2,549.3,0.592,0.785,28508,14,159.3,163.7,251.2,28.6,80.1,21.4,1.34,311.3,10.4,High
FLD-006091,2024-05-12,2024,5,Sunday,1,1,1,Wack-Wack Greenhills East,Drainage,28.2,1203.9,0.829,0.678,18351,5,23.9,80.7,250.2,31.5,82.4,14.1,0.87,43.1,6.3,Low
FLD-006092,2026-01-31,2026,1,Saturday,1,0,1,Barangka Itaas,Pasig River,10.8,239.3,0.511,0.794,33008,22,56.3,106.1,174.7,29.7,58.6,17.6,1.69,302.6,9.4,High
FLD-006093,2022-04-06,2022,4,Wednesday,0,0,0,Plainview,Estero,17.4,462.2,0.628,0.693,31946,11,75.6,118.9,149.2,30.0,63.8,1.9,0.43,151.1,7.6,Medium
FLD-006094,2025-10-24,2025,10,Friday,0,1,0,Namayan,Pasig River,8.0,124.1,0.483,0.826,34090,26,10.4,79.8,109.9,28.3,71.2,10.8,1.01,134.6,8.1,High
FLD-006095,2023-10-27,2023,10,Friday,0,1,0,Barangka Drive,Pasig River,8.6,240.7,0.479,0.797,35139,23,5.9,114.6,252.8,27.5,79.9,9.6,1.47,111.6,10.7,Medium
FLD-006096,2022-12-29,2022,12,Thursday,0,0,1,Old Zañiga,Buhangin Creek,5.9,168.9,0.466,0.786,37998,17,60.7,104.2,200.6,30.1,68.7,13.8,1.23,172.5,10.1,High
FLD-006097,2024-04-05,2024,4,Friday,0,0,0,San Jose,Drainage,22.7,654.8,0.669,0.678,25194,9,11.1,28.5,106.2,30.7,63.6,2.2,1.02,1.5,4.8,Low
FLD-006098,2021-11-13,2021,11,Saturday,1,1,2,Mauway,Maytunas Creek,23.9,861.5,0.657,0.719,37813,12,212.8,233.2,407.0,23.2,100,29.3,0.84,323.7,14.1,High
FLD-006099,2024-08-04,2024,8,Sunday,1,1,0,San Jose,Drainage,23.1,715.1,0.69,0.686,27959,10,9.3,32.0,148.4,34.1,75.4,1.0,1.64,8.0,0.7,Low
FLD-006100,2022-05-04,2022,5,Wednesday,0,1,1,Barangka Drive,Pasig River,9.2,239.5,0.491,0.803,35753,18,34.7,111.5,281.1,29.2,80.6,12.5,0.77,167.7,9.0,High
FLD-006101,2022-07-02,2022,7,Saturday,1,1,0,Malamig,Tributary,19.5,544.9,0.72,0.728,28503,11,11.8,57.9,107.7,28.6,78.5,1.8,1.19,1.3,4.0,Low
FLD-006102,2022-12-21,2022,12,Wednesday,0,0,0,Old Zañiga,Buhangin Creek,6.6,169.2,0.505,0.794,38820,19,14.8,67.6,169.7,30.2,78.1,0,1.49,168.0,8.6,Medium
FLD-006103,2023-06-04,2023,6,Sunday,1,1,0,Vergara,Drainage,23.5,817.0,0.716,0.634,30039,8,3.7,31.0,148.5,29.5,70.2,4.7,1.31,4.9,2.7,Low
FLD-006104,2021-06-02,2021,6,Wednesday,0,1,0,Hagdan Bato Itaas,Drainage,22.7,763.8,0.659,0.71,28584,10,31.2,52.4,166.3,27.5,63.3,2.8,1.18,90.0,5.1,Low
FLD-006105,2023-12-10,2023,12,Sunday,1,0,0,San Jose,Drainage,22.0,699.6,0.702,0.657,28724,16,1.4,92.4,196.9,32.6,63.5,4.9,0.91,69.6,7.1,Medium
FLD-006106,2023-03-20,2023,3,Monday,0,0,0,Highway Hills,Maytunas Creek,30.1,896.2,0.789,0.77,44892,5,1.3,76.8,256.9,31.5,62.8,10.5,0.75,73.8,5.5,Low
FLD-006107,2025-06-01,2025,6,Sunday,1,1,1,Hulo,Pasig River,4.3,101.7,0.448,0.818,44615,20,19.6,58.5,116.3,29.2,56.6,11.5,1.35,104.1,6.4,High
FLD-006108,2024-05-12,2024,5,Sunday,1,1,1,Hagdan Bato Libis,Drainage,16.5,474.1,0.541,0.71,30116,21,81.3,179.1,231.0,27.1,75.2,15.5,0.72,206.7,6.6,High
FLD-006109,2024-07-25,2024,7,Thursday,0,1,0,Addition Hills,Maytunas Creek,25.3,972.7,0.631,0.719,48558,10,4.0,45.8,63.7,29.8,71.7,8.1,1.25,11.5,1.9,Low
FLD-006110,2022-08-02,2022,8,Tuesday,0,1,2,Mauway,Maytunas Creek,23.5,906.2,0.603,0.648,40523,17,78.5,173.7,283.0,26.8,87.7,17.4,1.57,202.4,12.5,High
FLD-006111,2021-09-07,2021,9,Tuesday,0,1,0,Namayan,Pasig River,7.1,119.8,0.516,0.832,33454,23,12.3,105.2,353.2,28.3,80.2,5.6,1.12,128.2,5.6,High
FLD-006112,2024-01-19,2024,1,Friday,0,0,0,Pleasant Hills,Ermitaño Creek,25.4,1004.8,0.679,0.664,24093,14,0.6,42.7,111.2,28.9,62.2,17.5,1.31,10.4,2.4,Low
FLD-006113,2021-06-20,2021,6,Sunday,1,1,0,Barangka Drive,Pasig River,8.8,189.4,0.533,0.808,36517,20,3.3,69.3,135.6,28.8,65.1,9.2,1.28,181.1,4.2,Medium
FLD-006114,2023-03-17,2023,3,Friday,0,0,0,Barangka Itaas,Pasig River,11.2,238.9,0.529,0.802,32712,24,5.6,60.7,290.5,34.1,70.0,9.7,0.93,0.3,2.8,Low
FLD-006115,2023-08-03,2023,8,Thursday,0,1,1,Pleasant Hills,Ermitaño Creek,24.2,998.9,0.726,0.687,22599,11,9.1,37.8,181.5,27.8,70.9,14.4,1.12,99.0,6.3,Medium
FLD-006116,2025-04-09,2025,4,Wednesday,0,0,0,Buayang Bato,Buayang Bato Creek,13.9,317.8,0.634,0.738,36944,12,26.2,110.3,152.4,33.0,71.3,1.9,1.05,13.3,4.6,Low
FLD-006117,2023-04-11,2023,4,Tuesday,0,0,0,Burol,Drainage,21.0,669.3,0.601,0.678,18354,11,35.8,126.3,182.2,34.7,71.2,3.6,0.98,146.6,8.1,Medium
FLD-006118,2025-10-26,2025,10,Sunday,1,1,0,Barangka Ibaba,Pasig River,8.1,86.7,0.477,0.885,40263,16,6.6,82.2,159.7,28.4,70.4,16.9,1.29,89.0,5.4,Low
FLD-006119,2021-04-08,2021,4,Thursday,0,0,0,Daang Bakal,Maytunas Creek,13.1,383.8,0.606,0.785,31238,18,18.9,68.1,94.2,27.9,74.2,4.0,1.01,13.7,5.0,Low
FLD-006120,2022-09-10,2022,9,Saturday,1,1,1,Plainview,Estero,17.4,506.9,0.685,0.744,31434,16,106.7,159.6,220.0,28.0,81.0,13.7,1.03,259.1,10.2,High
FLD-006121,2025-03-19,2025,3,Wednesday,0,0,1,Harapin ang Bukas,Drainage,17.0,533.7,0.626,0.738,23828,12,37.4,49.7,136.9,29.6,71.1,10.6,1.52,151.3,7.4,High
FLD-006122,2022-09-05,2022,9,Monday,0,1,0,Addition Hills,Maytunas Creek,24.9,978.5,0.706,0.74,46627,9,10.8,45.9,156.6,29.4,77.2,15.1,0.81,0.8,0.5,Low
FLD-006123,2022-02-17,2022,2,Thursday,0,0,0,Daang Bakal,Maytunas Creek,11.4,294.7,0.553,0.809,32584,18,9.1,51.0,108.4,33.5,72.2,0,1.24,4.7,6.1,Low
FLD-006124,2024-05-14,2024,5,Tuesday,0,1,2,Buayang Bato,Buayang Bato Creek,14.2,291.0,0.601,0.774,29957,18,119.6,242.5,355.6,27.5,85.1,26.8,0.83,239.7,15.4,High
FLD-006125,2021-05-05,2021,5,Wednesday,0,1,0,Pleasant Hills,Ermitaño Creek,24.7,1014.5,0.712,0.711,22058,13,29.5,31.3,73.4,29.4,78.8,7.9,1.77,91.8,4.5,Low
FLD-006126,2024-05-24,2024,5,Friday,0,1,1,New Zañiga,Buhangin Creek,7.0,175.7,0.529,0.828,36275,17,55.1,288.5,433.2,29.6,81.3,22.2,1.03,155.2,12.9,High
FLD-006127,2026-02-18,2026,2,Wednesday,0,0,0,Harapin ang Bukas,Drainage,17.8,602.1,0.556,0.759,19279,14,13.2,77.9,91.9,32.6,57.9,9.5,0.8,0.4,5.8,Low
FLD-006128,2023-11-03,2023,11,Friday,0,1,0,Highway Hills,Maytunas Creek,30.5,881.9,0.785,0.765,44507,6,2.6,56.1,146.9,29.2,74.0,0,1.23,29.6,1.4,Low
FLD-006129,2024-03-08,2024,3,Friday,0,0,0,Mauway,Maytunas Creek,23.5,815.3,0.687,0.722,34687,9,25.3,81.0,116.2,31.4,65.8,4.5,0.66,75.2,5.2,Medium
FLD-006130,2022-05-21,2022,5,Saturday,1,1,1,New Zañiga,Buhangin Creek,7.6,145.8,0.521,0.781,34718,16,27.2,148.8,173.0,27.5,75.0,31.1,1.06,132.0,11.9,Medium
FLD-006131,2023-02-10,2023,2,Friday,0,0,0,San Jose,Drainage,22.4,684.9,0.643,0.727,26874,8,36.3,52.7,89.8,30.7,64.9,7.1,1.49,59.7,4.7,Medium
FLD-006132,2022-10-10,2022,10,Monday,0,1,0,New Zañiga,Buhangin Creek,7.2,156.4,0.504,0.84,35763,20,3.2,39.9,112.5,30.8,76.5,10.1,1.34,43.0,5.0,High
FLD-006133,2026-05-31,2026,5,Sunday,1,1,0,Barangka Drive,Pasig River,9.8,239.5,0.444,0.844,31100,18,47.5,86.5,308.7,28.7,77.6,10.4,1.02,126.7,7.3,Medium
FLD-006134,2021-01-17,2021,1,Sunday,1,0,0,Hagdan Bato Libis,Drainage,16.2,508.9,0.583,0.722,28781,16,4.6,63.4,107.9,31.8,64.2,16.1,0.96,92.3,4.8,Medium
FLD-006135,2025-01-09,2025,1,Thursday,0,0,1,Plainview,Estero,17.2,547.5,0.64,0.754,26049,14,47.4,74.1,107.1,31.2,85.0,27.0,0.82,0.2,5.2,Low
FLD-006136,2025-03-03,2025,3,Monday,0,0,1,Hagdan Bato Itaas,Drainage,22.4,726.6,0.66,0.683,22801,12,78.0,85.9,130.5,28.2,77.3,11.9,0.63,129.4,5.6,Medium
FLD-006137,2024-05-04,2024,5,Saturday,1,1,0,Highway Hills,Maytunas Creek,32.0,884.2,0.725,0.784,43627,7,5.1,18.4,214.6,28.1,66.1,2.4,0.69,4.2,1.4,Low
FLD-006138,2021-01-23,2021,1,Saturday,1,0,0,Harapin ang Bukas,Drainage,16.5,528.5,0.604,0.698,22584,12,2.5,58.0,93.5,33.0,66.1,9.3,0.84,109.7,3.8,Low
FLD-006139,2023-03-20,2023,3,Monday,0,0,2,Old Zañiga,Buhangin Creek,6.5,157.7,0.497,0.816,34020,18,53.0,65.7,88.2,29.1,63.9,27.5,0.65,180.6,7.9,Medium
FLD-006140,2022-04-28,2022,4,Thursday,0,0,2,Buayang Bato,Buayang Bato Creek,15.8,271.6,0.542,0.745,33304,21,155.9,180.7,300.7,26.3,74.8,19.7,1.46,389.7,11.2,High
FLD-006141,2023-12-20,2023,12,Wednesday,0,0,0,San Jose,Drainage,21.5,715.6,0.711,0.669,26459,9,21.6,88.5,148.7,32.1,64.3,8.2,1.17,36.1,5.6,Medium
FLD-006142,2023-10-18,2023,10,Wednesday,0,1,1,Barangka Drive,Pasig River,9.7,196.8,0.535,0.797,33937,22,103.8,152.7,416.5,29.0,93.7,28.5,1.12,280.1,11.9,High
FLD-006143,2026-05-22,2026,5,Friday,0,1,1,Bagong Silang,Drainage,20.1,577.5,0.675,0.729,27181,9,111.0,197.7,292.8,30.0,89.8,8.6,1.72,225.0,9.5,High
FLD-006144,2026-03-27,2026,3,Friday,0,0,0,Bagong Silang,Drainage,17.9,601.5,0.636,0.731,24389,17,7.7,81.4,91.3,32.0,65.2,7.1,1.04,11.2,3.5,Low
FLD-006145,2025-01-05,2025,1,Sunday,1,0,0,Barangka Ilaya,Pasig River,7.9,62.7,0.45,0.825,37479,14,1.0,38.7,89.8,31.1,70.8,2.3,0.82,123.7,6.7,Low
FLD-006146,2025-05-21,2025,5,Wednesday,0,1,0,Harapin ang Bukas,Drainage,16.8,562.5,0.616,0.705,23836,12,18.8,98.6,213.9,28.9,75.4,10.2,1.39,93.5,6.5,Low
FLD-006147,2024-04-19,2024,4,Friday,0,0,0,Buayang Bato,Buayang Bato Creek,14.9,302.0,0.587,0.791,34019,14,152.8,167.8,252.8,30.2,81.6,17.0,1.1,292.3,8.6,High
FLD-006148,2021-02-26,2021,2,Friday,0,0,0,Vergara,Drainage,22.8,788.0,0.777,0.653,28378,8,43.0,56.7,99.5,30.3,73.5,10.9,0.96,94.0,3.4,Medium
FLD-006149,2022-01-13,2022,1,Thursday,0,0,0,Namayan,Pasig River,7.1,88.7,0.538,0.828,31632,21,1.6,10.6,22.2,34.1,68.7,6.9,1.3,110.5,7.2,Low
FLD-006150,2022-02-13,2022,2,Sunday,1,0,0,Mauway,Maytunas Creek,23.0,819.4,0.719,0.721,39520,11,18.5,30.3,60.8,30.0,64.4,14.2,1.58,181.1,2.6,Low
FLD-006151,2021-07-03,2021,7,Saturday,1,1,0,Pag-Asa,Drainage,19.7,644.8,0.663,0.686,27742,12,7.7,63.8,291.4,30.7,73.4,10.3,1.04,4.1,5.2,Low
FLD-006152,2025-07-30,2025,7,Wednesday,0,1,0,Malamig,Tributary,20.5,581.3,0.675,0.691,28148,14,49.4,128.9,180.3,27.4,77.4,31.8,1.1,121.2,7.9,Medium
FLD-006153,2022-05-29,2022,5,Sunday,1,1,1,Buayang Bato,Buayang Bato Creek,14.1,273.4,0.63,0.764,33509,13,40.0,95.1,220.8,31.0,73.3,10.3,0.94,112.1,7.7,High
FLD-006154,2022-03-25,2022,3,Friday,0,0,0,Daang Bakal,Maytunas Creek,11.0,332.1,0.609,0.748,28147,18,50.6,71.3,156.9,29.1,68.8,12.9,1.32,95.4,7.6,Medium
FLD-006155,2024-07-07,2024,7,Sunday,1,1,0,Burol,Drainage,21.2,704.2,0.682,0.682,19229,14,1.8,117.6,152.1,31.1,69.5,8.6,1.02,13.6,9.0,Medium
FLD-006156,2021-07-19,2021,7,Monday,0,1,0,Bagong Silang,Drainage,19.0,609.4,0.624,0.692,26496,11,9.1,27.4,94.6,28.6,73.5,4.9,1.15,96.3,2.3,Medium
FLD-006157,2021-12-28,2021,12,Tuesday,0,0,0,Malamig,Tributary,19.3,621.8,0.641,0.706,27917,15,6.9,219.0,288.3,30.9,60.1,7.3,1.1,145.7,13.1,Low
FLD-006158,2025-10-13,2025,10,Monday,0,1,0,Hulo,Pasig River,7.4,99.2,0.426,0.846,36911,19,130.0,167.0,188.4,28.0,88.8,17.3,1.68,321.2,13.3,High
FLD-006159,2022-10-31,2022,10,Monday,0,1,1,New Zañiga,Buhangin Creek,8.8,171.4,0.609,0.778,35387,14,61.1,145.3,172.1,27.4,83.0,16.8,1.31,152.3,8.2,Medium
FLD-006160,2026-01-08,2026,1,Thursday,0,0,0,Pag-Asa,Drainage,19.5,688.7,0.631,0.757,24841,13,16.4,45.0,185.8,30.6,75.4,12.5,1.15,0.2,5.0,Low
FLD-006161,2025-09-04,2025,9,Thursday,0,1,0,Burol,Drainage,20.8,721.5,0.617,0.69,23311,9,28.5,59.6,93.3,33.0,75.2,12.8,1.74,82.2,4.1,Medium
FLD-006162,2023-12-19,2023,12,Tuesday,0,0,0,Hagdan Bato Itaas,Drainage,22.7,727.0,0.697,0.705,26511,14,20.8,33.9,116.7,31.3,65.2,6.0,1.07,1.5,5.5,Low
FLD-006163,2025-10-09,2025,10,Thursday,0,1,0,Namayan,Pasig River,8.7,153.0,0.479,0.764,31810,19,14.6,38.1,116.9,29.9,68.0,23.8,1.42,58.9,3.3,Medium
FLD-006164,2022-04-04,2022,4,Monday,0,0,0,New Zañiga,Buhangin Creek,7.3,90.8,0.513,0.75,34859,17,1.6,33.4,141.3,32.9,59.8,8.6,1.3,85.5,3.6,Medium
FLD-006165,2023-03-13,2023,3,Monday,0,0,0,Harapin ang Bukas,Drainage,16.3,546.7,0.542,0.765,21529,17,2.2,27.1,82.9,33.5,69.9,14.1,1.02,63.4,7.2,Low
FLD-006166,2021-09-03,2021,9,Friday,0,1,0,Mabini-J. Rizal,Maytunas Creek,15.0,441.8,0.558,0.754,26538,17,45.7,112.0,138.9,28.0,87.6,12.8,0.45,82.3,6.5,Medium
FLD-006167,2025-01-14,2025,1,Tuesday,0,0,0,Mabini-J. Rizal,Maytunas Creek,14.5,426.1,0.594,0.74,33665,14,72.9,110.7,169.1,31.5,72.9,18.7,0.46,131.9,8.0,Medium
FLD-006168,2024-10-24,2024,10,Thursday,0,1,0,Wack-Wack Greenhills East,Drainage,28.0,1205.5,0.872,0.631,20877,5,100.2,134.3,305.4,27.5,81.0,10.3,0.97,124.8,6.9,Medium
FLD-006169,2024-05-21,2024,5,Tuesday,0,1,0,Addition Hills,Maytunas Creek,24.6,1000.6,0.663,0.758,45804,13,25.5,108.6,176.6,27.2,79.1,19.4,1.55,122.2,8.5,Medium
FLD-006170,2024-12-16,2024,12,Monday,0,0,0,Old Zañiga,Buhangin Creek,5.4,137.8,0.525,0.791,34844,18,4.3,51.4,157.3,30.6,63.2,2.1,0.61,12.3,3.1,Low
FLD-006171,2021-10-04,2021,10,Monday,0,1,0,Vergara,Drainage,24.5,790.0,0.657,0.653,23863,14,1.6,46.7,127.0,29.1,69.4,14.2,1.77,45.8,3.5,Low
FLD-006172,2023-04-04,2023,4,Tuesday,0,0,0,Plainview,Estero,16.5,472.9,0.641,0.708,31460,18,108.9,221.1,289.5,28.7,85.3,5.4,1.45,248.7,12.1,High
FLD-006173,2023-08-16,2023,8,Wednesday,0,1,2,Buayang Bato,Buayang Bato Creek,14.6,322.4,0.591,0.727,35918,22,86.5,146.7,191.3,26.2,79.2,21.9,1.54,157.7,6.4,High
FLD-006174,2022-07-27,2022,7,Wednesday,0,1,3,Barangka Itaas,Pasig River,9.0,278.1,0.528,0.815,32825,19,39.4,459.8,550.6,28.9,73.7,36.7,1.23,254.4,18.9,High
FLD-006175,2025-02-20,2025,2,Thursday,0,0,1,Mabini-J. Rizal,Maytunas Creek,15.6,467.6,0.597,0.7,32215,16,75.0,140.8,224.4,29.3,72.8,22.4,0.83,147.7,6.5,High
FLD-006176,2021-02-16,2021,2,Tuesday,0,0,0,San Jose,Drainage,23.4,678.9,0.701,0.692,29150,12,7.8,132.0,267.9,32.3,66.5,26.2,1.25,73.7,11.4,Medium
FLD-006177,2023-06-02,2023,6,Friday,0,1,0,Addition Hills,Maytunas Creek,25.1,976.3,0.745,0.735,43362,8,3.0,70.4,178.8,31.7,69.6,2.0,1.05,3.9,6.7,Low
FLD-006178,2022-01-13,2022,1,Thursday,0,0,0,Vergara,Drainage,24.4,773.6,0.735,0.637,23467,10,36.4,82.1,163.6,32.0,69.1,17.6,1.04,68.8,3.7,Medium
FLD-006179,2023-10-17,2023,10,Tuesday,0,1,0,Addition Hills,Maytunas Creek,25.1,1017.1,0.668,0.77,50441,10,15.1,84.8,315.2,29.3,74.6,3.8,1.09,60.6,6.7,Medium
FLD-006180,2026-01-21,2026,1,Wednesday,0,0,0,Plainview,Estero,18.8,499.3,0.593,0.714,29993,16,4.1,97.1,127.6,31.3,69.8,8.6,0.88,3.3,4.1,Low
FLD-006181,2021-11-24,2021,11,Wednesday,0,1,1,Barangka Itaas,Pasig River,9.6,244.1,0.527,0.821,36108,16,24.1,157.4,197.9,27.4,68.2,13.4,1.79,145.5,9.8,High
FLD-006182,2021-11-23,2021,11,Tuesday,0,1,2,Wack-Wack Greenhills East,Drainage,28.6,1200.4,0.882,0.635,18724,6,50.5,165.8,252.4,30.9,78.3,23.3,1.08,127.1,7.7,Medium
FLD-006183,2022-10-06,2022,10,Thursday,0,1,1,Pag-Asa,Drainage,19.5,669.4,0.686,0.732,23884,11,193.1,223.5,272.6,24.9,96.3,25.1,1.37,329.8,15.5,High
FLD-006184,2022-07-18,2022,7,Monday,0,1,0,Harapin ang Bukas,Drainage,18.4,554.6,0.597,0.773,23134,13,25.3,78.6,186.3,28.1,71.5,15.6,1.6,154.9,3.0,Medium
FLD-006185,2025-12-16,2025,12,Tuesday,0,0,0,Highway Hills,Maytunas Creek,30.8,908.4,0.739,0.772,44481,7,8.8,56.9,92.3,32.0,62.5,9.1,1.46,0.0,4.3,Low
FLD-006186,2023-06-04,2023,6,Sunday,1,1,0,Poblacion,Buhangin Creek,6.2,124.1,0.481,0.861,40558,23,1.4,68.2,306.1,32.1,83.5,2.7,0.75,95.6,7.6,High
FLD-006187,2021-09-13,2021,9,Monday,0,1,0,Vergara,Drainage,23.6,820.1,0.726,0.666,23815,3,2.3,12.8,208.5,30.8,78.7,15.2,1.49,50.3,2.6,Medium
FLD-006188,2024-04-18,2024,4,Thursday,0,0,3,Namayan,Pasig River,6.7,179.1,0.525,0.834,32785,18,160.6,288.5,338.6,29.8,85.2,31.1,0.92,347.5,19.3,High
FLD-006189,2021-01-15,2021,1,Friday,0,0,0,Harapin ang Bukas,Drainage,17.5,562.4,0.672,0.708,23568,16,75.9,94.8,220.2,29.7,77.1,2.9,0.61,274.8,8.7,Medium
FLD-006190,2021-05-22,2021,5,Saturday,1,1,0,Malamig,Tributary,19.9,537.7,0.637,0.727,28605,12,3.0,40.3,120.3,30.0,72.2,11.5,1.5,4.7,4.2,Low
FLD-006191,2024-07-22,2024,7,Monday,0,1,1,Malamig,Tributary,19.8,614.5,0.627,0.729,33071,9,21.3,111.4,117.9,29.9,90.6,12.7,1.12,124.5,10.4,Medium
FLD-006192,2025-04-22,2025,4,Tuesday,0,0,0,Old Zañiga,Buhangin Creek,6.8,155.1,0.476,0.806,36165,19,77.5,109.9,124.6,30.4,69.1,7.7,1.11,227.2,9.7,High
FLD-006193,2021-01-24,2021,1,Sunday,1,0,0,Harapin ang Bukas,Drainage,16.6,518.7,0.552,0.755,23613,14,2.8,46.7,108.0,31.8,65.3,6.4,1.3,3.3,4.2,Low
FLD-006194,2023-10-04,2023,10,Wednesday,0,1,3,Barangka Ibaba,Pasig River,6.6,84.4,0.469,0.855,42789,19,101.2,110.4,264.2,26.6,89.3,26.4,0.99,338.1,15.8,High
